#-----------------------------------------------------------
# Vivado v2025.2 (64-bit)
# SW Build 6299465 on Fri Nov 14 19:35:11 GMT 2025
# IP Build 6300035 on Fri Nov 14 10:48:45 MST 2025
# SharedData Build 6298862 on Thu Nov 13 04:50:51 MST 2025
# Start of session at: Wed Sep  2 15:09:38 2026
# Process ID         : 23768
# Current directory  : C:/Users/aysha/Desktop/project/CRYSTALS-Kyber/Crystals-kyber_CLIENT-DFIFO6-BRAM
# Command line       : vivado.exe -mode batch -source C:\Users\aysha\Desktop\project\CRYSTALS-Kyber\Crystals-kyber_CLIENT-DFIFO6-BRAM\client_timing_only_variants_resume.tcl -nojournal -log C:\Users\aysha\Desktop\project\CRYSTALS-Kyber\Crystals-kyber_CLIENT-DFIFO6-BRAM\client_timing_only_variants_resume.log
# Log file           : C:/Users/aysha/Desktop/project/CRYSTALS-Kyber/Crystals-kyber_CLIENT-DFIFO6-BRAM/client_timing_only_variants_resume.log
# Journal file       : 
# Running On         : Aysha
# Platform           : Windows Server 2016 or Windows 10
# Operating System   : 26200
# Processor Detail   : Intel(R) Core(TM) Ultra 5 225H
# CPU Frequency      : 3686 MHz
# CPU Physical cores : 14
# CPU Logical cores  : 14
# Host memory        : 16574 MB
# Swap memory        : 28742 MB
# Total Virtual      : 45317 MB
# Available Virtual  : 3999 MB
#-----------------------------------------------------------
source {C:\Users\aysha\Desktop\project\CRYSTALS-Kyber\Crystals-kyber_CLIENT-DFIFO6-BRAM\client_timing_only_variants_resume.tcl}
# set base_dir {C:/Users/aysha/Desktop/project/CRYSTALS-Kyber/Crystals-kyber_CLIENT-DFIFO6-BRAM}
# set synth_dcp "$base_dir/client_dfifo6_bram_impl/Kyber_Client_dfifo6_bram_synth.dcp"
# set out_root "$base_dir/client_dfifo6_bram_timing_variants"
# file mkdir $out_root
# set variants {
#     {v4_alt_place Explore ExtraNetDelay_high AggressiveExplore MoreGlobalIterations AggressiveExplore}
#     {v5_wlblock Explore WLDrivenBlockPlacement AggressiveExplore Explore AggressiveExplore}
#     {v6_extra_post_place Explore ExtraPostPlacementOpt AggressiveExplore Explore AggressiveExplore}
# }
# proc write_reports {out_dir name} {
#     report_utilization -file "$out_dir/${name}_util.rpt"
#     report_utilization -hierarchical -file "$out_dir/${name}_util_hier.rpt"
#     report_timing_summary -file "$out_dir/${name}_timing.rpt"
#     report_timing -max_paths 10 -file "$out_dir/${name}_top10_timing.rpt"
#     write_checkpoint -force "$out_dir/${name}_impl.dcp"
# }
# proc metric_or_na {value} {
#     if {$value eq ""} {
#         return "NA"
#     }
#     return $value
# }
# set found_clean 0
# foreach variant $variants {
#     lassign $variant name opt_dir place_dir phys_dir route_dir post_phys_dir
#     set out_dir "$out_root/$name"
#     file mkdir $out_dir
# 
#     puts "VARIANT_START $name opt=$opt_dir place=$place_dir phys=$phys_dir route=$route_dir post_phys=$post_phys_dir"
#     open_checkpoint $synth_dcp
# 
#     foreach c [get_clocks] {
#         puts "VARIANT_CLOCK $name $c PERIOD=[get_property PERIOD $c] FREQ_MHZ=[expr {1000.0 / [get_property PERIOD $c]}]"
#     }
# 
#     opt_design -directive $opt_dir
#     place_design -directive $place_dir
#     phys_opt_design -directive $phys_dir
#     route_design -directive $route_dir
#     phys_opt_design -directive $post_phys_dir
# 
#     write_reports $out_dir $name
# 
#     set setup_paths [get_timing_paths -setup -slack_lesser_than 0.000 -max_paths 1000]
#     set hold_paths [get_timing_paths -hold -slack_lesser_than 0.000 -max_paths 1000]
#     set worst_setup [get_timing_paths -setup -max_paths 1]
#     set worst_hold [get_timing_paths -hold -max_paths 1]
#     set wns [metric_or_na [get_property SLACK $worst_setup]]
#     set whs [metric_or_na [get_property SLACK $worst_hold]]
#     set tns 0.0
#     foreach p $setup_paths {
#         set tns [expr {$tns + [get_property SLACK $p]}]
#     }
# 
#     puts "VARIANT_RESULT $name WNS=$wns TNS=$tns SETUP_FAILS=[llength $setup_paths] WHS=$whs HOLD_FAILS=[llength $hold_paths] DCP=$out_dir/${name}_impl.dcp"
# 
#     if {[llength $setup_paths] == 0 && [llength $hold_paths] == 0 && $wns ne "NA" && $wns >= 0.0 && $whs ne "NA" && $whs >= 0.0} {
#         puts "VARIANT_CLEAN $name DCP=$out_dir/${name}_impl.dcp"
#         set found_clean 1
#         close_design
#         break
#     }
# 
#     close_design
# }
VARIANT_START v4_alt_place opt=Explore place=ExtraNetDelay_high phys=AggressiveExplore route=MoreGlobalIterations post_phys=AggressiveExplore
Command: open_checkpoint C:/Users/aysha/Desktop/project/CRYSTALS-Kyber/Crystals-kyber_CLIENT-DFIFO6-BRAM/client_dfifo6_bram_impl/Kyber_Client_dfifo6_bram_synth.dcp

Starting open_checkpoint Task

Time (s): cpu = 00:00:00 ; elapsed = 00:00:00.036 . Memory (MB): peak = 314.043 ; gain = 1.250
INFO: [Device 21-403] Loading part xc7a12tcpg238-1
Netlist sorting complete. Time (s): cpu = 00:00:00 ; elapsed = 00:00:00.079 . Memory (MB): peak = 732.352 ; gain = 0.000
INFO: [Netlist 29-17] Analyzing 282 Unisim elements for replacement
INFO: [Netlist 29-28] Unisim Transformation completed in 0 CPU seconds
INFO: [Project 1-479] Netlist was created with Vivado 2025.2
INFO: [Project 1-570] Preparing netlist for logic optimization
Read ShapeDB Complete: Time (s): cpu = 00:00:00 ; elapsed = 00:00:00.020 . Memory (MB): peak = 843.055 ; gain = 1.195
INFO: [Timing 38-478] Restoring timing data from binary archive.
INFO: [Timing 38-479] Binary timing data restore complete.
INFO: [Project 1-856] Restoring constraints from binary archive.
INFO: [Project 1-853] Binary constraint restore complete.
Netlist sorting complete. Time (s): cpu = 00:00:00 ; elapsed = 00:00:00.004 . Memory (MB): peak = 1360.641 ; gain = 0.000
INFO: [Project 1-111] Unisim Transformation Summary:
No Unisim elements were transformed.

INFO: [Project 1-604] Checkpoint was created with Vivado v2025.2 (64-bit) build 6299465
open_checkpoint: Time (s): cpu = 00:00:15 ; elapsed = 00:00:17 . Memory (MB): peak = 1360.641 ; gain = 1055.438
INFO: [Timing 38-35] Done setting XDC timing constraints.
VARIANT_CLOCK v4_alt_place clk PERIOD=5.952 FREQ_MHZ=168.01075268817203
Command: opt_design -directive Explore
INFO: [Vivado_Tcl 4-136] Directive used for opt_design is: Explore
Attempting to get a license for feature 'Implementation' and/or device 'xc7a12t'
INFO: [Common 17-349] Got license for feature 'Implementation' and/or device 'xc7a12t'
Running DRC as a precondition to command opt_design

Starting DRC Task
INFO: [DRC 23-27] Running DRC with 2 threads
INFO: [Project 1-461] DRC finished with 0 Errors
INFO: [Project 1-462] Please refer to the DRC report (report_drc) for more information.

Time (s): cpu = 00:00:00 ; elapsed = 00:00:00.373 . Memory (MB): peak = 1417.004 ; gain = 24.246

Starting Logic Optimization Task

Phase 1 Initialization

Phase 1.1 Core Generation And Design Setup
Phase 1.1 Core Generation And Design Setup | Checksum: 2a5ecde1a

Time (s): cpu = 00:00:00 ; elapsed = 00:00:00.016 . Memory (MB): peak = 1858.316 ; gain = 0.000

Phase 1.2 Setup Constraints And Sort Netlist
Phase 1.2 Setup Constraints And Sort Netlist | Checksum: 2a5ecde1a

Time (s): cpu = 00:00:00 ; elapsed = 00:00:00.023 . Memory (MB): peak = 1858.316 ; gain = 0.000
Phase 1 Initialization | Checksum: 2a5ecde1a

Time (s): cpu = 00:00:00 ; elapsed = 00:00:00.025 . Memory (MB): peak = 1858.316 ; gain = 0.000

Phase 2 Timer Update And Timing Data Collection

Phase 2.1 Detect if minReqCache needed
Phase 2.1 Detect if minReqCache needed | Checksum: 2a5ecde1a

Time (s): cpu = 00:00:00 ; elapsed = 00:00:00.044 . Memory (MB): peak = 1858.316 ; gain = 0.000

Phase 2.2 Timer Update
Phase 2.2 Timer Update | Checksum: 2a5ecde1a

Time (s): cpu = 00:00:00 ; elapsed = 00:00:00.166 . Memory (MB): peak = 1858.316 ; gain = 0.000

Phase 2.3 Timing Data Collection
Phase 2.3 Timing Data Collection | Checksum: 2a5ecde1a

Time (s): cpu = 00:00:00 ; elapsed = 00:00:00.174 . Memory (MB): peak = 1858.316 ; gain = 0.000
Phase 2 Timer Update And Timing Data Collection | Checksum: 2a5ecde1a

Time (s): cpu = 00:00:00 ; elapsed = 00:00:00.176 . Memory (MB): peak = 1858.316 ; gain = 0.000

Phase 3 Retarget
INFO: [Opt 31-1851] Number of loadless carry chains removed were: 0
INFO: [Opt 31-1834] Total Chains To Be Transformed Were: 0 AND Number of Transformed insts Created are: 0
INFO: [Opt 31-138] Pushed 0 inverter(s) to 0 load pin(s).
INFO: [Opt 31-49] Retargeted 0 cell(s).
Phase 3 Retarget | Checksum: 272086e66

Time (s): cpu = 00:00:00 ; elapsed = 00:00:00.368 . Memory (MB): peak = 1858.316 ; gain = 0.000
Retarget | Checksum: 272086e66
INFO: [Opt 31-389] Phase Retarget created 2 cells and removed 13 cells
INFO: [Opt 31-1021] In phase Retarget, 14 netlist objects are constrained preventing optimization. Please run opt_design with -debug_log to get more detail. 

Phase 4 Constant propagation
INFO: [Opt 31-138] Pushed 0 inverter(s) to 0 load pin(s).
Phase 4 Constant propagation | Checksum: 202d41c09

Time (s): cpu = 00:00:00 ; elapsed = 00:00:00.427 . Memory (MB): peak = 1858.316 ; gain = 0.000
Constant propagation | Checksum: 202d41c09
INFO: [Opt 31-389] Phase Constant propagation created 0 cells and removed 9 cells
INFO: [Opt 31-1021] In phase Constant propagation, 14 netlist objects are constrained preventing optimization. Please run opt_design with -debug_log to get more detail. 

Phase 5 Sweep
INFO: [Constraints 18-11670] Building netlist checker database with flags, 0x8
Done building netlist checker database: Time (s): cpu = 00:00:00 ; elapsed = 00:00:00.005 . Memory (MB): peak = 1858.316 ; gain = 0.000
INFO: [Constraints 18-11670] Building netlist checker database with flags, 0x8
Done building netlist checker database: Time (s): cpu = 00:00:00 ; elapsed = 00:00:00.003 . Memory (MB): peak = 1858.316 ; gain = 0.000
Phase 5 Sweep | Checksum: 233069a6a

Time (s): cpu = 00:00:01 ; elapsed = 00:00:00.595 . Memory (MB): peak = 1858.316 ; gain = 0.000
Sweep | Checksum: 233069a6a
INFO: [Opt 31-389] Phase Sweep created 0 cells and removed 7 cells
INFO: [Opt 31-1021] In phase Sweep, 70 netlist objects are constrained preventing optimization. Please run opt_design with -debug_log to get more detail. 

Phase 6 BUFG optimization
Phase 6 BUFG optimization | Checksum: 233069a6a

Time (s): cpu = 00:00:01 ; elapsed = 00:00:00.654 . Memory (MB): peak = 1858.316 ; gain = 0.000
BUFG optimization | Checksum: 233069a6a
INFO: [Opt 31-662] Phase BUFG optimization created 0 cells of which 0 are BUFGs and removed 0 cells.

Phase 7 Shift Register Optimization
INFO: [Opt 31-1064] SRL Remap converted 0 SRLs to 0 registers and converted 0 registers of register chains to 0 SRLs
Phase 7 Shift Register Optimization | Checksum: 233069a6a

Time (s): cpu = 00:00:01 ; elapsed = 00:00:00.675 . Memory (MB): peak = 1858.316 ; gain = 0.000
Shift Register Optimization | Checksum: 233069a6a
INFO: [Opt 31-389] Phase Shift Register Optimization created 0 cells and removed 0 cells
INFO: [Opt 31-1555] control_set_opt supports Versal devices only, and device 7a12t is unsupported

Phase 8 Post Processing Netlist
Phase 8 Post Processing Netlist | Checksum: 233069a6a

Time (s): cpu = 00:00:01 ; elapsed = 00:00:00.697 . Memory (MB): peak = 1858.316 ; gain = 0.000
Post Processing Netlist | Checksum: 233069a6a
INFO: [Opt 31-389] Phase Post Processing Netlist created 0 cells and removed 0 cells
INFO: [Opt 31-1021] In phase Post Processing Netlist, 19 netlist objects are constrained preventing optimization. Please run opt_design with -debug_log to get more detail. 

Phase 9 Finalization

Phase 9.1 Finalizing Design Cores and Updating Shapes
Phase 9.1 Finalizing Design Cores and Updating Shapes | Checksum: 1b656530b

Time (s): cpu = 00:00:01 ; elapsed = 00:00:00.769 . Memory (MB): peak = 1858.316 ; gain = 0.000

Phase 9.2 Verifying Netlist Connectivity

Starting Connectivity Check Task

Time (s): cpu = 00:00:00 ; elapsed = 00:00:00.019 . Memory (MB): peak = 1858.316 ; gain = 0.000
Phase 9.2 Verifying Netlist Connectivity | Checksum: 1b656530b

Time (s): cpu = 00:00:01 ; elapsed = 00:00:00.791 . Memory (MB): peak = 1858.316 ; gain = 0.000
Phase 9 Finalization | Checksum: 1b656530b

Time (s): cpu = 00:00:01 ; elapsed = 00:00:00.792 . Memory (MB): peak = 1858.316 ; gain = 0.000
Opt_design Change Summary
=========================


-------------------------------------------------------------------------------------------------------------------------
|  Phase                        |  #Cells created  |  #Cells Removed  |  #Constrained objects preventing optimizations  |
-------------------------------------------------------------------------------------------------------------------------
|  Retarget                     |               2  |              13  |                                             14  |
|  Constant propagation         |               0  |               9  |                                             14  |
|  Sweep                        |               0  |               7  |                                             70  |
|  BUFG optimization            |               0  |               0  |                                              0  |
|  Shift Register Optimization  |               0  |               0  |                                              0  |
|  Post Processing Netlist      |               0  |               0  |                                             19  |
-------------------------------------------------------------------------------------------------------------------------


Ending Logic Optimization Task | Checksum: 1b656530b

Time (s): cpu = 00:00:01 ; elapsed = 00:00:00.796 . Memory (MB): peak = 1858.316 ; gain = 0.000
Netlist sorting complete. Time (s): cpu = 00:00:00 ; elapsed = 00:00:00.003 . Memory (MB): peak = 1858.316 ; gain = 0.000
INFO: [Common 17-83] Releasing license: Implementation
37 Infos, 0 Warnings, 0 Critical Warnings and 0 Errors encountered.
opt_design completed successfully
Command: place_design -directive ExtraNetDelay_high
Attempting to get a license for feature 'Implementation' and/or device 'xc7a12t'
INFO: [Common 17-349] Got license for feature 'Implementation' and/or device 'xc7a12t'
INFO: [Common 17-83] Releasing license: Implementation
INFO: [DRC 23-27] Running DRC with 2 threads
INFO: [Vivado_Tcl 4-198] DRC finished with 0 Errors
INFO: [Vivado_Tcl 4-199] Please refer to the DRC report (report_drc) for more information.
INFO: [Timing 38-35] Done setting XDC timing constraints.
INFO: [Vivado_Tcl 4-2302] The placer was invoked with the 'ExtraNetDelay_high' directive.
Running DRC as a precondition to command place_design
INFO: [DRC 23-27] Running DRC with 2 threads
INFO: [Vivado_Tcl 4-198] DRC finished with 0 Errors
INFO: [Vivado_Tcl 4-199] Please refer to the DRC report (report_drc) for more information.
INFO: [Place 30-611] Multithreading enabled for place_design using a maximum of 2 CPUs

Starting Placer Task

Phase 1 Placer Initialization

Phase 1.1 Placer Initialization Netlist Sorting
Netlist sorting complete. Time (s): cpu = 00:00:00 ; elapsed = 00:00:00.004 . Memory (MB): peak = 1858.316 ; gain = 0.000
Phase 1.1 Placer Initialization Netlist Sorting | Checksum: 19d5882c2

Time (s): cpu = 00:00:00 ; elapsed = 00:00:00.011 . Memory (MB): peak = 1858.316 ; gain = 0.000
Netlist sorting complete. Time (s): cpu = 00:00:00 ; elapsed = 00:00:00.002 . Memory (MB): peak = 1858.316 ; gain = 0.000

Phase 1.2 IO Placement/ Clock Placement/ Build Placer Device
Phase 1.2 IO Placement/ Clock Placement/ Build Placer Device | Checksum: 16b55f441

Time (s): cpu = 00:00:00 ; elapsed = 00:00:00.815 . Memory (MB): peak = 1858.316 ; gain = 0.000

Phase 1.3 Build Placer Netlist Model
Phase 1.3 Build Placer Netlist Model | Checksum: 16f944376

Time (s): cpu = 00:00:03 ; elapsed = 00:00:02 . Memory (MB): peak = 1858.316 ; gain = 0.000

Phase 1.4 Constrain Clocks/Macros
Phase 1.4 Constrain Clocks/Macros | Checksum: 16f944376

Time (s): cpu = 00:00:03 ; elapsed = 00:00:02 . Memory (MB): peak = 1858.316 ; gain = 0.000
Phase 1 Placer Initialization | Checksum: 16f944376

Time (s): cpu = 00:00:03 ; elapsed = 00:00:02 . Memory (MB): peak = 1858.316 ; gain = 0.000

Phase 2 Global Placement

Phase 2.1 Floorplanning
Phase 2.1 Floorplanning | Checksum: 1f6c33c8e

Time (s): cpu = 00:00:04 ; elapsed = 00:00:03 . Memory (MB): peak = 1858.316 ; gain = 0.000

Phase 2.2 Update Timing before SLR Path Opt
Phase 2.2 Update Timing before SLR Path Opt | Checksum: 1ed614cb7

Time (s): cpu = 00:00:05 ; elapsed = 00:00:04 . Memory (MB): peak = 1858.316 ; gain = 0.000

Phase 2.3 Post-Processing in Floorplanning
Phase 2.3 Post-Processing in Floorplanning | Checksum: 1ed614cb7

Time (s): cpu = 00:00:05 ; elapsed = 00:00:04 . Memory (MB): peak = 1858.316 ; gain = 0.000

Phase 2.4 Global Place Phase1
Phase 2.4 Global Place Phase1 | Checksum: 1f55a328a

Time (s): cpu = 00:00:13 ; elapsed = 00:00:09 . Memory (MB): peak = 1858.316 ; gain = 0.000

Phase 2.5 Global Place Phase2

Phase 2.5.1 UpdateTiming Before Physical Synthesis
Phase 2.5.1 UpdateTiming Before Physical Synthesis | Checksum: 20becf012

Time (s): cpu = 00:00:14 ; elapsed = 00:00:10 . Memory (MB): peak = 1858.316 ; gain = 0.000

Phase 2.5.2 Physical Synthesis In Placer
INFO: [Physopt 32-1035] Found 28 LUTNM shape to break, 86 LUT instances to create LUTNM shape
INFO: [Physopt 32-1044] Break lutnm for timing: one critical 15, two critical 13, total 28, new lutff created 2
INFO: [Physopt 32-1138] End 1 Pass. Optimized 64 nets or LUTs. Breaked 28 LUTs, combined 36 existing LUTs and moved 0 existing LUT
INFO: [Physopt 32-65] No nets found for high-fanout optimization.
INFO: [Physopt 32-232] Optimized 0 net. Created 0 new instance.
INFO: [Physopt 32-775] End 1 Pass. Optimized 0 net or cell. Created 0 new cell, deleted 0 existing cell and moved 0 existing cell
INFO: [Physopt 32-456] No candidate cells for DSP register optimization found in the design.
INFO: [Physopt 32-775] End 2 Pass. Optimized 0 net or cell. Created 0 new cell, deleted 0 existing cell and moved 0 existing cell
INFO: [Physopt 32-1123] No candidate cells found for Shift Register to Pipeline optimization
INFO: [Physopt 32-775] End 2 Pass. Optimized 0 net or cell. Created 0 new cell, deleted 0 existing cell and moved 0 existing cell
INFO: [Physopt 32-1402] Pass 1: Identified 5 candidate cells for Shift Register optimization.
INFO: [Physopt 32-775] End 1 Pass. Optimized 3 nets or cells. Created 4 new cells, deleted 0 existing cell and moved 0 existing cell
Netlist sorting complete. Time (s): cpu = 00:00:00 ; elapsed = 00:00:00.003 . Memory (MB): peak = 1858.316 ; gain = 0.000
INFO: [Physopt 32-526] No candidate cells for BRAM register optimization found in the design
INFO: [Physopt 32-775] End 1 Pass. Optimized 0 net or cell. Created 0 new cell, deleted 0 existing cell and moved 0 existing cell
INFO: [Physopt 32-846] No candidate cells for URAM register optimization found in the design
INFO: [Physopt 32-775] End 1 Pass. Optimized 0 net or cell. Created 0 new cell, deleted 0 existing cell and moved 0 existing cell
INFO: [Physopt 32-846] No candidate cells for URAM register optimization found in the design
INFO: [Physopt 32-775] End 1 Pass. Optimized 0 net or cell. Created 0 new cell, deleted 0 existing cell and moved 0 existing cell
INFO: [Physopt 32-949] No candidate nets found for dynamic/static region interface net replication
INFO: [Physopt 32-775] End 1 Pass. Optimized 0 net or cell. Created 0 new cell, deleted 0 existing cell and moved 0 existing cell
Netlist sorting complete. Time (s): cpu = 00:00:00 ; elapsed = 00:00:00.003 . Memory (MB): peak = 1858.316 ; gain = 0.000

Summary of Physical Synthesis Optimizations
============================================


-----------------------------------------------------------------------------------------------------------------------------------------------------------
|  Optimization                                     |  Added Cells  |  Removed Cells  |  Optimized Cells/Nets  |  Dont Touch  |  Iterations  |  Elapsed   |
-----------------------------------------------------------------------------------------------------------------------------------------------------------
|  LUT Combining                                    |           28  |             36  |                    64  |           0  |           1  |  00:00:00  |
|  Retime                                           |            0  |              0  |                     0  |           0  |           1  |  00:00:00  |
|  Very High Fanout                                 |            0  |              0  |                     0  |           0  |           1  |  00:00:00  |
|  DSP Register                                     |            0  |              0  |                     0  |           0  |           1  |  00:00:00  |
|  Shift Register to Pipeline                       |            0  |              0  |                     0  |           0  |           1  |  00:00:00  |
|  Shift Register                                   |            4  |              0  |                     3  |           0  |           1  |  00:00:00  |
|  BRAM Register                                    |            0  |              0  |                     0  |           0  |           1  |  00:00:00  |
|  URAM Register                                    |            0  |              0  |                     0  |           0  |           1  |  00:00:00  |
|  Dynamic/Static Region Interface Net Replication  |            0  |              0  |                     0  |           0  |           1  |  00:00:00  |
|  Total                                            |           32  |             36  |                    67  |           0  |           9  |  00:00:00  |
-----------------------------------------------------------------------------------------------------------------------------------------------------------


Phase 2.5.2 Physical Synthesis In Placer | Checksum: 2220ad95e

Time (s): cpu = 00:00:16 ; elapsed = 00:00:11 . Memory (MB): peak = 1858.316 ; gain = 0.000
Phase 2.5 Global Place Phase2 | Checksum: 1d14261d4

Time (s): cpu = 00:00:16 ; elapsed = 00:00:11 . Memory (MB): peak = 1858.316 ; gain = 0.000
Phase 2 Global Placement | Checksum: 1d14261d4

Time (s): cpu = 00:00:16 ; elapsed = 00:00:11 . Memory (MB): peak = 1858.316 ; gain = 0.000

Phase 3 Detail Placement

Phase 3.1 Commit Multi Column Macros
Phase 3.1 Commit Multi Column Macros | Checksum: 1c4235eab

Time (s): cpu = 00:00:17 ; elapsed = 00:00:12 . Memory (MB): peak = 1858.316 ; gain = 0.000

Phase 3.2 Commit Most Macros & LUTRAMs
Phase 3.2 Commit Most Macros & LUTRAMs | Checksum: 26f44c25a

Time (s): cpu = 00:00:19 ; elapsed = 00:00:13 . Memory (MB): peak = 1858.316 ; gain = 0.000

Phase 3.3 Area Swap Optimization
Phase 3.3 Area Swap Optimization | Checksum: 2168f5e94

Time (s): cpu = 00:00:19 ; elapsed = 00:00:13 . Memory (MB): peak = 1858.316 ; gain = 0.000

Phase 3.4 Pipeline Register Optimization
Phase 3.4 Pipeline Register Optimization | Checksum: 22081ac67

Time (s): cpu = 00:00:19 ; elapsed = 00:00:13 . Memory (MB): peak = 1858.316 ; gain = 0.000

Phase 3.5 Fast Optimization
Phase 3.5 Fast Optimization | Checksum: 26c19798b

Time (s): cpu = 00:00:22 ; elapsed = 00:00:15 . Memory (MB): peak = 1858.316 ; gain = 0.000

Phase 3.6 Small Shape Detail Placement
Phase 3.6 Small Shape Detail Placement | Checksum: 292688330

Time (s): cpu = 00:00:26 ; elapsed = 00:00:19 . Memory (MB): peak = 1858.316 ; gain = 0.000

Phase 3.7 Re-assign LUT pins
Phase 3.7 Re-assign LUT pins | Checksum: 2868457d8

Time (s): cpu = 00:00:27 ; elapsed = 00:00:20 . Memory (MB): peak = 1858.316 ; gain = 0.000

Phase 3.8 Pipeline Register Optimization
Phase 3.8 Pipeline Register Optimization | Checksum: 2523d0e39

Time (s): cpu = 00:00:27 ; elapsed = 00:00:20 . Memory (MB): peak = 1858.316 ; gain = 0.000

Phase 3.9 Fast Optimization
Phase 3.9 Fast Optimization | Checksum: 18053bf87

Time (s): cpu = 00:00:32 ; elapsed = 00:00:24 . Memory (MB): peak = 1858.316 ; gain = 0.000
Phase 3 Detail Placement | Checksum: 18053bf87

Time (s): cpu = 00:00:32 ; elapsed = 00:00:24 . Memory (MB): peak = 1858.316 ; gain = 0.000

Phase 4 Post Placement Optimization and Clean-Up

Phase 4.1 Post Commit Optimization
INFO: [Place 46-20] Placer is running with the ExtraNetDelay_high directive. Post Placement Optimization may take longer to complete with ExtraNetDelay_high compared to other directives.
INFO: [Timing 38-35] Done setting XDC timing constraints.

Phase 4.1.1 Post Placement Optimization
Post Placement Optimization Initialization | Checksum: 204ea5ca1

Phase 4.1.1.1 BUFG Insertion

Starting Physical Synthesis Task

Phase 1 Physical Synthesis Initialization
INFO: [Physopt 32-721] Multithreading enabled for phys_opt_design using a maximum of 2 CPUs
INFO: [Physopt 32-619] Estimated Timing Summary | WNS=-0.944 | TNS=-20.980 |
Phase 1 Physical Synthesis Initialization | Checksum: 23afb4637

Time (s): cpu = 00:00:00 ; elapsed = 00:00:00.095 . Memory (MB): peak = 1858.316 ; gain = 0.000
INFO: [Place 46-56] BUFG insertion identified 0 candidate nets. Inserted BUFG: 0, Replicated BUFG Driver: 0, Skipped due to Placement/Routing Conflicts: 0, Skipped due to Timing Degradation: 0, Skipped due to netlist editing failed: 0.
Ending Physical Synthesis Task | Checksum: 1f507f4c5

Time (s): cpu = 00:00:00 ; elapsed = 00:00:00.141 . Memory (MB): peak = 1858.316 ; gain = 0.000
Phase 4.1.1.1 BUFG Insertion | Checksum: 204ea5ca1

Time (s): cpu = 00:00:35 ; elapsed = 00:00:26 . Memory (MB): peak = 1858.316 ; gain = 0.000

Phase 4.1.1.2 Post Placement Timing Optimization
INFO: [Place 30-746] Post Placement Timing Summary WNS=-0.515. For the most accurate timing information please run report_timing.
Phase 4.1.1.2 Post Placement Timing Optimization | Checksum: 1da26b8f2

Time (s): cpu = 00:12:28 ; elapsed = 00:21:29 . Memory (MB): peak = 1858.316 ; gain = 0.000

Time (s): cpu = 00:12:28 ; elapsed = 00:21:29 . Memory (MB): peak = 1858.316 ; gain = 0.000
Phase 4.1 Post Commit Optimization | Checksum: 1da26b8f2

Time (s): cpu = 00:12:28 ; elapsed = 00:21:29 . Memory (MB): peak = 1858.316 ; gain = 0.000

Phase 4.2 Post Placement Cleanup
Phase 4.2 Post Placement Cleanup | Checksum: 1da26b8f2

Time (s): cpu = 00:12:28 ; elapsed = 00:21:29 . Memory (MB): peak = 1858.316 ; gain = 0.000

Phase 4.3 Placer Reporting

Phase 4.3.1 Print Estimated Congestion
INFO: [Place 30-612] Post-Placement Estimated Congestion 
 ____________________________________________________
|           | Global Congestion | Short Congestion  |
| Direction | Region Size       | Region Size       |
|___________|___________________|___________________|
|      North|                1x1|                2x2|
|___________|___________________|___________________|
|      South|                1x1|                1x1|
|___________|___________________|___________________|
|       East|                1x1|                2x2|
|___________|___________________|___________________|
|       West|                1x1|                1x1|
|___________|___________________|___________________|

Phase 4.3.1 Print Estimated Congestion | Checksum: 1da26b8f2

Time (s): cpu = 00:12:28 ; elapsed = 00:21:29 . Memory (MB): peak = 1858.316 ; gain = 0.000
Phase 4.3 Placer Reporting | Checksum: 1da26b8f2

Time (s): cpu = 00:12:28 ; elapsed = 00:21:29 . Memory (MB): peak = 1858.316 ; gain = 0.000

Phase 4.4 Final Placement Cleanup
Netlist sorting complete. Time (s): cpu = 00:00:00 ; elapsed = 00:00:00.020 . Memory (MB): peak = 1858.316 ; gain = 0.000

Time (s): cpu = 00:12:28 ; elapsed = 00:21:30 . Memory (MB): peak = 1858.316 ; gain = 0.000
Phase 4 Post Placement Optimization and Clean-Up | Checksum: 22c696476

Time (s): cpu = 00:12:28 ; elapsed = 00:21:30 . Memory (MB): peak = 1858.316 ; gain = 0.000
Ending Placer Task | Checksum: 19c973c61

Time (s): cpu = 00:12:28 ; elapsed = 00:21:30 . Memory (MB): peak = 1858.316 ; gain = 0.000
75 Infos, 0 Warnings, 0 Critical Warnings and 0 Errors encountered.
place_design completed successfully
place_design: Time (s): cpu = 00:12:30 ; elapsed = 00:21:31 . Memory (MB): peak = 1858.316 ; gain = 0.000
Command: phys_opt_design -directive AggressiveExplore
Attempting to get a license for feature 'Implementation' and/or device 'xc7a12t'
INFO: [Common 17-349] Got license for feature 'Implementation' and/or device 'xc7a12t'
INFO: [Vivado_Tcl 4-137] Directive used for phys_opt_design is: AggressiveExplore

Starting Initial Update Timing Task

Time (s): cpu = 00:00:03 ; elapsed = 00:00:02 . Memory (MB): peak = 1861.387 ; gain = 0.000
INFO: [Vivado_Tcl 4-1435] PhysOpt_Tcl_Interface Runtime Before Starting Physical Synthesis Task | CPU: 4.00s |  WALL: 2.24s
Netlist sorting complete. Time (s): cpu = 00:00:00 ; elapsed = 00:00:00.005 . Memory (MB): peak = 1861.387 ; gain = 0.000

Starting Physical Synthesis Task

Phase 1 Physical Synthesis Initialization
INFO: [Physopt 32-721] Multithreading enabled for phys_opt_design using a maximum of 2 CPUs
INFO: [Physopt 32-619] Estimated Timing Summary | WNS=-0.515 | TNS=-8.205 |
Phase 1 Physical Synthesis Initialization | Checksum: 26ebaefdc

Time (s): cpu = 00:00:01 ; elapsed = 00:00:01 . Memory (MB): peak = 1861.387 ; gain = 0.000

Phase 2 SLR Crossing Optimization
Phase 2 SLR Crossing Optimization | Checksum: 26ebaefdc

Time (s): cpu = 00:00:01 ; elapsed = 00:00:01 . Memory (MB): peak = 1861.387 ; gain = 0.000
INFO: [Physopt 32-619] Estimated Timing Summary | WNS=-0.515 | TNS=-8.205 |

Phase 3 Fanout Optimization
INFO: [Physopt 32-76] Pass 1. Identified 2 candidate nets for fanout optimization.
INFO: [Physopt 32-572] Net hash/samp0_q[2]_i_8_n_0 was not replicated.
Resolution: phys_opt_design can be forced to replicate a net driver using the option -force_replication_on_nets <list of net objects>.
INFO: [Physopt 32-81] Processed net ntt/ctrl_butt[2]. Replicated 1 times.
INFO: [Physopt 32-232] Optimized 1 net. Created 1 new instance.
INFO: [Physopt 32-775] End 1 Pass. Optimized 1 net or cell. Created 1 new cell, deleted 0 existing cell and moved 0 existing cell
INFO: [Physopt 32-619] Estimated Timing Summary | WNS=-0.515 | TNS=-8.093 |
Netlist sorting complete. Time (s): cpu = 00:00:00 ; elapsed = 00:00:00.026 . Memory (MB): peak = 1861.387 ; gain = 0.000
Phase 3 Fanout Optimization | Checksum: 17810fd41

Time (s): cpu = 00:00:02 ; elapsed = 00:00:02 . Memory (MB): peak = 1861.387 ; gain = 0.000

Phase 4 Single Cell Placement Optimization
INFO: [Physopt 32-660] Identified 100 candidate nets for placement-based optimization.
INFO: [Physopt 32-662] Processed net hash/ofifo0_req_r1_reg_18.  Did not re-place instance hash/in1_butt[9]_i_2
INFO: [Physopt 32-662] Processed net hash/samp2_q[2]_i_4_n_0.  Did not re-place instance hash/samp2_q[2]_i_4
INFO: [Physopt 32-662] Processed net hash/samp2_q[1]_i_4_n_0.  Did not re-place instance hash/samp2_q[1]_i_4
INFO: [Physopt 32-662] Processed net hash/samp2_q[2]_i_6_2.  Did not re-place instance hash/samp2_q[7]_i_1
INFO: [Physopt 32-662] Processed net ntt/samp2_q[7].  Did not re-place instance ntt/samp2_q_reg[7]
INFO: [Physopt 32-662] Processed net hash/samp2_q[2]_i_6_1.  Did not re-place instance hash/samp2_q[8]_i_1
INFO: [Physopt 32-662] Processed net ntt/samp2_q[8].  Did not re-place instance ntt/samp2_q_reg[8]
INFO: [Physopt 32-662] Processed net hash/ofifo0_req_r1_reg_1.  Did not re-place instance hash/in1_butt[4]_i_2
INFO: [Physopt 32-662] Processed net hash/samp0_q[2]_i_2_n_0.  Did not re-place instance hash/samp0_q[2]_i_2
INFO: [Physopt 32-662] Processed net hash/samp0_q[1]_i_4_n_0.  Did not re-place instance hash/samp0_q[1]_i_4
INFO: [Physopt 32-662] Processed net hash/samp0_q[2]_i_7_0.  Did not re-place instance hash/samp0_q[8]_i_1
INFO: [Physopt 32-662] Processed net ntt/samp0_q[8].  Did not re-place instance ntt/samp0_q_reg[8]
INFO: [Physopt 32-662] Processed net hash/D[0].  Did not re-place instance hash/samp0_q[0]_i_1
INFO: [Physopt 32-662] Processed net hash/D[2].  Did not re-place instance hash/samp0_q[2]_i_1
INFO: [Physopt 32-662] Processed net ntt/samp0_q[0].  Did not re-place instance ntt/samp0_q_reg[0]
INFO: [Physopt 32-662] Processed net ntt/samp0_q[2].  Did not re-place instance ntt/samp0_q_reg[2]
INFO: [Physopt 32-662] Processed net hash/samp0_q[2]_i_7_1.  Did not re-place instance hash/samp0_q[7]_i_1
INFO: [Physopt 32-662] Processed net ntt/samp0_q[7].  Did not re-place instance ntt/samp0_q_reg[7]
INFO: [Physopt 32-662] Processed net hash/p_1_in0.  Did not re-place instance hash/samp0_q[11]_i_1
INFO: [Physopt 32-662] Processed net ntt/samp0_q[11].  Did not re-place instance ntt/samp0_q_reg[11]
INFO: [Physopt 32-662] Processed net hash/samp1_q[2]_i_3_n_0.  Did not re-place instance hash/samp1_q[2]_i_3
INFO: [Physopt 32-662] Processed net hash/ofifo0_req_r1_reg_20.  Did not re-place instance hash/in1_butt[7]_i_2
INFO: [Physopt 32-662] Processed net hash/samp1_q[1]_i_4_n_0.  Did not re-place instance hash/samp1_q[1]_i_4
INFO: [Physopt 32-662] Processed net hash/samp1_q[2]_i_7_2.  Did not re-place instance hash/samp1_q[7]_i_1
INFO: [Physopt 32-662] Processed net ntt/samp1_q[7].  Did not re-place instance ntt/samp1_q_reg[7]
INFO: [Physopt 32-662] Processed net hash/samp1_q[2]_i_7_0[0].  Did not re-place instance hash/samp1_q[0]_i_1
INFO: [Physopt 32-662] Processed net ntt/samp1_q[0].  Did not re-place instance ntt/samp1_q_reg[0]
INFO: [Physopt 32-662] Processed net hash/samp1_q[2]_i_7_1.  Did not re-place instance hash/samp1_q[8]_i_1
INFO: [Physopt 32-662] Processed net ntt/samp1_q[8].  Did not re-place instance ntt/samp1_q_reg[8]
INFO: [Physopt 32-662] Processed net hash/samp1_q[2]_i_7_0[2].  Did not re-place instance hash/samp1_q[2]_i_1
INFO: [Physopt 32-662] Processed net ntt/samp1_q[2].  Did not re-place instance ntt/samp1_q_reg[2]
INFO: [Physopt 32-662] Processed net hash/samp1_q[2]_i_6_0.  Did not re-place instance hash/samp1_q[11]_i_1
INFO: [Physopt 32-662] Processed net ntt/samp1_q[11].  Did not re-place instance ntt/samp1_q_reg[11]
INFO: [Physopt 32-662] Processed net hash/samp2_q[2]_i_6_0[2].  Did not re-place instance hash/samp2_q[2]_i_1
INFO: [Physopt 32-662] Processed net ntt/samp2_q[2].  Did not re-place instance ntt/samp2_q_reg[2]
INFO: [Physopt 32-662] Processed net hash/samp1_q[2]_i_2_n_0.  Did not re-place instance hash/samp1_q[2]_i_2
INFO: [Physopt 32-662] Processed net hash/samp1_q[2]_i_7_n_0.  Did not re-place instance hash/samp1_q[2]_i_7
INFO: [Physopt 32-662] Processed net hash/samp2_q[2]_i_5_n_0.  Did not re-place instance hash/samp2_q[2]_i_5
INFO: [Physopt 32-662] Processed net hash/samp2_q[2]_i_6_0[0].  Did not re-place instance hash/samp2_q[0]_i_1
INFO: [Physopt 32-662] Processed net ntt/samp2_q[0].  Did not re-place instance ntt/samp2_q_reg[0]
INFO: [Physopt 32-662] Processed net hash/ofifo0_req_r1_reg_9.  Did not re-place instance hash/in1_butt[13]_i_2
INFO: [Physopt 32-662] Processed net hash/samp1_q[2]_i_6_n_0.  Did not re-place instance hash/samp1_q[2]_i_6
INFO: [Physopt 32-662] Processed net hash/samp2_q[2]_i_4_0.  Did not re-place instance hash/samp2_q[11]_i_1
INFO: [Physopt 32-662] Processed net ntt/samp2_q[11].  Did not re-place instance ntt/samp2_q_reg[11]
INFO: [Physopt 32-662] Processed net hash/samp3_q[2]_i_2_n_0.  Did not re-place instance hash/samp3_q[2]_i_2
INFO: [Physopt 32-662] Processed net hash/samp3_q[1]_i_2_n_0.  Did not re-place instance hash/samp3_q[1]_i_2
INFO: [Physopt 32-662] Processed net hash/ofifo0_req_r1_reg_8.  Did not re-place instance hash/in1_butt[19]_i_2
INFO: [Physopt 32-662] Processed net hash/samp3_q[2]_i_7_0[0].  Did not re-place instance hash/samp3_q[0]_i_1
INFO: [Physopt 32-662] Processed net ntt/samp3_q[0].  Did not re-place instance ntt/samp3_q_reg[0]
INFO: [Physopt 32-662] Processed net hash/samp3_q[2]_i_6_0.  Did not re-place instance hash/samp3_q[11]_i_1
INFO: [Physopt 32-662] Processed net ntt/samp3_q[11].  Did not re-place instance ntt/samp3_q_reg[11]
INFO: [Physopt 32-662] Processed net hash/ofifo0_req_r1_reg_0.  Did not re-place instance hash/in1_butt[5]_i_2
INFO: [Physopt 32-662] Processed net hash/ofifo0_req_r1_reg_3.  Did not re-place instance hash/in1_butt[3]_i_2
INFO: [Physopt 32-662] Processed net hash/samp0_q[1]_i_5_n_0.  Did not re-place instance hash/samp0_q[1]_i_5
INFO: [Physopt 32-662] Processed net hash/samp0_q[2]_i_7_n_0.  Did not re-place instance hash/samp0_q[2]_i_7
INFO: [Physopt 32-662] Processed net hash/ofifo0_req_r1_reg_2.  Did not re-place instance hash/in1_butt[1]_i_2
INFO: [Physopt 32-662] Processed net hash/samp3_q[2]_i_6_n_0.  Did not re-place instance hash/samp3_q[2]_i_6
INFO: [Physopt 32-662] Processed net hash/ofifo0_req_r1_reg_10.  Did not re-place instance hash/in1_butt[15]_i_2
INFO: [Physopt 32-662] Processed net hash/samp3_q[1]_i_6_n_0.  Did not re-place instance hash/samp3_q[1]_i_6
INFO: [Physopt 32-662] Processed net hash/samp3_q[2]_i_7_2.  Did not re-place instance hash/samp3_q[7]_i_1
INFO: [Physopt 32-662] Processed net ntt/samp3_q[7].  Did not re-place instance ntt/samp3_q_reg[7]
INFO: [Physopt 32-662] Processed net hash/samp3_q[2]_i_3_n_0.  Did not re-place instance hash/samp3_q[2]_i_3
INFO: [Physopt 32-662] Processed net hash/samp3_q[2]_i_7_1.  Did not re-place instance hash/samp3_q[8]_i_1
INFO: [Physopt 32-662] Processed net ntt/samp3_q[8].  Did not re-place instance ntt/samp3_q_reg[8]
INFO: [Physopt 32-662] Processed net hash/ofifo0_req_r1_reg_6.  Did not re-place instance hash/in1_butt[12]_i_2
INFO: [Physopt 32-662] Processed net hash/samp3_q[1]_i_3_n_0.  Did not re-place instance hash/samp3_q[1]_i_3
INFO: [Physopt 32-662] Processed net hash/samp3_q[2]_i_7_0[2].  Did not re-place instance hash/samp3_q[2]_i_1
INFO: [Physopt 32-662] Processed net ntt/samp3_q[2].  Did not re-place instance ntt/samp3_q_reg[2]
INFO: [Physopt 32-662] Processed net hash/samp0_q[2]_i_6_n_0.  Did not re-place instance hash/samp0_q[2]_i_6
INFO: [Physopt 32-662] Processed net hash/samp3_q[2]_i_5_n_0.  Did not re-place instance hash/samp3_q[2]_i_5
INFO: [Physopt 32-662] Processed net hash/ofifo0_req_r1_reg_16.  Did not re-place instance hash/in1_butt[11]_i_2
INFO: [Physopt 32-662] Processed net hash/ofifo0_req_r1_reg_11.  Did not re-place instance hash/in1_butt[22]_i_2
INFO: [Physopt 32-662] Processed net hash/samp0_q[2]_i_8_n_0.  Did not re-place instance hash/samp0_q[2]_i_8
INFO: [Physopt 32-662] Processed net hash/samp1_q[1]_i_2_n_0.  Did not re-place instance hash/samp1_q[1]_i_2
INFO: [Physopt 32-662] Processed net hash/samp1_q[2]_i_5_n_0.  Did not re-place instance hash/samp1_q[2]_i_5
INFO: [Physopt 32-662] Processed net hash/ofifo0_req_r1_reg_21.  Did not re-place instance hash/in1_butt[6]_i_2
INFO: [Physopt 32-662] Processed net hash/samp1_q[1]_i_5_n_0.  Did not re-place instance hash/samp1_q[1]_i_5
INFO: [Physopt 32-662] Processed net hash/ofifo0_req_r1_reg_15.  Did not re-place instance hash/in1_butt[8]_i_2
INFO: [Physopt 32-662] Processed net hash/samp0_q[1]_i_6_n_0.  Did not re-place instance hash/samp0_q[1]_i_6
INFO: [Physopt 32-662] Processed net hash/ofifo0_req_r1_reg_14.  Did not re-place instance hash/in1_butt[10]_i_2
INFO: [Physopt 32-662] Processed net hash/samp0_q[2]_i_3_n_0.  Did not re-place instance hash/samp0_q[2]_i_3
INFO: [Physopt 32-662] Processed net hash/samp3_q[2]_i_7_n_0.  Did not re-place instance hash/samp3_q[2]_i_7
INFO: [Physopt 32-662] Processed net hash/samp1_q[1]_i_3_n_0.  Did not re-place instance hash/samp1_q[1]_i_3
INFO: [Physopt 32-663] Processed net hash/samp2_q[2]_i_3_n_0.  Re-placed instance hash/samp2_q[2]_i_3
INFO: [Physopt 32-662] Processed net ntt/ctrl_butt[2]_repN.  Did not re-place instance ntt/ctrl_butt_reg[2]_replica
INFO: [Physopt 32-662] Processed net ntt/BU/sum_in1__0_carry__1_i_7_n_0.  Did not re-place instance ntt/BU/sum_in1__0_carry__1_i_7
INFO: [Physopt 32-663] Processed net ntt/BU/sum_in1__0_carry__1_i_9_n_0.  Re-placed instance ntt/BU/sum_in1__0_carry__1_i_9
INFO: [Physopt 32-662] Processed net ntt/BU/sum_in1_q_carry_i_1_n_0.  Did not re-place instance ntt/BU/sum_in1_q_carry_i_1
INFO: [Physopt 32-662] Processed net ntt/BU/sum_in1_reg[9]_i_1_n_0.  Did not re-place instance ntt/BU/sum_in1_reg[9]_i_1
INFO: [Physopt 32-662] Processed net ntt/BU/sum_in1_reg[9].  Did not re-place instance ntt/BU/sum_in1_reg_reg[9]
INFO: [Physopt 32-662] Processed net hash/samp0_q[2]_i_5_n_0.  Did not re-place instance hash/samp0_q[2]_i_5
INFO: [Physopt 32-662] Processed net ntt/BU/sum_in1__0_carry_i_1_n_0.  Did not re-place instance ntt/BU/sum_in1__0_carry_i_1
INFO: [Physopt 32-662] Processed net ntt/BU/sum_in1__0_carry_i_5_n_0.  Did not re-place instance ntt/BU/sum_in1__0_carry_i_5
INFO: [Physopt 32-662] Processed net hash/ofifo0_req_r1_reg_4.  Did not re-place instance hash/in1_butt[14]_i_2
INFO: [Physopt 32-662] Processed net ntt/BU/sum_in1_q_carry_i_2_n_0.  Did not re-place instance ntt/BU/sum_in1_q_carry_i_2
INFO: [Physopt 32-662] Processed net ntt/BU/sum_in1__0_carry_i_6_n_0.  Did not re-place instance ntt/BU/sum_in1__0_carry_i_6
INFO: [Physopt 32-662] Processed net ntt/BU/sum_in1__0_carry_i_9_n_0.  Did not re-place instance ntt/BU/sum_in1__0_carry_i_9
INFO: [Physopt 32-663] Processed net hash/samp0_q[2]_i_4_n_0.  Re-placed instance hash/samp0_q[2]_i_4
INFO: [Physopt 32-662] Processed net ntt/BU/sum_in1_reg[8]_i_1_n_0.  Did not re-place instance ntt/BU/sum_in1_reg[8]_i_1
INFO: [Physopt 32-662] Processed net ntt/BU/sum_in1_reg[8].  Did not re-place instance ntt/BU/sum_in1_reg_reg[8]
INFO: [Physopt 32-661] Optimized 3 nets.  Re-placed 3 instances.
INFO: [Physopt 32-775] End 1 Pass. Optimized 3 nets or cells. Created 0 new cell, deleted 0 existing cell and moved 3 existing cells
INFO: [Physopt 32-619] Estimated Timing Summary | WNS=-0.515 | TNS=-8.073 |
Netlist sorting complete. Time (s): cpu = 00:00:00 ; elapsed = 00:00:00.003 . Memory (MB): peak = 1861.387 ; gain = 0.000
Phase 4 Single Cell Placement Optimization | Checksum: 1544fb64a

Time (s): cpu = 00:00:14 ; elapsed = 00:00:11 . Memory (MB): peak = 1861.387 ; gain = 0.000

Phase 5 Multi Cell Placement Optimization
INFO: [Physopt 32-660] Identified 99 candidate nets for placement-based optimization.
INFO: [Physopt 32-662] Processed net hash/ofifo0_req_r1_reg_18.  Did not re-place instance hash/in1_butt[9]_i_2/O
INFO: [Physopt 32-662] Processed net hash/samp2_q[2]_i_4_n_0.  Did not re-place instance hash/samp2_q[2]_i_4/O
INFO: [Physopt 32-662] Processed net hash/samp2_q[1]_i_4_n_0.  Did not re-place instance hash/samp2_q[1]_i_4/O
INFO: [Physopt 32-662] Processed net hash/samp2_q[2]_i_6_2.  Did not re-place instance hash/samp2_q[7]_i_1/O
INFO: [Physopt 32-662] Processed net hash/samp2_q[2]_i_6_1.  Did not re-place instance hash/samp2_q[8]_i_1/O
INFO: [Physopt 32-662] Processed net hash/ofifo0_req_r1_reg_1.  Did not re-place instance hash/in1_butt[4]_i_2/O
INFO: [Physopt 32-662] Processed net hash/samp0_q[2]_i_2_n_0.  Did not re-place instance hash/samp0_q[2]_i_2/O
INFO: [Physopt 32-662] Processed net hash/samp0_q[1]_i_4_n_0.  Did not re-place instance hash/samp0_q[1]_i_4/O
INFO: [Physopt 32-662] Processed net hash/samp0_q[2]_i_7_0.  Did not re-place instance hash/samp0_q[8]_i_1/O
INFO: [Physopt 32-662] Processed net hash/D[0].  Did not re-place instance hash/samp0_q[0]_i_1/O
INFO: [Physopt 32-662] Processed net hash/D[2].  Did not re-place instance hash/samp0_q[2]_i_1/O
INFO: [Physopt 32-662] Processed net hash/samp0_q[2]_i_7_1.  Did not re-place instance hash/samp0_q[7]_i_1/O
INFO: [Physopt 32-662] Processed net hash/p_1_in0.  Did not re-place instance hash/samp0_q[11]_i_1/O
INFO: [Physopt 32-662] Processed net hash/samp1_q[2]_i_3_n_0.  Did not re-place instance hash/samp1_q[2]_i_3/O
INFO: [Physopt 32-662] Processed net hash/ofifo0_req_r1_reg_20.  Did not re-place instance hash/in1_butt[7]_i_2/O
INFO: [Physopt 32-662] Processed net hash/samp1_q[1]_i_4_n_0.  Did not re-place instance hash/samp1_q[1]_i_4/O
INFO: [Physopt 32-662] Processed net hash/samp1_q[2]_i_7_2.  Did not re-place instance hash/samp1_q[7]_i_1/O
INFO: [Physopt 32-662] Processed net hash/samp1_q[2]_i_7_0[0].  Did not re-place instance hash/samp1_q[0]_i_1/O
INFO: [Physopt 32-662] Processed net hash/samp1_q[2]_i_7_1.  Did not re-place instance hash/samp1_q[8]_i_1/O
INFO: [Physopt 32-662] Processed net hash/samp1_q[2]_i_7_0[2].  Did not re-place instance hash/samp1_q[2]_i_1/O
INFO: [Physopt 32-662] Processed net hash/samp1_q[2]_i_6_0.  Did not re-place instance hash/samp1_q[11]_i_1/O
INFO: [Physopt 32-662] Processed net hash/samp2_q[2]_i_6_0[2].  Did not re-place instance hash/samp2_q[2]_i_1/O
INFO: [Physopt 32-662] Processed net hash/samp1_q[2]_i_2_n_0.  Did not re-place instance hash/samp1_q[2]_i_2/O
INFO: [Physopt 32-662] Processed net hash/samp1_q[2]_i_7_n_0.  Did not re-place instance hash/samp1_q[2]_i_7/O
INFO: [Physopt 32-662] Processed net hash/samp2_q[2]_i_5_n_0.  Did not re-place instance hash/samp2_q[2]_i_5/O
INFO: [Physopt 32-662] Processed net hash/samp2_q[2]_i_6_0[0].  Did not re-place instance hash/samp2_q[0]_i_1/O
INFO: [Physopt 32-662] Processed net hash/ofifo0_req_r1_reg_9.  Did not re-place instance hash/in1_butt[13]_i_2/O
INFO: [Physopt 32-662] Processed net hash/samp1_q[2]_i_6_n_0.  Did not re-place instance hash/samp1_q[2]_i_6/O
INFO: [Physopt 32-662] Processed net hash/samp2_q[2]_i_4_0.  Did not re-place instance hash/samp2_q[11]_i_1/O
INFO: [Physopt 32-662] Processed net hash/samp3_q[2]_i_2_n_0.  Did not re-place instance hash/samp3_q[2]_i_2/O
INFO: [Physopt 32-662] Processed net hash/samp3_q[1]_i_2_n_0.  Did not re-place instance hash/samp3_q[1]_i_2/O
INFO: [Physopt 32-662] Processed net hash/ofifo0_req_r1_reg_8.  Did not re-place instance hash/in1_butt[19]_i_2/O
INFO: [Physopt 32-662] Processed net hash/samp3_q[2]_i_7_0[0].  Did not re-place instance hash/samp3_q[0]_i_1/O
INFO: [Physopt 32-662] Processed net hash/samp3_q[2]_i_6_0.  Did not re-place instance hash/samp3_q[11]_i_1/O
INFO: [Physopt 32-662] Processed net hash/ofifo0_req_r1_reg_0.  Did not re-place instance hash/in1_butt[5]_i_2/O
INFO: [Physopt 32-662] Processed net hash/ofifo0_req_r1_reg_3.  Did not re-place instance hash/in1_butt[3]_i_2/O
INFO: [Physopt 32-662] Processed net hash/samp0_q[1]_i_5_n_0.  Did not re-place instance hash/samp0_q[1]_i_5/O
INFO: [Physopt 32-662] Processed net hash/samp0_q[2]_i_7_n_0.  Did not re-place instance hash/samp0_q[2]_i_7/O
INFO: [Physopt 32-662] Processed net hash/ofifo0_req_r1_reg_2.  Did not re-place instance hash/in1_butt[1]_i_2/O
INFO: [Physopt 32-662] Processed net hash/samp3_q[2]_i_6_n_0.  Did not re-place instance hash/samp3_q[2]_i_6/O
INFO: [Physopt 32-662] Processed net hash/ofifo0_req_r1_reg_10.  Did not re-place instance hash/in1_butt[15]_i_2/O
INFO: [Physopt 32-662] Processed net hash/samp3_q[1]_i_6_n_0.  Did not re-place instance hash/samp3_q[1]_i_6/O
INFO: [Physopt 32-662] Processed net hash/samp3_q[2]_i_7_2.  Did not re-place instance hash/samp3_q[7]_i_1/O
INFO: [Physopt 32-662] Processed net hash/samp3_q[2]_i_3_n_0.  Did not re-place instance hash/samp3_q[2]_i_3/O
INFO: [Physopt 32-662] Processed net hash/samp3_q[2]_i_7_1.  Did not re-place instance hash/samp3_q[8]_i_1/O
INFO: [Physopt 32-662] Processed net hash/ofifo0_req_r1_reg_6.  Did not re-place instance hash/in1_butt[12]_i_2/O
INFO: [Physopt 32-662] Processed net hash/samp3_q[1]_i_3_n_0.  Did not re-place instance hash/samp3_q[1]_i_3/O
INFO: [Physopt 32-662] Processed net hash/samp3_q[2]_i_7_0[2].  Did not re-place instance hash/samp3_q[2]_i_1/O
INFO: [Physopt 32-662] Processed net hash/samp0_q[2]_i_6_n_0.  Did not re-place instance hash/samp0_q[2]_i_6/O
INFO: [Physopt 32-662] Processed net hash/samp3_q[2]_i_5_n_0.  Did not re-place instance hash/samp3_q[2]_i_5/O
INFO: [Physopt 32-662] Processed net hash/ofifo0_req_r1_reg_16.  Did not re-place instance hash/in1_butt[11]_i_2/O
INFO: [Physopt 32-662] Processed net hash/ofifo0_req_r1_reg_11.  Did not re-place instance hash/in1_butt[22]_i_2/O
INFO: [Physopt 32-663] Processed net hash/samp0_q[2]_i_8_n_0.  Re-placed instance hash/samp0_q[2]_i_8/O
INFO: [Physopt 32-662] Processed net hash/samp1_q[1]_i_2_n_0.  Did not re-place instance hash/samp1_q[1]_i_2/O
INFO: [Physopt 32-662] Processed net hash/samp1_q[2]_i_5_n_0.  Did not re-place instance hash/samp1_q[2]_i_5/O
INFO: [Physopt 32-662] Processed net hash/ofifo0_req_r1_reg_21.  Did not re-place instance hash/in1_butt[6]_i_2/O
INFO: [Physopt 32-662] Processed net hash/samp1_q[1]_i_5_n_0.  Did not re-place instance hash/samp1_q[1]_i_5/O
INFO: [Physopt 32-662] Processed net hash/ofifo0_req_r1_reg_15.  Did not re-place instance hash/in1_butt[8]_i_2/O
INFO: [Physopt 32-662] Processed net hash/samp0_q[1]_i_6_n_0.  Did not re-place instance hash/samp0_q[1]_i_6/O
INFO: [Physopt 32-662] Processed net hash/samp0_q[2]_i_3_n_0.  Did not re-place instance hash/samp0_q[2]_i_3/O
INFO: [Physopt 32-662] Processed net hash/samp3_q[2]_i_7_n_0.  Did not re-place instance hash/samp3_q[2]_i_7/O
INFO: [Physopt 32-662] Processed net hash/samp1_q[1]_i_3_n_0.  Did not re-place instance hash/samp1_q[1]_i_3/O
INFO: [Physopt 32-662] Processed net hash/samp0_q[2]_i_5_n_0.  Did not re-place instance hash/samp0_q[2]_i_5/O
INFO: [Physopt 32-662] Processed net ntt/ctrl_butt[2]_repN.  Did not re-place instance ntt/ctrl_butt_reg[2]_replica/Q
INFO: [Physopt 32-662] Processed net ntt/BU/sum_in1__0_carry_i_1_n_0.  Did not re-place instance ntt/BU/sum_in1__0_carry_i_1/O
INFO: [Physopt 32-662] Processed net ntt/BU/sum_in1_reg[9]_i_1_n_0.  Did not re-place instance ntt/BU/sum_in1_reg[9]_i_1/O
INFO: [Physopt 32-662] Processed net hash/ofifo0_req_r1_reg_4.  Did not re-place instance hash/in1_butt[14]_i_2/O
INFO: [Physopt 32-662] Processed net hash/samp2_q[2]_i_3_n_0.  Did not re-place instance hash/samp2_q[2]_i_3/O
INFO: [Physopt 32-662] Processed net ntt/BU/sum_in1__0_carry_i_9_n_0.  Did not re-place instance ntt/BU/sum_in1__0_carry_i_9/O
INFO: [Physopt 32-662] Processed net hash/samp0_q[2]_i_4_n_0.  Did not re-place instance hash/samp0_q[2]_i_4/O
INFO: [Physopt 32-663] Processed net hash/ofifo0_req_r1_reg.  Re-placed instance hash/in1_butt[2]_i_2/O
INFO: [Physopt 32-661] Optimized 2 nets.  Re-placed 7 instances.
INFO: [Physopt 32-775] End 1 Pass. Optimized 2 nets or cells. Created 0 new cell, deleted 0 existing cell and moved 7 existing cells
INFO: [Physopt 32-619] Estimated Timing Summary | WNS=-0.515 | TNS=-8.131 |
Netlist sorting complete. Time (s): cpu = 00:00:00 ; elapsed = 00:00:00.006 . Memory (MB): peak = 1861.387 ; gain = 0.000
Phase 5 Multi Cell Placement Optimization | Checksum: 15e9729b9

Time (s): cpu = 00:01:07 ; elapsed = 00:00:47 . Memory (MB): peak = 1861.387 ; gain = 0.000

Phase 6 Rewire
INFO: [Physopt 32-246] Starting Signal Push optimization...
INFO: [Physopt 32-241] No nets found for rewiring () optimization.
INFO: [Physopt 32-232] Optimized 0 net. Created 0 new instance.
INFO: [Physopt 32-775] End 1 Pass. Optimized 0 net or cell. Created 0 new cell, deleted 0 existing cell and moved 0 existing cell
Netlist sorting complete. Time (s): cpu = 00:00:00 ; elapsed = 00:00:00.003 . Memory (MB): peak = 1861.387 ; gain = 0.000
Phase 6 Rewire | Checksum: 15e9729b9

Time (s): cpu = 00:01:07 ; elapsed = 00:00:48 . Memory (MB): peak = 1861.387 ; gain = 0.000

Phase 7 Critical Cell Optimization
INFO: [Physopt 32-46] Identified 30 candidate nets for critical-cell optimization.
INFO: [Physopt 32-572] Net hash/ofifo0_req_r1_reg_18 was not replicated.
Resolution: phys_opt_design can be forced to replicate a net driver using the option -force_replication_on_nets <list of net objects>.
INFO: [Physopt 32-572] Net hash/samp2_q[2]_i_4_n_0 was not replicated.
Resolution: phys_opt_design can be forced to replicate a net driver using the option -force_replication_on_nets <list of net objects>.
INFO: [Physopt 32-572] Net hash/samp2_q[1]_i_4_n_0 was not replicated.
Resolution: phys_opt_design can be forced to replicate a net driver using the option -force_replication_on_nets <list of net objects>.
INFO: [Physopt 32-81] Processed net hash/ofifo0_req_r1_reg_0. Replicated 1 times.
INFO: [Physopt 32-601] Processed net hash/samp1_q[2]_i_6_n_0. Net driver hash/samp1_q[2]_i_6 was replaced.
INFO: [Physopt 32-572] Net hash/samp1_q[1]_i_4_n_0 was not replicated.
Resolution: phys_opt_design can be forced to replicate a net driver using the option -force_replication_on_nets <list of net objects>.
INFO: [Physopt 32-572] Net hash/ofifo0_req_r1_reg_20 was not replicated.
Resolution: phys_opt_design can be forced to replicate a net driver using the option -force_replication_on_nets <list of net objects>.
INFO: [Physopt 32-572] Net hash/ofifo0_req_r1_reg_1 was not replicated.
Resolution: phys_opt_design can be forced to replicate a net driver using the option -force_replication_on_nets <list of net objects>.
INFO: [Physopt 32-572] Net hash/samp0_q[2]_i_2_n_0 was not replicated.
Resolution: phys_opt_design can be forced to replicate a net driver using the option -force_replication_on_nets <list of net objects>.
INFO: [Physopt 32-572] Net hash/samp0_q[1]_i_4_n_0 was not replicated.
Resolution: phys_opt_design can be forced to replicate a net driver using the option -force_replication_on_nets <list of net objects>.
INFO: [Physopt 32-572] Net hash/samp1_q[2]_i_3_n_0 was not replicated.
Resolution: phys_opt_design can be forced to replicate a net driver using the option -force_replication_on_nets <list of net objects>.
INFO: [Physopt 32-572] Net hash/samp1_q[2]_i_2_n_0 was not replicated.
Resolution: phys_opt_design can be forced to replicate a net driver using the option -force_replication_on_nets <list of net objects>.
INFO: [Physopt 32-572] Net hash/samp1_q[2]_i_7_n_0 was not replicated.
Resolution: phys_opt_design can be forced to replicate a net driver using the option -force_replication_on_nets <list of net objects>.
INFO: [Physopt 32-572] Net hash/samp2_q[2]_i_5_n_0 was not replicated.
Resolution: phys_opt_design can be forced to replicate a net driver using the option -force_replication_on_nets <list of net objects>.
INFO: [Physopt 32-572] Net hash/ofifo0_req_r1_reg_9 was not replicated.
Resolution: phys_opt_design can be forced to replicate a net driver using the option -force_replication_on_nets <list of net objects>.
INFO: [Physopt 32-572] Net hash/samp3_q[2]_i_2_n_0 was not replicated.
Resolution: phys_opt_design can be forced to replicate a net driver using the option -force_replication_on_nets <list of net objects>.
INFO: [Physopt 32-572] Net hash/samp3_q[1]_i_2_n_0 was not replicated.
Resolution: phys_opt_design can be forced to replicate a net driver using the option -force_replication_on_nets <list of net objects>.
INFO: [Physopt 32-572] Net hash/ofifo0_req_r1_reg_8 was not replicated.
Resolution: phys_opt_design can be forced to replicate a net driver using the option -force_replication_on_nets <list of net objects>.
INFO: [Physopt 32-81] Processed net hash/ofifo0_req_r1_reg_3. Replicated 1 times.
INFO: [Physopt 32-572] Net hash/samp0_q[1]_i_5_n_0 was not replicated.
Resolution: phys_opt_design can be forced to replicate a net driver using the option -force_replication_on_nets <list of net objects>.
INFO: [Physopt 32-572] Net hash/samp0_q[2]_i_7_n_0 was not replicated.
Resolution: phys_opt_design can be forced to replicate a net driver using the option -force_replication_on_nets <list of net objects>.
INFO: [Physopt 32-572] Net hash/ofifo0_req_r1_reg_2 was not replicated.
Resolution: phys_opt_design can be forced to replicate a net driver using the option -force_replication_on_nets <list of net objects>.
INFO: [Physopt 32-572] Net hash/samp3_q[2]_i_6_n_0 was not replicated.
Resolution: phys_opt_design can be forced to replicate a net driver using the option -force_replication_on_nets <list of net objects>.
INFO: [Physopt 32-572] Net hash/ofifo0_req_r1_reg_10 was not replicated.
Resolution: phys_opt_design can be forced to replicate a net driver using the option -force_replication_on_nets <list of net objects>.
INFO: [Physopt 32-572] Net hash/samp3_q[1]_i_6_n_0 was not replicated.
Resolution: phys_opt_design can be forced to replicate a net driver using the option -force_replication_on_nets <list of net objects>.
INFO: [Physopt 32-572] Net hash/samp3_q[2]_i_3_n_0 was not replicated.
Resolution: phys_opt_design can be forced to replicate a net driver using the option -force_replication_on_nets <list of net objects>.
INFO: [Physopt 32-572] Net hash/ofifo0_req_r1_reg_6 was not replicated.
Resolution: phys_opt_design can be forced to replicate a net driver using the option -force_replication_on_nets <list of net objects>.
INFO: [Physopt 32-572] Net hash/samp3_q[1]_i_3_n_0 was not replicated.
Resolution: phys_opt_design can be forced to replicate a net driver using the option -force_replication_on_nets <list of net objects>.
INFO: [Physopt 32-572] Net hash/samp0_q[2]_i_6_n_0 was not replicated.
Resolution: phys_opt_design can be forced to replicate a net driver using the option -force_replication_on_nets <list of net objects>.
INFO: [Physopt 32-572] Net hash/samp3_q[2]_i_5_n_0 was not replicated.
Resolution: phys_opt_design can be forced to replicate a net driver using the option -force_replication_on_nets <list of net objects>.
INFO: [Physopt 32-232] Optimized 3 nets. Created 2 new instances.
INFO: [Physopt 32-775] End 1 Pass. Optimized 3 nets or cells. Created 2 new cells, deleted 0 existing cell and moved 0 existing cell
INFO: [Physopt 32-619] Estimated Timing Summary | WNS=-0.515 | TNS=-8.029 |
Netlist sorting complete. Time (s): cpu = 00:00:00 ; elapsed = 00:00:00.010 . Memory (MB): peak = 1861.387 ; gain = 0.000
Phase 7 Critical Cell Optimization | Checksum: 1f188434b

Time (s): cpu = 00:01:15 ; elapsed = 00:00:52 . Memory (MB): peak = 1861.387 ; gain = 0.000

Phase 8 Fanout Optimization
INFO: [Physopt 32-76] Pass 1. Identified 1 candidate net for fanout optimization.
INFO: [Physopt 32-572] Net hash/samp0_q[2]_i_8_n_0 was not replicated.
Resolution: phys_opt_design can be forced to replicate a net driver using the option -force_replication_on_nets <list of net objects>.
INFO: [Physopt 32-232] Optimized 0 net. Created 0 new instance.
INFO: [Physopt 32-775] End 1 Pass. Optimized 0 net or cell. Created 0 new cell, deleted 0 existing cell and moved 0 existing cell
Netlist sorting complete. Time (s): cpu = 00:00:00 ; elapsed = 00:00:00.006 . Memory (MB): peak = 1861.387 ; gain = 0.000
Phase 8 Fanout Optimization | Checksum: 1f421015a

Time (s): cpu = 00:01:15 ; elapsed = 00:00:53 . Memory (MB): peak = 1861.387 ; gain = 0.000

Phase 9 Single Cell Placement Optimization
INFO: [Physopt 32-660] Identified 99 candidate nets for placement-based optimization.
INFO: [Physopt 32-662] Processed net hash/ofifo0_req_r1_reg_18.  Did not re-place instance hash/in1_butt[9]_i_2
INFO: [Physopt 32-662] Processed net hash/samp2_q[2]_i_4_n_0.  Did not re-place instance hash/samp2_q[2]_i_4
INFO: [Physopt 32-662] Processed net hash/samp2_q[1]_i_4_n_0.  Did not re-place instance hash/samp2_q[1]_i_4
INFO: [Physopt 32-662] Processed net hash/samp2_q[2]_i_6_2.  Did not re-place instance hash/samp2_q[7]_i_1
INFO: [Physopt 32-662] Processed net ntt/samp2_q[7].  Did not re-place instance ntt/samp2_q_reg[7]
INFO: [Physopt 32-662] Processed net hash/samp2_q[2]_i_6_1.  Did not re-place instance hash/samp2_q[8]_i_1
INFO: [Physopt 32-662] Processed net ntt/samp2_q[8].  Did not re-place instance ntt/samp2_q_reg[8]
INFO: [Physopt 32-662] Processed net hash/ofifo0_req_r1_reg_1.  Did not re-place instance hash/in1_butt[4]_i_2
INFO: [Physopt 32-662] Processed net hash/samp0_q[2]_i_2_n_0.  Did not re-place instance hash/samp0_q[2]_i_2
INFO: [Physopt 32-662] Processed net hash/samp0_q[1]_i_4_n_0.  Did not re-place instance hash/samp0_q[1]_i_4
INFO: [Physopt 32-662] Processed net hash/samp0_q[2]_i_7_0.  Did not re-place instance hash/samp0_q[8]_i_1
INFO: [Physopt 32-662] Processed net ntt/samp0_q[8].  Did not re-place instance ntt/samp0_q_reg[8]
INFO: [Physopt 32-662] Processed net hash/D[0].  Did not re-place instance hash/samp0_q[0]_i_1
INFO: [Physopt 32-662] Processed net hash/D[2].  Did not re-place instance hash/samp0_q[2]_i_1
INFO: [Physopt 32-662] Processed net ntt/samp0_q[0].  Did not re-place instance ntt/samp0_q_reg[0]
INFO: [Physopt 32-662] Processed net ntt/samp0_q[2].  Did not re-place instance ntt/samp0_q_reg[2]
INFO: [Physopt 32-662] Processed net hash/samp0_q[2]_i_7_1.  Did not re-place instance hash/samp0_q[7]_i_1
INFO: [Physopt 32-662] Processed net ntt/samp0_q[7].  Did not re-place instance ntt/samp0_q_reg[7]
INFO: [Physopt 32-662] Processed net hash/p_1_in0.  Did not re-place instance hash/samp0_q[11]_i_1
INFO: [Physopt 32-662] Processed net ntt/samp0_q[11].  Did not re-place instance ntt/samp0_q_reg[11]
INFO: [Physopt 32-662] Processed net hash/samp1_q[2]_i_6_n_0.  Did not re-place instance hash/samp1_q[2]_i_6
INFO: [Physopt 32-662] Processed net hash/samp1_q[1]_i_4_n_0.  Did not re-place instance hash/samp1_q[1]_i_4
INFO: [Physopt 32-662] Processed net hash/ofifo0_req_r1_reg_20.  Did not re-place instance hash/in1_butt[7]_i_2
INFO: [Physopt 32-662] Processed net hash/samp1_q[2]_i_7_0[2].  Did not re-place instance hash/samp1_q[2]_i_1
INFO: [Physopt 32-662] Processed net ntt/samp1_q[2].  Did not re-place instance ntt/samp1_q_reg[2]
INFO: [Physopt 32-662] Processed net hash/ofifo0_req_r1_reg_0_repN.  Did not re-place instance hash/in1_butt[5]_i_2_replica
INFO: [Physopt 32-662] Processed net hash/samp1_q[2]_i_3_n_0.  Did not re-place instance hash/samp1_q[2]_i_3
INFO: [Physopt 32-662] Processed net hash/samp1_q[2]_i_7_2.  Did not re-place instance hash/samp1_q[7]_i_1
INFO: [Physopt 32-662] Processed net ntt/samp1_q[7].  Did not re-place instance ntt/samp1_q_reg[7]
INFO: [Physopt 32-662] Processed net hash/samp1_q[2]_i_7_0[0].  Did not re-place instance hash/samp1_q[0]_i_1
INFO: [Physopt 32-662] Processed net ntt/samp1_q[0].  Did not re-place instance ntt/samp1_q_reg[0]
INFO: [Physopt 32-662] Processed net hash/samp1_q[2]_i_7_1.  Did not re-place instance hash/samp1_q[8]_i_1
INFO: [Physopt 32-662] Processed net ntt/samp1_q[8].  Did not re-place instance ntt/samp1_q_reg[8]
INFO: [Physopt 32-662] Processed net hash/samp2_q[2]_i_6_0[2].  Did not re-place instance hash/samp2_q[2]_i_1
INFO: [Physopt 32-662] Processed net ntt/samp2_q[2].  Did not re-place instance ntt/samp2_q_reg[2]
INFO: [Physopt 32-662] Processed net hash/samp1_q[2]_i_6_0.  Did not re-place instance hash/samp1_q[11]_i_1
INFO: [Physopt 32-662] Processed net ntt/samp1_q[11].  Did not re-place instance ntt/samp1_q_reg[11]
INFO: [Physopt 32-662] Processed net hash/samp1_q[2]_i_2_n_0.  Did not re-place instance hash/samp1_q[2]_i_2
INFO: [Physopt 32-662] Processed net hash/samp1_q[2]_i_7_n_0.  Did not re-place instance hash/samp1_q[2]_i_7
INFO: [Physopt 32-662] Processed net hash/samp2_q[2]_i_5_n_0.  Did not re-place instance hash/samp2_q[2]_i_5
INFO: [Physopt 32-662] Processed net hash/samp2_q[2]_i_6_0[0].  Did not re-place instance hash/samp2_q[0]_i_1
INFO: [Physopt 32-662] Processed net ntt/samp2_q[0].  Did not re-place instance ntt/samp2_q_reg[0]
INFO: [Physopt 32-662] Processed net hash/ofifo0_req_r1_reg_9.  Did not re-place instance hash/in1_butt[13]_i_2
INFO: [Physopt 32-662] Processed net hash/samp2_q[2]_i_4_0.  Did not re-place instance hash/samp2_q[11]_i_1
INFO: [Physopt 32-662] Processed net ntt/samp2_q[11].  Did not re-place instance ntt/samp2_q_reg[11]
INFO: [Physopt 32-662] Processed net hash/samp3_q[2]_i_2_n_0.  Did not re-place instance hash/samp3_q[2]_i_2
INFO: [Physopt 32-662] Processed net hash/samp3_q[1]_i_2_n_0.  Did not re-place instance hash/samp3_q[1]_i_2
INFO: [Physopt 32-662] Processed net hash/ofifo0_req_r1_reg_8.  Did not re-place instance hash/in1_butt[19]_i_2
INFO: [Physopt 32-662] Processed net hash/samp3_q[2]_i_7_0[0].  Did not re-place instance hash/samp3_q[0]_i_1
INFO: [Physopt 32-662] Processed net ntt/samp3_q[0].  Did not re-place instance ntt/samp3_q_reg[0]
INFO: [Physopt 32-662] Processed net hash/samp3_q[2]_i_6_0.  Did not re-place instance hash/samp3_q[11]_i_1
INFO: [Physopt 32-662] Processed net ntt/samp3_q[11].  Did not re-place instance ntt/samp3_q_reg[11]
INFO: [Physopt 32-662] Processed net hash/ofifo0_req_r1_reg_2.  Did not re-place instance hash/in1_butt[1]_i_2
INFO: [Physopt 32-662] Processed net hash/samp3_q[2]_i_6_n_0.  Did not re-place instance hash/samp3_q[2]_i_6
INFO: [Physopt 32-662] Processed net hash/ofifo0_req_r1_reg_10.  Did not re-place instance hash/in1_butt[15]_i_2
INFO: [Physopt 32-662] Processed net hash/samp3_q[1]_i_6_n_0.  Did not re-place instance hash/samp3_q[1]_i_6
INFO: [Physopt 32-662] Processed net hash/samp3_q[2]_i_7_2.  Did not re-place instance hash/samp3_q[7]_i_1
INFO: [Physopt 32-662] Processed net ntt/samp3_q[7].  Did not re-place instance ntt/samp3_q_reg[7]
INFO: [Physopt 32-662] Processed net hash/samp0_q[1]_i_5_n_0.  Did not re-place instance hash/samp0_q[1]_i_5
INFO: [Physopt 32-662] Processed net hash/samp0_q[2]_i_7_n_0.  Did not re-place instance hash/samp0_q[2]_i_7
INFO: [Physopt 32-662] Processed net hash/ofifo0_req_r1_reg_3.  Did not re-place instance hash/in1_butt[3]_i_2
INFO: [Physopt 32-662] Processed net hash/samp3_q[2]_i_3_n_0.  Did not re-place instance hash/samp3_q[2]_i_3
INFO: [Physopt 32-662] Processed net hash/samp3_q[2]_i_7_1.  Did not re-place instance hash/samp3_q[8]_i_1
INFO: [Physopt 32-662] Processed net ntt/samp3_q[8].  Did not re-place instance ntt/samp3_q_reg[8]
INFO: [Physopt 32-662] Processed net hash/ofifo0_req_r1_reg_6.  Did not re-place instance hash/in1_butt[12]_i_2
INFO: [Physopt 32-662] Processed net hash/samp3_q[1]_i_3_n_0.  Did not re-place instance hash/samp3_q[1]_i_3
INFO: [Physopt 32-662] Processed net hash/samp3_q[2]_i_7_0[2].  Did not re-place instance hash/samp3_q[2]_i_1
INFO: [Physopt 32-662] Processed net ntt/samp3_q[2].  Did not re-place instance ntt/samp3_q_reg[2]
INFO: [Physopt 32-662] Processed net hash/samp0_q[2]_i_6_n_0.  Did not re-place instance hash/samp0_q[2]_i_6
INFO: [Physopt 32-662] Processed net hash/samp3_q[2]_i_5_n_0.  Did not re-place instance hash/samp3_q[2]_i_5
INFO: [Physopt 32-662] Processed net hash/ofifo0_req_r1_reg_16.  Did not re-place instance hash/in1_butt[11]_i_2
INFO: [Physopt 32-662] Processed net hash/ofifo0_req_r1_reg_11.  Did not re-place instance hash/in1_butt[22]_i_2
INFO: [Physopt 32-662] Processed net hash/samp1_q[2]_i_5_n_0.  Did not re-place instance hash/samp1_q[2]_i_5
INFO: [Physopt 32-662] Processed net hash/ofifo0_req_r1_reg_21.  Did not re-place instance hash/in1_butt[6]_i_2
INFO: [Physopt 32-662] Processed net hash/samp1_q[1]_i_5_n_0.  Did not re-place instance hash/samp1_q[1]_i_5
INFO: [Physopt 32-663] Processed net hash/ofifo0_req_r1_reg_15.  Re-placed instance hash/in1_butt[8]_i_2
INFO: [Physopt 32-662] Processed net hash/samp1_q[1]_i_2_n_0.  Did not re-place instance hash/samp1_q[1]_i_2
INFO: [Physopt 32-662] Processed net hash/samp0_q[1]_i_6_n_0.  Did not re-place instance hash/samp0_q[1]_i_6
INFO: [Physopt 32-662] Processed net hash/samp0_q[2]_i_3_n_0.  Did not re-place instance hash/samp0_q[2]_i_3
INFO: [Physopt 32-662] Processed net hash/samp3_q[2]_i_7_n_0.  Did not re-place instance hash/samp3_q[2]_i_7
INFO: [Physopt 32-662] Processed net hash/samp1_q[1]_i_3_n_0.  Did not re-place instance hash/samp1_q[1]_i_3
INFO: [Physopt 32-663] Processed net ntt/ctrl_butt[2]_repN.  Re-placed instance ntt/ctrl_butt_reg[2]_replica
INFO: [Physopt 32-663] Processed net ntt/BU/sum_in1__0_carry_i_1_n_0.  Re-placed instance ntt/BU/sum_in1__0_carry_i_1
INFO: [Physopt 32-662] Processed net ntt/BU/sum_in1__0_carry_i_5_n_0.  Did not re-place instance ntt/BU/sum_in1__0_carry_i_5
INFO: [Physopt 32-662] Processed net ntt/BU/sum_in1_q_carry_i_1_n_0.  Did not re-place instance ntt/BU/sum_in1_q_carry_i_1
INFO: [Physopt 32-662] Processed net ntt/BU/sum_in1_reg[9]_i_1_n_0.  Did not re-place instance ntt/BU/sum_in1_reg[9]_i_1
INFO: [Physopt 32-662] Processed net ntt/BU/sum_in1_reg[9].  Did not re-place instance ntt/BU/sum_in1_reg_reg[9]
INFO: [Physopt 32-662] Processed net hash/samp0_q[2]_i_5_n_0.  Did not re-place instance hash/samp0_q[2]_i_5
INFO: [Physopt 32-662] Processed net hash/samp0_q[2]_i_8_n_0.  Did not re-place instance hash/samp0_q[2]_i_8
INFO: [Physopt 32-663] Processed net hash/ofifo0_req_r1_reg_4.  Re-placed instance hash/in1_butt[14]_i_2
INFO: [Physopt 32-662] Processed net hash/samp2_q[2]_i_3_n_0.  Did not re-place instance hash/samp2_q[2]_i_3
INFO: [Physopt 32-662] Processed net ntt/BU/sum_in1_q_carry_i_2_n_0.  Did not re-place instance ntt/BU/sum_in1_q_carry_i_2
INFO: [Physopt 32-662] Processed net hash/samp0_q[1]_i_3_n_0.  Did not re-place instance hash/samp0_q[1]_i_3
INFO: [Physopt 32-662] Processed net ntt/BU/sum_in1__0_carry_i_6_n_0.  Did not re-place instance ntt/BU/sum_in1__0_carry_i_6
INFO: [Physopt 32-662] Processed net ntt/BU/sum_in1__0_carry_i_9_n_0.  Did not re-place instance ntt/BU/sum_in1__0_carry_i_9
INFO: [Physopt 32-662] Processed net hash/ofifo0_req_r1_reg_3_repN.  Did not re-place instance hash/in1_butt[3]_i_2_replica
INFO: [Physopt 32-662] Processed net ntt/BU/sum_in1_reg[8]_i_1_n_0.  Did not re-place instance ntt/BU/sum_in1_reg[8]_i_1
INFO: [Physopt 32-662] Processed net ntt/BU/sum_in1_reg[8].  Did not re-place instance ntt/BU/sum_in1_reg_reg[8]
INFO: [Physopt 32-662] Processed net hash/ofifo0_req_r1_reg_14.  Did not re-place instance hash/in1_butt[10]_i_2
INFO: [Physopt 32-661] Optimized 4 nets.  Re-placed 4 instances.
INFO: [Physopt 32-775] End 1 Pass. Optimized 4 nets or cells. Created 0 new cell, deleted 0 existing cell and moved 4 existing cells
INFO: [Physopt 32-619] Estimated Timing Summary | WNS=-0.515 | TNS=-7.969 |
Netlist sorting complete. Time (s): cpu = 00:00:00 ; elapsed = 00:00:00.010 . Memory (MB): peak = 1861.387 ; gain = 0.000
Phase 9 Single Cell Placement Optimization | Checksum: 21b649b54

Time (s): cpu = 00:01:27 ; elapsed = 00:01:02 . Memory (MB): peak = 1861.387 ; gain = 0.000

Phase 10 Multi Cell Placement Optimization
INFO: [Physopt 32-660] Identified 93 candidate nets for placement-based optimization.
INFO: [Physopt 32-662] Processed net hash/ofifo0_req_r1_reg_18.  Did not re-place instance hash/in1_butt[9]_i_2/O
INFO: [Physopt 32-662] Processed net hash/samp2_q[2]_i_4_n_0.  Did not re-place instance hash/samp2_q[2]_i_4/O
INFO: [Physopt 32-662] Processed net hash/samp2_q[1]_i_4_n_0.  Did not re-place instance hash/samp2_q[1]_i_4/O
INFO: [Physopt 32-662] Processed net hash/samp2_q[2]_i_6_2.  Did not re-place instance hash/samp2_q[7]_i_1/O
INFO: [Physopt 32-662] Processed net hash/samp2_q[2]_i_6_1.  Did not re-place instance hash/samp2_q[8]_i_1/O
INFO: [Physopt 32-662] Processed net hash/ofifo0_req_r1_reg_1.  Did not re-place instance hash/in1_butt[4]_i_2/O
INFO: [Physopt 32-662] Processed net hash/samp0_q[2]_i_2_n_0.  Did not re-place instance hash/samp0_q[2]_i_2/O
INFO: [Physopt 32-662] Processed net hash/samp0_q[1]_i_4_n_0.  Did not re-place instance hash/samp0_q[1]_i_4/O
INFO: [Physopt 32-662] Processed net hash/samp0_q[2]_i_7_0.  Did not re-place instance hash/samp0_q[8]_i_1/O
INFO: [Physopt 32-662] Processed net hash/D[0].  Did not re-place instance hash/samp0_q[0]_i_1/O
INFO: [Physopt 32-662] Processed net hash/D[2].  Did not re-place instance hash/samp0_q[2]_i_1/O
INFO: [Physopt 32-662] Processed net hash/samp0_q[2]_i_7_1.  Did not re-place instance hash/samp0_q[7]_i_1/O
INFO: [Physopt 32-662] Processed net hash/p_1_in0.  Did not re-place instance hash/samp0_q[11]_i_1/O
INFO: [Physopt 32-662] Processed net hash/samp1_q[2]_i_6_n_0.  Did not re-place instance hash/samp1_q[2]_i_6/O
INFO: [Physopt 32-662] Processed net hash/samp1_q[1]_i_4_n_0.  Did not re-place instance hash/samp1_q[1]_i_4/O
INFO: [Physopt 32-662] Processed net hash/ofifo0_req_r1_reg_20.  Did not re-place instance hash/in1_butt[7]_i_2/O
INFO: [Physopt 32-662] Processed net hash/samp1_q[2]_i_7_0[2].  Did not re-place instance hash/samp1_q[2]_i_1/O
INFO: [Physopt 32-662] Processed net hash/ofifo0_req_r1_reg_0_repN.  Did not re-place instance hash/in1_butt[5]_i_2_replica/O
INFO: [Physopt 32-662] Processed net hash/samp1_q[2]_i_3_n_0.  Did not re-place instance hash/samp1_q[2]_i_3/O
INFO: [Physopt 32-662] Processed net hash/samp1_q[2]_i_7_2.  Did not re-place instance hash/samp1_q[7]_i_1/O
INFO: [Physopt 32-662] Processed net hash/samp1_q[2]_i_7_0[0].  Did not re-place instance hash/samp1_q[0]_i_1/O
INFO: [Physopt 32-662] Processed net hash/samp1_q[2]_i_7_1.  Did not re-place instance hash/samp1_q[8]_i_1/O
INFO: [Physopt 32-662] Processed net hash/samp2_q[2]_i_6_0[2].  Did not re-place instance hash/samp2_q[2]_i_1/O
INFO: [Physopt 32-662] Processed net hash/samp1_q[2]_i_6_0.  Did not re-place instance hash/samp1_q[11]_i_1/O
INFO: [Physopt 32-662] Processed net hash/samp1_q[2]_i_2_n_0.  Did not re-place instance hash/samp1_q[2]_i_2/O
INFO: [Physopt 32-662] Processed net hash/samp1_q[2]_i_7_n_0.  Did not re-place instance hash/samp1_q[2]_i_7/O
INFO: [Physopt 32-662] Processed net hash/samp2_q[2]_i_5_n_0.  Did not re-place instance hash/samp2_q[2]_i_5/O
INFO: [Physopt 32-662] Processed net hash/samp2_q[2]_i_6_0[0].  Did not re-place instance hash/samp2_q[0]_i_1/O
INFO: [Physopt 32-662] Processed net hash/ofifo0_req_r1_reg_9.  Did not re-place instance hash/in1_butt[13]_i_2/O
INFO: [Physopt 32-662] Processed net hash/samp2_q[2]_i_4_0.  Did not re-place instance hash/samp2_q[11]_i_1/O
INFO: [Physopt 32-662] Processed net hash/samp3_q[2]_i_2_n_0.  Did not re-place instance hash/samp3_q[2]_i_2/O
INFO: [Physopt 32-662] Processed net hash/samp3_q[1]_i_2_n_0.  Did not re-place instance hash/samp3_q[1]_i_2/O
INFO: [Physopt 32-662] Processed net hash/ofifo0_req_r1_reg_8.  Did not re-place instance hash/in1_butt[19]_i_2/O
INFO: [Physopt 32-662] Processed net hash/samp3_q[2]_i_7_0[0].  Did not re-place instance hash/samp3_q[0]_i_1/O
INFO: [Physopt 32-662] Processed net hash/samp3_q[2]_i_6_0.  Did not re-place instance hash/samp3_q[11]_i_1/O
INFO: [Physopt 32-662] Processed net hash/ofifo0_req_r1_reg_2.  Did not re-place instance hash/in1_butt[1]_i_2/O
INFO: [Physopt 32-662] Processed net hash/samp3_q[2]_i_6_n_0.  Did not re-place instance hash/samp3_q[2]_i_6/O
INFO: [Physopt 32-663] Processed net hash/ofifo0_req_r1_reg_10.  Re-placed instance hash/in1_butt[15]_i_2/O
INFO: [Physopt 32-663] Processed net hash/samp3_q[1]_i_6_n_0.  Re-placed instance hash/samp3_q[1]_i_6/O
INFO: [Physopt 32-662] Processed net hash/samp3_q[2]_i_7_2.  Did not re-place instance hash/samp3_q[7]_i_1/O
INFO: [Physopt 32-662] Processed net hash/samp0_q[1]_i_5_n_0.  Did not re-place instance hash/samp0_q[1]_i_5/O
INFO: [Physopt 32-662] Processed net hash/samp0_q[2]_i_7_n_0.  Did not re-place instance hash/samp0_q[2]_i_7/O
INFO: [Physopt 32-663] Processed net hash/ofifo0_req_r1_reg_3.  Re-placed instance hash/in1_butt[3]_i_2/O
INFO: [Physopt 32-662] Processed net hash/samp3_q[2]_i_3_n_0.  Did not re-place instance hash/samp3_q[2]_i_3/O
INFO: [Physopt 32-662] Processed net hash/samp3_q[2]_i_7_1.  Did not re-place instance hash/samp3_q[8]_i_1/O
INFO: [Physopt 32-662] Processed net hash/ofifo0_req_r1_reg_6.  Did not re-place instance hash/in1_butt[12]_i_2/O
INFO: [Physopt 32-662] Processed net hash/samp3_q[1]_i_3_n_0.  Did not re-place instance hash/samp3_q[1]_i_3/O
INFO: [Physopt 32-662] Processed net hash/samp3_q[2]_i_7_0[2].  Did not re-place instance hash/samp3_q[2]_i_1/O
INFO: [Physopt 32-662] Processed net hash/samp0_q[2]_i_6_n_0.  Did not re-place instance hash/samp0_q[2]_i_6/O
INFO: [Physopt 32-662] Processed net hash/samp3_q[2]_i_5_n_0.  Did not re-place instance hash/samp3_q[2]_i_5/O
INFO: [Physopt 32-662] Processed net hash/ofifo0_req_r1_reg_16.  Did not re-place instance hash/in1_butt[11]_i_2/O
INFO: [Physopt 32-663] Processed net hash/ofifo0_req_r1_reg_11.  Re-placed instance hash/in1_butt[22]_i_2/O
INFO: [Physopt 32-662] Processed net hash/samp1_q[2]_i_5_n_0.  Did not re-place instance hash/samp1_q[2]_i_5/O
INFO: [Physopt 32-662] Processed net hash/ofifo0_req_r1_reg_21.  Did not re-place instance hash/in1_butt[6]_i_2/O
INFO: [Physopt 32-663] Processed net hash/samp1_q[1]_i_5_n_0.  Re-placed instance hash/samp1_q[1]_i_5/O
INFO: [Physopt 32-662] Processed net hash/samp0_q[1]_i_6_n_0.  Did not re-place instance hash/samp0_q[1]_i_6/O
INFO: [Physopt 32-662] Processed net hash/ofifo0_req_r1_reg_15.  Did not re-place instance hash/in1_butt[8]_i_2/O
INFO: [Physopt 32-663] Processed net hash/samp1_q[1]_i_2_n_0.  Re-placed instance hash/samp1_q[1]_i_2/O
INFO: [Physopt 32-662] Processed net hash/samp0_q[2]_i_3_n_0.  Did not re-place instance hash/samp0_q[2]_i_3/O
INFO: [Physopt 32-662] Processed net hash/samp3_q[2]_i_7_n_0.  Did not re-place instance hash/samp3_q[2]_i_7/O
INFO: [Physopt 32-662] Processed net hash/samp1_q[1]_i_3_n_0.  Did not re-place instance hash/samp1_q[1]_i_3/O
INFO: [Physopt 32-662] Processed net hash/samp0_q[2]_i_5_n_0.  Did not re-place instance hash/samp0_q[2]_i_5/O
INFO: [Physopt 32-662] Processed net hash/samp0_q[2]_i_8_n_0.  Did not re-place instance hash/samp0_q[2]_i_8/O
INFO: [Physopt 32-662] Processed net hash/samp2_q[2]_i_3_n_0.  Did not re-place instance hash/samp2_q[2]_i_3/O
INFO: [Physopt 32-662] Processed net hash/samp0_q[1]_i_3_n_0.  Did not re-place instance hash/samp0_q[1]_i_3/O
INFO: [Physopt 32-662] Processed net ntt/ctrl_butt[2]_repN.  Did not re-place instance ntt/ctrl_butt_reg[2]_replica/Q
INFO: [Physopt 32-662] Processed net ntt/BU/sum_in1__0_carry__0_i_3_n_0.  Did not re-place instance ntt/BU/sum_in1__0_carry__0_i_3/O
INFO: [Physopt 32-662] Processed net ntt/BU/sum_in1_reg[9]_i_1_n_0.  Did not re-place instance ntt/BU/sum_in1_reg[9]_i_1/O
INFO: [Physopt 32-662] Processed net hash/ofifo0_req_r1_reg_3_repN.  Did not re-place instance hash/in1_butt[3]_i_2_replica/O
INFO: [Physopt 32-661] Optimized 6 nets.  Re-placed 14 instances.
INFO: [Physopt 32-775] End 1 Pass. Optimized 6 nets or cells. Created 0 new cell, deleted 0 existing cell and moved 14 existing cells
INFO: [Physopt 32-619] Estimated Timing Summary | WNS=-0.515 | TNS=-8.542 |
Netlist sorting complete. Time (s): cpu = 00:00:00 ; elapsed = 00:00:00.003 . Memory (MB): peak = 1861.387 ; gain = 0.000
Phase 10 Multi Cell Placement Optimization | Checksum: 2401764f1

Time (s): cpu = 00:02:27 ; elapsed = 00:01:43 . Memory (MB): peak = 1861.387 ; gain = 0.000

Phase 11 Rewire
INFO: [Physopt 32-246] Starting Signal Push optimization...
INFO: [Physopt 32-241] No nets found for rewiring () optimization.
INFO: [Physopt 32-232] Optimized 0 net. Created 0 new instance.
INFO: [Physopt 32-775] End 1 Pass. Optimized 0 net or cell. Created 0 new cell, deleted 0 existing cell and moved 0 existing cell
Netlist sorting complete. Time (s): cpu = 00:00:01 ; elapsed = 00:00:00.009 . Memory (MB): peak = 1861.387 ; gain = 0.000
Phase 11 Rewire | Checksum: 2401764f1

Time (s): cpu = 00:02:28 ; elapsed = 00:01:43 . Memory (MB): peak = 1861.387 ; gain = 0.000

Phase 12 Critical Cell Optimization
INFO: [Physopt 32-46] Identified 27 candidate nets for critical-cell optimization.
INFO: [Physopt 32-572] Net hash/ofifo0_req_r1_reg_18 was not replicated.
Resolution: phys_opt_design can be forced to replicate a net driver using the option -force_replication_on_nets <list of net objects>.
INFO: [Physopt 32-572] Net hash/samp2_q[2]_i_4_n_0 was not replicated.
Resolution: phys_opt_design can be forced to replicate a net driver using the option -force_replication_on_nets <list of net objects>.
INFO: [Physopt 32-572] Net hash/samp3_q[2]_i_2_n_0 was not replicated.
Resolution: phys_opt_design can be forced to replicate a net driver using the option -force_replication_on_nets <list of net objects>.
INFO: [Physopt 32-572] Net hash/samp3_q[1]_i_2_n_0 was not replicated.
Resolution: phys_opt_design can be forced to replicate a net driver using the option -force_replication_on_nets <list of net objects>.
INFO: [Physopt 32-572] Net hash/ofifo0_req_r1_reg_8 was not replicated.
Resolution: phys_opt_design can be forced to replicate a net driver using the option -force_replication_on_nets <list of net objects>.
INFO: [Physopt 32-572] Net hash/ofifo0_req_r1_reg_1 was not replicated.
Resolution: phys_opt_design can be forced to replicate a net driver using the option -force_replication_on_nets <list of net objects>.
INFO: [Physopt 32-572] Net hash/samp0_q[1]_i_4_n_0 was not replicated.
Resolution: phys_opt_design can be forced to replicate a net driver using the option -force_replication_on_nets <list of net objects>.
INFO: [Physopt 32-572] Net hash/ofifo0_req_r1_reg_9 was not replicated.
Resolution: phys_opt_design can be forced to replicate a net driver using the option -force_replication_on_nets <list of net objects>.
INFO: [Physopt 32-601] Processed net hash/samp1_q[2]_i_6_n_0. Net driver hash/samp1_q[2]_i_6 was replaced.
INFO: [Physopt 32-572] Net hash/ofifo0_req_r1_reg_20 was not replicated.
Resolution: phys_opt_design can be forced to replicate a net driver using the option -force_replication_on_nets <list of net objects>.
INFO: [Physopt 32-572] Net hash/ofifo0_req_r1_reg_0_repN was not replicated.
Resolution: phys_opt_design can be forced to replicate a net driver using the option -force_replication_on_nets <list of net objects>.
INFO: [Physopt 32-572] Net hash/samp1_q[2]_i_3_n_0 was not replicated.
Resolution: phys_opt_design can be forced to replicate a net driver using the option -force_replication_on_nets <list of net objects>.
INFO: [Physopt 32-572] Net hash/samp3_q[2]_i_5_n_0 was not replicated.
Resolution: phys_opt_design can be forced to replicate a net driver using the option -force_replication_on_nets <list of net objects>.
INFO: [Physopt 32-572] Net hash/samp1_q[2]_i_7_n_0 was not replicated.
Resolution: phys_opt_design can be forced to replicate a net driver using the option -force_replication_on_nets <list of net objects>.
INFO: [Physopt 32-572] Net hash/samp2_q[2]_i_5_n_0 was not replicated.
Resolution: phys_opt_design can be forced to replicate a net driver using the option -force_replication_on_nets <list of net objects>.
INFO: [Physopt 32-601] Processed net hash/samp3_q[2]_i_6_n_0. Net driver hash/samp3_q[2]_i_6 was replaced.
INFO: [Physopt 32-572] Net hash/samp3_q[1]_i_6_n_0 was not replicated.
Resolution: phys_opt_design can be forced to replicate a net driver using the option -force_replication_on_nets <list of net objects>.
INFO: [Physopt 32-572] Net hash/ofifo0_req_r1_reg_10 was not replicated.
Resolution: phys_opt_design can be forced to replicate a net driver using the option -force_replication_on_nets <list of net objects>.
INFO: [Physopt 32-572] Net hash/ofifo0_req_r1_reg_11 was not replicated.
Resolution: phys_opt_design can be forced to replicate a net driver using the option -force_replication_on_nets <list of net objects>.
INFO: [Physopt 32-81] Processed net hash/samp3_q[2]_i_3_n_0. Replicated 1 times.
INFO: [Physopt 32-572] Net hash/samp0_q[1]_i_5_n_0 was not replicated.
Resolution: phys_opt_design can be forced to replicate a net driver using the option -force_replication_on_nets <list of net objects>.
INFO: [Physopt 32-572] Net hash/samp0_q[2]_i_7_n_0 was not replicated.
Resolution: phys_opt_design can be forced to replicate a net driver using the option -force_replication_on_nets <list of net objects>.
INFO: [Physopt 32-81] Processed net hash/ofifo0_req_r1_reg_3. Replicated 1 times.
INFO: [Physopt 32-572] Net hash/samp3_q[1]_i_3_n_0 was not replicated.
Resolution: phys_opt_design can be forced to replicate a net driver using the option -force_replication_on_nets <list of net objects>.
INFO: [Physopt 32-81] Processed net hash/ofifo0_req_r1_reg_21. Replicated 1 times.
INFO: [Physopt 32-572] Net hash/samp1_q[1]_i_5_n_0 was not replicated.
Resolution: phys_opt_design can be forced to replicate a net driver using the option -force_replication_on_nets <list of net objects>.
INFO: [Physopt 32-572] Net hash/ofifo0_req_r1_reg_16 was not replicated.
Resolution: phys_opt_design can be forced to replicate a net driver using the option -force_replication_on_nets <list of net objects>.
INFO: [Physopt 32-232] Optimized 5 nets. Created 3 new instances.
INFO: [Physopt 32-775] End 1 Pass. Optimized 5 nets or cells. Created 3 new cells, deleted 0 existing cell and moved 0 existing cell
INFO: [Physopt 32-619] Estimated Timing Summary | WNS=-0.515 | TNS=-8.522 |
Netlist sorting complete. Time (s): cpu = 00:00:00 ; elapsed = 00:00:00.009 . Memory (MB): peak = 1861.387 ; gain = 0.000
Phase 12 Critical Cell Optimization | Checksum: 1d9cbaf42

Time (s): cpu = 00:02:36 ; elapsed = 00:01:49 . Memory (MB): peak = 1861.387 ; gain = 0.000

Phase 13 SLR Crossing Optimization
Phase 13 SLR Crossing Optimization | Checksum: 1d9cbaf42

Time (s): cpu = 00:02:36 ; elapsed = 00:01:49 . Memory (MB): peak = 1861.387 ; gain = 0.000

Phase 14 Fanout Optimization
INFO: [Physopt 32-76] Pass 1. Identified 1 candidate net for fanout optimization.
INFO: [Physopt 32-81] Processed net hash/samp0_q[2]_i_8_n_0. Replicated 1 times.
INFO: [Physopt 32-232] Optimized 1 net. Created 1 new instance.
INFO: [Physopt 32-775] End 1 Pass. Optimized 1 net or cell. Created 1 new cell, deleted 0 existing cell and moved 0 existing cell
INFO: [Physopt 32-619] Estimated Timing Summary | WNS=-0.515 | TNS=-8.522 |
Netlist sorting complete. Time (s): cpu = 00:00:00 ; elapsed = 00:00:00.007 . Memory (MB): peak = 1861.387 ; gain = 0.000
Phase 14 Fanout Optimization | Checksum: 1b62df8b0

Time (s): cpu = 00:02:37 ; elapsed = 00:01:50 . Memory (MB): peak = 1861.387 ; gain = 0.000

Phase 15 Single Cell Placement Optimization
INFO: [Physopt 32-660] Identified 95 candidate nets for placement-based optimization.
INFO: [Physopt 32-662] Processed net hash/ofifo0_req_r1_reg_18.  Did not re-place instance hash/in1_butt[9]_i_2
INFO: [Physopt 32-662] Processed net hash/samp2_q[2]_i_4_n_0.  Did not re-place instance hash/samp2_q[2]_i_4
INFO: [Physopt 32-662] Processed net hash/samp2_q[1]_i_4_n_0.  Did not re-place instance hash/samp2_q[1]_i_4
INFO: [Physopt 32-662] Processed net hash/samp2_q[2]_i_6_2.  Did not re-place instance hash/samp2_q[7]_i_1
INFO: [Physopt 32-662] Processed net ntt/samp2_q[7].  Did not re-place instance ntt/samp2_q_reg[7]
INFO: [Physopt 32-662] Processed net hash/samp2_q[2]_i_6_1.  Did not re-place instance hash/samp2_q[8]_i_1
INFO: [Physopt 32-662] Processed net ntt/samp2_q[8].  Did not re-place instance ntt/samp2_q_reg[8]
INFO: [Physopt 32-662] Processed net hash/samp3_q[2]_i_2_n_0.  Did not re-place instance hash/samp3_q[2]_i_2
INFO: [Physopt 32-662] Processed net hash/samp3_q[1]_i_2_n_0.  Did not re-place instance hash/samp3_q[1]_i_2
INFO: [Physopt 32-662] Processed net hash/ofifo0_req_r1_reg_8.  Did not re-place instance hash/in1_butt[19]_i_2
INFO: [Physopt 32-662] Processed net hash/samp3_q[2]_i_7_0[0].  Did not re-place instance hash/samp3_q[0]_i_1
INFO: [Physopt 32-662] Processed net ntt/samp3_q[0].  Did not re-place instance ntt/samp3_q_reg[0]
INFO: [Physopt 32-662] Processed net hash/samp3_q[2]_i_6_0.  Did not re-place instance hash/samp3_q[11]_i_1
INFO: [Physopt 32-662] Processed net ntt/samp3_q[11].  Did not re-place instance ntt/samp3_q_reg[11]
INFO: [Physopt 32-662] Processed net hash/ofifo0_req_r1_reg_1.  Did not re-place instance hash/in1_butt[4]_i_2
INFO: [Physopt 32-662] Processed net hash/samp0_q[2]_i_2_n_0.  Did not re-place instance hash/samp0_q[2]_i_2
INFO: [Physopt 32-662] Processed net hash/samp0_q[1]_i_4_n_0.  Did not re-place instance hash/samp0_q[1]_i_4
INFO: [Physopt 32-662] Processed net hash/samp0_q[2]_i_7_0.  Did not re-place instance hash/samp0_q[8]_i_1
INFO: [Physopt 32-662] Processed net ntt/samp0_q[8].  Did not re-place instance ntt/samp0_q_reg[8]
INFO: [Physopt 32-662] Processed net hash/D[0].  Did not re-place instance hash/samp0_q[0]_i_1
INFO: [Physopt 32-662] Processed net hash/D[2].  Did not re-place instance hash/samp0_q[2]_i_1
INFO: [Physopt 32-662] Processed net ntt/samp0_q[0].  Did not re-place instance ntt/samp0_q_reg[0]
INFO: [Physopt 32-662] Processed net ntt/samp0_q[2].  Did not re-place instance ntt/samp0_q_reg[2]
INFO: [Physopt 32-662] Processed net hash/samp0_q[2]_i_7_1.  Did not re-place instance hash/samp0_q[7]_i_1
INFO: [Physopt 32-662] Processed net ntt/samp0_q[7].  Did not re-place instance ntt/samp0_q_reg[7]
INFO: [Physopt 32-662] Processed net hash/ofifo0_req_r1_reg_9.  Did not re-place instance hash/in1_butt[13]_i_2
INFO: [Physopt 32-662] Processed net hash/p_1_in0.  Did not re-place instance hash/samp0_q[11]_i_1
INFO: [Physopt 32-662] Processed net ntt/samp0_q[11].  Did not re-place instance ntt/samp0_q_reg[11]
INFO: [Physopt 32-662] Processed net hash/samp1_q[2]_i_3_n_0.  Did not re-place instance hash/samp1_q[2]_i_3
INFO: [Physopt 32-662] Processed net hash/samp1_q[1]_i_4_n_0.  Did not re-place instance hash/samp1_q[1]_i_4
INFO: [Physopt 32-662] Processed net hash/ofifo0_req_r1_reg_20.  Did not re-place instance hash/in1_butt[7]_i_2
INFO: [Physopt 32-662] Processed net hash/samp1_q[2]_i_7_2.  Did not re-place instance hash/samp1_q[7]_i_1
INFO: [Physopt 32-662] Processed net ntt/samp1_q[7].  Did not re-place instance ntt/samp1_q_reg[7]
INFO: [Physopt 32-662] Processed net hash/samp1_q[2]_i_7_0[0].  Did not re-place instance hash/samp1_q[0]_i_1
INFO: [Physopt 32-662] Processed net ntt/samp1_q[0].  Did not re-place instance ntt/samp1_q_reg[0]
INFO: [Physopt 32-662] Processed net hash/samp1_q[2]_i_7_1.  Did not re-place instance hash/samp1_q[8]_i_1
INFO: [Physopt 32-662] Processed net ntt/samp1_q[8].  Did not re-place instance ntt/samp1_q_reg[8]
INFO: [Physopt 32-662] Processed net hash/ofifo0_req_r1_reg_0_repN.  Did not re-place instance hash/in1_butt[5]_i_2_replica
INFO: [Physopt 32-662] Processed net hash/samp1_q[2]_i_6_n_0.  Did not re-place instance hash/samp1_q[2]_i_6
INFO: [Physopt 32-662] Processed net hash/samp1_q[2]_i_7_0[2].  Did not re-place instance hash/samp1_q[2]_i_1
INFO: [Physopt 32-662] Processed net ntt/samp1_q[2].  Did not re-place instance ntt/samp1_q_reg[2]
INFO: [Physopt 32-662] Processed net hash/samp2_q[2]_i_6_0[2].  Did not re-place instance hash/samp2_q[2]_i_1
INFO: [Physopt 32-662] Processed net ntt/samp2_q[2].  Did not re-place instance ntt/samp2_q_reg[2]
INFO: [Physopt 32-662] Processed net hash/samp1_q[2]_i_6_0.  Did not re-place instance hash/samp1_q[11]_i_1
INFO: [Physopt 32-662] Processed net ntt/samp1_q[11].  Did not re-place instance ntt/samp1_q_reg[11]
INFO: [Physopt 32-662] Processed net hash/samp3_q[2]_i_5_n_0.  Did not re-place instance hash/samp3_q[2]_i_5
INFO: [Physopt 32-662] Processed net hash/samp1_q[2]_i_2_n_0.  Did not re-place instance hash/samp1_q[2]_i_2
INFO: [Physopt 32-662] Processed net hash/samp1_q[2]_i_7_n_0.  Did not re-place instance hash/samp1_q[2]_i_7
INFO: [Physopt 32-662] Processed net hash/samp3_q[1]_i_6_n_0.  Did not re-place instance hash/samp3_q[1]_i_6
INFO: [Physopt 32-662] Processed net hash/samp3_q[2]_i_3_n_0_repN.  Did not re-place instance hash/samp3_q[2]_i_3_replica
INFO: [Physopt 32-662] Processed net hash/samp3_q[2]_i_7_1.  Did not re-place instance hash/samp3_q[8]_i_1
INFO: [Physopt 32-662] Processed net ntt/samp3_q[8].  Did not re-place instance ntt/samp3_q_reg[8]
INFO: [Physopt 32-662] Processed net hash/ofifo0_req_r1_reg_10.  Did not re-place instance hash/in1_butt[15]_i_2
INFO: [Physopt 32-662] Processed net hash/ofifo0_req_r1_reg_11.  Did not re-place instance hash/in1_butt[22]_i_2
INFO: [Physopt 32-662] Processed net hash/samp3_q[2]_i_7_0[2].  Did not re-place instance hash/samp3_q[2]_i_1
INFO: [Physopt 32-662] Processed net ntt/samp3_q[2].  Did not re-place instance ntt/samp3_q_reg[2]
INFO: [Physopt 32-662] Processed net hash/samp2_q[2]_i_5_n_0.  Did not re-place instance hash/samp2_q[2]_i_5
INFO: [Physopt 32-662] Processed net hash/samp2_q[2]_i_6_0[0].  Did not re-place instance hash/samp2_q[0]_i_1
INFO: [Physopt 32-662] Processed net ntt/samp2_q[0].  Did not re-place instance ntt/samp2_q_reg[0]
INFO: [Physopt 32-662] Processed net hash/samp3_q[2]_i_7_2.  Did not re-place instance hash/samp3_q[7]_i_1
INFO: [Physopt 32-662] Processed net ntt/samp3_q[7].  Did not re-place instance ntt/samp3_q_reg[7]
INFO: [Physopt 32-662] Processed net hash/samp2_q[2]_i_4_0.  Did not re-place instance hash/samp2_q[11]_i_1
INFO: [Physopt 32-662] Processed net ntt/samp2_q[11].  Did not re-place instance ntt/samp2_q_reg[11]
INFO: [Physopt 32-662] Processed net hash/samp3_q[2]_i_6_n_0.  Did not re-place instance hash/samp3_q[2]_i_6
INFO: [Physopt 32-662] Processed net hash/ofifo0_req_r1_reg_2.  Did not re-place instance hash/in1_butt[1]_i_2
INFO: [Physopt 32-663] Processed net hash/samp3_q[2]_i_3_n_0.  Re-placed instance hash/samp3_q[2]_i_3
INFO: [Physopt 32-662] Processed net hash/ofifo0_req_r1_reg_6.  Did not re-place instance hash/in1_butt[12]_i_2
INFO: [Physopt 32-662] Processed net hash/samp3_q[1]_i_3_n_0.  Did not re-place instance hash/samp3_q[1]_i_3
INFO: [Physopt 32-662] Processed net hash/samp0_q[2]_i_7_n_0.  Did not re-place instance hash/samp0_q[2]_i_7
INFO: [Physopt 32-662] Processed net hash/samp0_q[1]_i_5_n_0.  Did not re-place instance hash/samp0_q[1]_i_5
INFO: [Physopt 32-662] Processed net hash/samp1_q[1]_i_5_n_0.  Did not re-place instance hash/samp1_q[1]_i_5
INFO: [Physopt 32-662] Processed net hash/ofifo0_req_r1_reg_21.  Did not re-place instance hash/in1_butt[6]_i_2
INFO: [Physopt 32-662] Processed net hash/ofifo0_req_r1_reg_3_repN_1.  Did not re-place instance hash/in1_butt[3]_i_2_replica_1
INFO: [Physopt 32-662] Processed net hash/samp0_q[2]_i_6_n_0.  Did not re-place instance hash/samp0_q[2]_i_6
INFO: [Physopt 32-662] Processed net hash/ofifo0_req_r1_reg_16.  Did not re-place instance hash/in1_butt[11]_i_2
INFO: [Physopt 32-662] Processed net hash/samp0_q[1]_i_6_n_0.  Did not re-place instance hash/samp0_q[1]_i_6
INFO: [Physopt 32-662] Processed net hash/ofifo0_req_r1_reg_15.  Did not re-place instance hash/in1_butt[8]_i_2
INFO: [Physopt 32-662] Processed net hash/samp1_q[1]_i_2_n_0.  Did not re-place instance hash/samp1_q[1]_i_2
INFO: [Physopt 32-662] Processed net hash/samp3_q[2]_i_7_n_0.  Did not re-place instance hash/samp3_q[2]_i_7
INFO: [Physopt 32-662] Processed net hash/samp1_q[2]_i_5_n_0.  Did not re-place instance hash/samp1_q[2]_i_5
INFO: [Physopt 32-662] Processed net hash/samp0_q[2]_i_3_n_0.  Did not re-place instance hash/samp0_q[2]_i_3
INFO: [Physopt 32-662] Processed net hash/samp1_q[1]_i_3_n_0.  Did not re-place instance hash/samp1_q[1]_i_3
INFO: [Physopt 32-662] Processed net hash/samp2_q[2]_i_3_n_0.  Did not re-place instance hash/samp2_q[2]_i_3
INFO: [Physopt 32-662] Processed net hash/samp0_q[2]_i_8_n_0_repN.  Did not re-place instance hash/samp0_q[2]_i_8_replica
INFO: [Physopt 32-662] Processed net hash/ofifo0_req_r1_reg_21_repN.  Did not re-place instance hash/in1_butt[6]_i_2_replica
INFO: [Physopt 32-662] Processed net hash/samp0_q[2]_i_5_n_0.  Did not re-place instance hash/samp0_q[2]_i_5
INFO: [Physopt 32-662] Processed net hash/samp0_q[1]_i_3_n_0.  Did not re-place instance hash/samp0_q[1]_i_3
INFO: [Physopt 32-662] Processed net ntt/ctrl_butt[2]_repN.  Did not re-place instance ntt/ctrl_butt_reg[2]_replica
INFO: [Physopt 32-662] Processed net ntt/BU/sum_in1__0_carry__0_i_3_n_0.  Did not re-place instance ntt/BU/sum_in1__0_carry__0_i_3
INFO: [Physopt 32-662] Processed net ntt/BU/sum_in1__0_carry__0_i_7_n_0.  Did not re-place instance ntt/BU/sum_in1__0_carry__0_i_7
INFO: [Physopt 32-662] Processed net ntt/BU/sum_in1_q_carry_i_1_n_0.  Did not re-place instance ntt/BU/sum_in1_q_carry_i_1
INFO: [Physopt 32-662] Processed net ntt/BU/sum_in1_reg[9]_i_1_n_0.  Did not re-place instance ntt/BU/sum_in1_reg[9]_i_1
INFO: [Physopt 32-662] Processed net ntt/BU/sum_in1_reg[9].  Did not re-place instance ntt/BU/sum_in1_reg_reg[9]
INFO: [Physopt 32-662] Processed net hash/ofifo0_req_r1_reg_3_repN.  Did not re-place instance hash/in1_butt[3]_i_2_replica
INFO: [Physopt 32-662] Processed net hash/ofifo0_req_r1_reg_14.  Did not re-place instance hash/in1_butt[10]_i_2
INFO: [Physopt 32-661] Optimized 1 net.  Re-placed 1 instance.
INFO: [Physopt 32-775] End 1 Pass. Optimized 1 net or cell. Created 0 new cell, deleted 0 existing cell and moved 1 existing cell
INFO: [Physopt 32-619] Estimated Timing Summary | WNS=-0.515 | TNS=-8.522 |
Netlist sorting complete. Time (s): cpu = 00:00:00 ; elapsed = 00:00:00.008 . Memory (MB): peak = 1861.387 ; gain = 0.000
Phase 15 Single Cell Placement Optimization | Checksum: 1ec855973

Time (s): cpu = 00:02:53 ; elapsed = 00:02:01 . Memory (MB): peak = 1861.387 ; gain = 0.000

Phase 16 Multi Cell Placement Optimization
INFO: [Physopt 32-660] Identified 95 candidate nets for placement-based optimization.
INFO: [Physopt 32-662] Processed net hash/ofifo0_req_r1_reg_18.  Did not re-place instance hash/in1_butt[9]_i_2/O
INFO: [Physopt 32-662] Processed net hash/samp2_q[2]_i_4_n_0.  Did not re-place instance hash/samp2_q[2]_i_4/O
INFO: [Physopt 32-662] Processed net hash/samp2_q[1]_i_4_n_0.  Did not re-place instance hash/samp2_q[1]_i_4/O
INFO: [Physopt 32-662] Processed net hash/samp2_q[2]_i_6_2.  Did not re-place instance hash/samp2_q[7]_i_1/O
INFO: [Physopt 32-662] Processed net hash/samp2_q[2]_i_6_1.  Did not re-place instance hash/samp2_q[8]_i_1/O
INFO: [Physopt 32-662] Processed net hash/samp3_q[2]_i_2_n_0.  Did not re-place instance hash/samp3_q[2]_i_2/O
INFO: [Physopt 32-663] Processed net hash/samp3_q[1]_i_2_n_0.  Re-placed instance hash/samp3_q[1]_i_2/O
INFO: [Physopt 32-662] Processed net hash/ofifo0_req_r1_reg_8.  Did not re-place instance hash/in1_butt[19]_i_2/O
INFO: [Physopt 32-662] Processed net hash/samp3_q[2]_i_7_0[0].  Did not re-place instance hash/samp3_q[0]_i_1/O
INFO: [Physopt 32-662] Processed net hash/samp3_q[2]_i_6_0.  Did not re-place instance hash/samp3_q[11]_i_1/O
INFO: [Physopt 32-663] Processed net hash/ofifo0_req_r1_reg_1.  Re-placed instance hash/in1_butt[4]_i_2/O
INFO: [Physopt 32-662] Processed net hash/samp0_q[2]_i_2_n_0.  Did not re-place instance hash/samp0_q[2]_i_2/O
INFO: [Physopt 32-662] Processed net hash/samp0_q[1]_i_4_n_0.  Did not re-place instance hash/samp0_q[1]_i_4/O
INFO: [Physopt 32-662] Processed net hash/samp0_q[2]_i_7_0.  Did not re-place instance hash/samp0_q[8]_i_1/O
INFO: [Physopt 32-662] Processed net hash/D[0].  Did not re-place instance hash/samp0_q[0]_i_1/O
INFO: [Physopt 32-662] Processed net hash/D[2].  Did not re-place instance hash/samp0_q[2]_i_1/O
INFO: [Physopt 32-662] Processed net hash/samp0_q[2]_i_7_1.  Did not re-place instance hash/samp0_q[7]_i_1/O
INFO: [Physopt 32-662] Processed net hash/ofifo0_req_r1_reg_9.  Did not re-place instance hash/in1_butt[13]_i_2/O
INFO: [Physopt 32-662] Processed net hash/p_1_in0.  Did not re-place instance hash/samp0_q[11]_i_1/O
INFO: [Physopt 32-662] Processed net hash/samp1_q[2]_i_3_n_0.  Did not re-place instance hash/samp1_q[2]_i_3/O
INFO: [Physopt 32-662] Processed net hash/samp1_q[1]_i_4_n_0.  Did not re-place instance hash/samp1_q[1]_i_4/O
INFO: [Physopt 32-662] Processed net hash/ofifo0_req_r1_reg_20.  Did not re-place instance hash/in1_butt[7]_i_2/O
INFO: [Physopt 32-662] Processed net hash/samp1_q[2]_i_7_2.  Did not re-place instance hash/samp1_q[7]_i_1/O
INFO: [Physopt 32-662] Processed net hash/samp1_q[2]_i_7_0[0].  Did not re-place instance hash/samp1_q[0]_i_1/O
INFO: [Physopt 32-662] Processed net hash/samp1_q[2]_i_7_1.  Did not re-place instance hash/samp1_q[8]_i_1/O
INFO: [Physopt 32-663] Processed net hash/ofifo0_req_r1_reg_0_repN.  Re-placed instance hash/in1_butt[5]_i_2_replica/O
INFO: [Physopt 32-662] Processed net hash/samp1_q[2]_i_6_n_0.  Did not re-place instance hash/samp1_q[2]_i_6/O
INFO: [Physopt 32-662] Processed net hash/samp1_q[2]_i_7_0[2].  Did not re-place instance hash/samp1_q[2]_i_1/O
INFO: [Physopt 32-662] Processed net hash/samp2_q[2]_i_6_0[2].  Did not re-place instance hash/samp2_q[2]_i_1/O
INFO: [Physopt 32-662] Processed net hash/samp1_q[2]_i_6_0.  Did not re-place instance hash/samp1_q[11]_i_1/O
INFO: [Physopt 32-662] Processed net hash/samp3_q[2]_i_5_n_0.  Did not re-place instance hash/samp3_q[2]_i_5/O
INFO: [Physopt 32-663] Processed net hash/samp1_q[2]_i_2_n_0.  Re-placed instance hash/samp1_q[2]_i_2/O
INFO: [Physopt 32-662] Processed net hash/samp1_q[2]_i_7_n_0.  Did not re-place instance hash/samp1_q[2]_i_7/O
INFO: [Physopt 32-663] Processed net hash/samp3_q[1]_i_6_n_0.  Re-placed instance hash/samp3_q[1]_i_6/O
INFO: [Physopt 32-662] Processed net hash/samp3_q[2]_i_3_n_0_repN.  Did not re-place instance hash/samp3_q[2]_i_3_replica/O
INFO: [Physopt 32-662] Processed net hash/samp3_q[2]_i_7_1.  Did not re-place instance hash/samp3_q[8]_i_1/O
INFO: [Physopt 32-662] Processed net hash/ofifo0_req_r1_reg_10.  Did not re-place instance hash/in1_butt[15]_i_2/O
INFO: [Physopt 32-662] Processed net hash/ofifo0_req_r1_reg_11.  Did not re-place instance hash/in1_butt[22]_i_2/O
INFO: [Physopt 32-662] Processed net hash/samp3_q[2]_i_7_0[2].  Did not re-place instance hash/samp3_q[2]_i_1/O
INFO: [Physopt 32-662] Processed net hash/samp2_q[2]_i_5_n_0.  Did not re-place instance hash/samp2_q[2]_i_5/O
INFO: [Physopt 32-662] Processed net hash/samp2_q[2]_i_6_0[0].  Did not re-place instance hash/samp2_q[0]_i_1/O
INFO: [Physopt 32-662] Processed net hash/samp3_q[2]_i_7_2.  Did not re-place instance hash/samp3_q[7]_i_1/O
INFO: [Physopt 32-662] Processed net hash/samp2_q[2]_i_4_0.  Did not re-place instance hash/samp2_q[11]_i_1/O
INFO: [Physopt 32-662] Processed net hash/samp3_q[2]_i_6_n_0.  Did not re-place instance hash/samp3_q[2]_i_6/O
INFO: [Physopt 32-662] Processed net hash/ofifo0_req_r1_reg_2.  Did not re-place instance hash/in1_butt[1]_i_2/O
INFO: [Physopt 32-662] Processed net hash/samp3_q[2]_i_3_n_0.  Did not re-place instance hash/samp3_q[2]_i_3/O
INFO: [Physopt 32-662] Processed net hash/ofifo0_req_r1_reg_6.  Did not re-place instance hash/in1_butt[12]_i_2/O
INFO: [Physopt 32-662] Processed net hash/samp3_q[1]_i_3_n_0.  Did not re-place instance hash/samp3_q[1]_i_3/O
INFO: [Physopt 32-662] Processed net hash/samp0_q[2]_i_7_n_0.  Did not re-place instance hash/samp0_q[2]_i_7/O
INFO: [Physopt 32-662] Processed net hash/samp0_q[1]_i_5_n_0.  Did not re-place instance hash/samp0_q[1]_i_5/O
INFO: [Physopt 32-663] Processed net hash/samp1_q[1]_i_5_n_0.  Re-placed instance hash/samp1_q[1]_i_5/O
INFO: [Physopt 32-662] Processed net hash/ofifo0_req_r1_reg_21.  Did not re-place instance hash/in1_butt[6]_i_2/O
INFO: [Physopt 32-662] Processed net hash/ofifo0_req_r1_reg_3_repN_1.  Did not re-place instance hash/in1_butt[3]_i_2_replica_1/O
INFO: [Physopt 32-662] Processed net hash/samp0_q[2]_i_6_n_0.  Did not re-place instance hash/samp0_q[2]_i_6/O
INFO: [Physopt 32-662] Processed net hash/ofifo0_req_r1_reg_16.  Did not re-place instance hash/in1_butt[11]_i_2/O
INFO: [Physopt 32-662] Processed net hash/samp0_q[1]_i_6_n_0.  Did not re-place instance hash/samp0_q[1]_i_6/O
INFO: [Physopt 32-662] Processed net hash/ofifo0_req_r1_reg_15.  Did not re-place instance hash/in1_butt[8]_i_2/O
INFO: [Physopt 32-662] Processed net hash/samp1_q[1]_i_2_n_0.  Did not re-place instance hash/samp1_q[1]_i_2/O
INFO: [Physopt 32-662] Processed net hash/samp3_q[2]_i_7_n_0.  Did not re-place instance hash/samp3_q[2]_i_7/O
INFO: [Physopt 32-663] Processed net hash/samp1_q[2]_i_5_n_0.  Re-placed instance hash/samp1_q[2]_i_5/O
INFO: [Physopt 32-662] Processed net hash/samp0_q[2]_i_3_n_0.  Did not re-place instance hash/samp0_q[2]_i_3/O
INFO: [Physopt 32-662] Processed net hash/samp2_q[2]_i_3_n_0.  Did not re-place instance hash/samp2_q[2]_i_3/O
INFO: [Physopt 32-662] Processed net hash/samp0_q[2]_i_8_n_0_repN.  Did not re-place instance hash/samp0_q[2]_i_8_replica/O
INFO: [Physopt 32-662] Processed net hash/ofifo0_req_r1_reg_21_repN.  Did not re-place instance hash/in1_butt[6]_i_2_replica/O
INFO: [Physopt 32-662] Processed net hash/samp0_q[2]_i_5_n_0.  Did not re-place instance hash/samp0_q[2]_i_5/O
INFO: [Physopt 32-662] Processed net hash/samp0_q[1]_i_3_n_0.  Did not re-place instance hash/samp0_q[1]_i_3/O
INFO: [Physopt 32-662] Processed net ntt/ctrl_butt[2]_repN.  Did not re-place instance ntt/ctrl_butt_reg[2]_replica/Q
INFO: [Physopt 32-662] Processed net ntt/BU/sum_in1__0_carry__0_i_3_n_0.  Did not re-place instance ntt/BU/sum_in1__0_carry__0_i_3/O
INFO: [Physopt 32-662] Processed net ntt/BU/sum_in1_reg[9]_i_1_n_0.  Did not re-place instance ntt/BU/sum_in1_reg[9]_i_1/O
INFO: [Physopt 32-662] Processed net hash/ofifo0_req_r1_reg_3_repN.  Did not re-place instance hash/in1_butt[3]_i_2_replica/O
INFO: [Physopt 32-661] Optimized 7 nets.  Re-placed 17 instances.
INFO: [Physopt 32-775] End 1 Pass. Optimized 7 nets or cells. Created 0 new cell, deleted 0 existing cell and moved 17 existing cells
INFO: [Physopt 32-619] Estimated Timing Summary | WNS=-0.515 | TNS=-8.520 |
Netlist sorting complete. Time (s): cpu = 00:00:00 ; elapsed = 00:00:00.008 . Memory (MB): peak = 1861.387 ; gain = 0.000
Phase 16 Multi Cell Placement Optimization | Checksum: 2553320cf

Time (s): cpu = 00:03:49 ; elapsed = 00:02:40 . Memory (MB): peak = 1861.387 ; gain = 0.000

Phase 17 Rewire
INFO: [Physopt 32-246] Starting Signal Push optimization...
INFO: [Physopt 32-241] No nets found for rewiring () optimization.
INFO: [Physopt 32-232] Optimized 0 net. Created 0 new instance.
INFO: [Physopt 32-775] End 1 Pass. Optimized 0 net or cell. Created 0 new cell, deleted 0 existing cell and moved 0 existing cell
Netlist sorting complete. Time (s): cpu = 00:00:00 ; elapsed = 00:00:00.005 . Memory (MB): peak = 1861.387 ; gain = 0.000
Phase 17 Rewire | Checksum: 2553320cf

Time (s): cpu = 00:03:49 ; elapsed = 00:02:40 . Memory (MB): peak = 1861.387 ; gain = 0.000

Phase 18 Critical Cell Optimization
INFO: [Physopt 32-46] Identified 30 candidate nets for critical-cell optimization.
INFO: [Physopt 32-572] Net hash/ofifo0_req_r1_reg_18 was not replicated.
Resolution: phys_opt_design can be forced to replicate a net driver using the option -force_replication_on_nets <list of net objects>.
INFO: [Physopt 32-572] Net hash/samp2_q[2]_i_4_n_0 was not replicated.
Resolution: phys_opt_design can be forced to replicate a net driver using the option -force_replication_on_nets <list of net objects>.
INFO: [Physopt 32-572] Net hash/samp2_q[1]_i_4_n_0 was not replicated.
Resolution: phys_opt_design can be forced to replicate a net driver using the option -force_replication_on_nets <list of net objects>.
INFO: [Physopt 32-572] Net hash/samp3_q[1]_i_2_n_0 was not replicated.
Resolution: phys_opt_design can be forced to replicate a net driver using the option -force_replication_on_nets <list of net objects>.
INFO: [Physopt 32-572] Net hash/ofifo0_req_r1_reg_8 was not replicated.
Resolution: phys_opt_design can be forced to replicate a net driver using the option -force_replication_on_nets <list of net objects>.
INFO: [Physopt 32-572] Net hash/ofifo0_req_r1_reg_1 was not replicated.
Resolution: phys_opt_design can be forced to replicate a net driver using the option -force_replication_on_nets <list of net objects>.
INFO: [Physopt 32-572] Net hash/samp0_q[2]_i_2_n_0 was not replicated.
Resolution: phys_opt_design can be forced to replicate a net driver using the option -force_replication_on_nets <list of net objects>.
INFO: [Physopt 32-572] Net hash/samp0_q[1]_i_4_n_0 was not replicated.
Resolution: phys_opt_design can be forced to replicate a net driver using the option -force_replication_on_nets <list of net objects>.
INFO: [Physopt 32-572] Net hash/ofifo0_req_r1_reg_9 was not replicated.
Resolution: phys_opt_design can be forced to replicate a net driver using the option -force_replication_on_nets <list of net objects>.
INFO: [Physopt 32-572] Net hash/samp1_q[2]_i_3_n_0 was not replicated.
Resolution: phys_opt_design can be forced to replicate a net driver using the option -force_replication_on_nets <list of net objects>.
INFO: [Physopt 32-572] Net hash/samp1_q[1]_i_4_n_0 was not replicated.
Resolution: phys_opt_design can be forced to replicate a net driver using the option -force_replication_on_nets <list of net objects>.
INFO: [Physopt 32-572] Net hash/ofifo0_req_r1_reg_20 was not replicated.
Resolution: phys_opt_design can be forced to replicate a net driver using the option -force_replication_on_nets <list of net objects>.
INFO: [Physopt 32-572] Net hash/ofifo0_req_r1_reg_0_repN was not replicated.
Resolution: phys_opt_design can be forced to replicate a net driver using the option -force_replication_on_nets <list of net objects>.
INFO: [Physopt 32-81] Processed net hash/samp1_q[2]_i_6_n_0. Replicated 1 times.
INFO: [Physopt 32-572] Net hash/samp3_q[1]_i_6_n_0 was not replicated.
Resolution: phys_opt_design can be forced to replicate a net driver using the option -force_replication_on_nets <list of net objects>.
INFO: [Physopt 32-572] Net hash/samp3_q[2]_i_3_n_0_repN was not replicated.
Resolution: phys_opt_design can be forced to replicate a net driver using the option -force_replication_on_nets <list of net objects>.
INFO: [Physopt 32-572] Net hash/ofifo0_req_r1_reg_10 was not replicated.
Resolution: phys_opt_design can be forced to replicate a net driver using the option -force_replication_on_nets <list of net objects>.
INFO: [Physopt 32-572] Net hash/ofifo0_req_r1_reg_11 was not replicated.
Resolution: phys_opt_design can be forced to replicate a net driver using the option -force_replication_on_nets <list of net objects>.
INFO: [Physopt 32-572] Net hash/samp2_q[2]_i_5_n_0 was not replicated.
Resolution: phys_opt_design can be forced to replicate a net driver using the option -force_replication_on_nets <list of net objects>.
INFO: [Physopt 32-572] Net hash/samp1_q[2]_i_2_n_0 was not replicated.
Resolution: phys_opt_design can be forced to replicate a net driver using the option -force_replication_on_nets <list of net objects>.
INFO: [Physopt 32-572] Net hash/samp1_q[2]_i_7_n_0 was not replicated.
Resolution: phys_opt_design can be forced to replicate a net driver using the option -force_replication_on_nets <list of net objects>.
INFO: [Physopt 32-572] Net hash/samp3_q[2]_i_6_n_0 was not replicated.
Resolution: phys_opt_design can be forced to replicate a net driver using the option -force_replication_on_nets <list of net objects>.
INFO: [Physopt 32-572] Net hash/ofifo0_req_r1_reg_2 was not replicated.
Resolution: phys_opt_design can be forced to replicate a net driver using the option -force_replication_on_nets <list of net objects>.
INFO: [Physopt 32-81] Processed net hash/samp3_q[2]_i_5_n_0. Replicated 1 times.
INFO: [Physopt 32-572] Net hash/ofifo0_req_r1_reg_6 was not replicated.
Resolution: phys_opt_design can be forced to replicate a net driver using the option -force_replication_on_nets <list of net objects>.
INFO: [Physopt 32-572] Net hash/samp3_q[1]_i_3_n_0 was not replicated.
Resolution: phys_opt_design can be forced to replicate a net driver using the option -force_replication_on_nets <list of net objects>.
INFO: [Physopt 32-572] Net hash/samp3_q[2]_i_3_n_0 was not replicated.
Resolution: phys_opt_design can be forced to replicate a net driver using the option -force_replication_on_nets <list of net objects>.
INFO: [Physopt 32-572] Net hash/samp0_q[2]_i_7_n_0 was not replicated.
Resolution: phys_opt_design can be forced to replicate a net driver using the option -force_replication_on_nets <list of net objects>.
INFO: [Physopt 32-572] Net hash/samp0_q[1]_i_5_n_0 was not replicated.
Resolution: phys_opt_design can be forced to replicate a net driver using the option -force_replication_on_nets <list of net objects>.
INFO: [Physopt 32-572] Net hash/ofifo0_req_r1_reg_3_repN_1 was not replicated.
Resolution: phys_opt_design can be forced to replicate a net driver using the option -force_replication_on_nets <list of net objects>.
INFO: [Physopt 32-232] Optimized 2 nets. Created 2 new instances.
INFO: [Physopt 32-775] End 1 Pass. Optimized 2 nets or cells. Created 2 new cells, deleted 0 existing cell and moved 0 existing cell
INFO: [Physopt 32-619] Estimated Timing Summary | WNS=-0.515 | TNS=-8.763 |
Netlist sorting complete. Time (s): cpu = 00:00:00 ; elapsed = 00:00:00.013 . Memory (MB): peak = 1861.387 ; gain = 0.000
Phase 18 Critical Cell Optimization | Checksum: 1ad79a9f4

Time (s): cpu = 00:03:57 ; elapsed = 00:02:46 . Memory (MB): peak = 1861.387 ; gain = 0.000

Phase 19 DSP Register Optimization
INFO: [Physopt 32-456] No candidate cells for DSP register optimization found in the design.
INFO: [Physopt 32-775] End 1 Pass. Optimized 0 net or cell. Created 0 new cell, deleted 0 existing cell and moved 0 existing cell
Phase 19 DSP Register Optimization | Checksum: 1ad79a9f4

Time (s): cpu = 00:03:58 ; elapsed = 00:02:46 . Memory (MB): peak = 1861.387 ; gain = 0.000

Phase 20 BRAM Register Optimization
INFO: [Physopt 32-526] No candidate cells for BRAM register optimization found in the design
INFO: [Physopt 32-775] End 1 Pass. Optimized 0 net or cell. Created 0 new cell, deleted 0 existing cell and moved 0 existing cell
Phase 20 BRAM Register Optimization | Checksum: 1ad79a9f4

Time (s): cpu = 00:03:58 ; elapsed = 00:02:46 . Memory (MB): peak = 1861.387 ; gain = 0.000

Phase 21 URAM Register Optimization
INFO: [Physopt 32-846] No candidate cells for URAM register optimization found in the design
INFO: [Physopt 32-775] End 1 Pass. Optimized 0 net or cell. Created 0 new cell, deleted 0 existing cell and moved 0 existing cell
INFO: [Physopt 32-846] No candidate cells for URAM register optimization found in the design
INFO: [Physopt 32-775] End 1 Pass. Optimized 0 net or cell. Created 0 new cell, deleted 0 existing cell and moved 0 existing cell
Phase 21 URAM Register Optimization | Checksum: 1ad79a9f4

Time (s): cpu = 00:03:58 ; elapsed = 00:02:46 . Memory (MB): peak = 1861.387 ; gain = 0.000

Phase 22 Shift Register Optimization
INFO: [Physopt 32-1401] No candidate cells found for Shift Register optimization.
INFO: [Physopt 32-677] No candidate cells for Shift Register optimization found in the design
INFO: [Physopt 32-775] End 1 Pass. Optimized 0 net or cell. Created 0 new cell, deleted 0 existing cell and moved 0 existing cell
Phase 22 Shift Register Optimization | Checksum: 1ad79a9f4

Time (s): cpu = 00:03:58 ; elapsed = 00:02:46 . Memory (MB): peak = 1861.387 ; gain = 0.000

Phase 23 DSP Register Optimization
INFO: [Physopt 32-456] No candidate cells for DSP register optimization found in the design.
INFO: [Physopt 32-775] End 1 Pass. Optimized 0 net or cell. Created 0 new cell, deleted 0 existing cell and moved 0 existing cell
Phase 23 DSP Register Optimization | Checksum: 1ad79a9f4

Time (s): cpu = 00:03:58 ; elapsed = 00:02:46 . Memory (MB): peak = 1861.387 ; gain = 0.000

Phase 24 BRAM Register Optimization
INFO: [Physopt 32-526] No candidate cells for BRAM register optimization found in the design
INFO: [Physopt 32-775] End 1 Pass. Optimized 0 net or cell. Created 0 new cell, deleted 0 existing cell and moved 0 existing cell
Phase 24 BRAM Register Optimization | Checksum: 1ad79a9f4

Time (s): cpu = 00:03:58 ; elapsed = 00:02:46 . Memory (MB): peak = 1861.387 ; gain = 0.000

Phase 25 URAM Register Optimization
INFO: [Physopt 32-846] No candidate cells for URAM register optimization found in the design
INFO: [Physopt 32-775] End 1 Pass. Optimized 0 net or cell. Created 0 new cell, deleted 0 existing cell and moved 0 existing cell
INFO: [Physopt 32-846] No candidate cells for URAM register optimization found in the design
INFO: [Physopt 32-775] End 1 Pass. Optimized 0 net or cell. Created 0 new cell, deleted 0 existing cell and moved 0 existing cell
Phase 25 URAM Register Optimization | Checksum: 1ad79a9f4

Time (s): cpu = 00:03:58 ; elapsed = 00:02:46 . Memory (MB): peak = 1861.387 ; gain = 0.000

Phase 26 Shift Register Optimization
INFO: [Physopt 32-1401] No candidate cells found for Shift Register optimization.
INFO: [Physopt 32-677] No candidate cells for Shift Register optimization found in the design
INFO: [Physopt 32-775] End 1 Pass. Optimized 0 net or cell. Created 0 new cell, deleted 0 existing cell and moved 0 existing cell
Phase 26 Shift Register Optimization | Checksum: 1ad79a9f4

Time (s): cpu = 00:03:58 ; elapsed = 00:02:46 . Memory (MB): peak = 1861.387 ; gain = 0.000

Phase 27 Critical Pin Optimization
INFO: [Physopt 32-606] Identified 43 candidate nets for critical-pin optimization.
INFO: [Physopt 32-608] Optimized 23 nets.  Swapped 521 pins.
INFO: [Physopt 32-775] End 1 Pass. Optimized 23 nets or cells. Created 0 new cell, deleted 0 existing cell and moved 521 existing cells
INFO: [Physopt 32-619] Estimated Timing Summary | WNS=-0.300 | TNS=-3.165 |
Netlist sorting complete. Time (s): cpu = 00:00:00 ; elapsed = 00:00:00.008 . Memory (MB): peak = 1861.387 ; gain = 0.000
Phase 27 Critical Pin Optimization | Checksum: 1ad79a9f4

Time (s): cpu = 00:03:58 ; elapsed = 00:02:46 . Memory (MB): peak = 1861.387 ; gain = 0.000

Phase 28 Very High Fanout Optimization
INFO: [Physopt 32-1408] Pass 1. Identified 3 candidate nets for high-fanout optimization.
INFO: [Physopt 32-572] Net hash/hash/FSM/FSM_sequential_STATE_reg[1]_1[0] was not replicated.
Resolution: phys_opt_design can be forced to replicate a net driver using the option -force_replication_on_nets <list of net objects>.
INFO: [Physopt 32-572] Net hash/hash/RoundFunction/Reg/pad_flag_reg was not replicated.
Resolution: phys_opt_design can be forced to replicate a net driver using the option -force_replication_on_nets <list of net objects>.
INFO: [Physopt 32-572] Net hash/hash/FSM/FSM_sequential_STATE_reg[0]_2[0] was not replicated.
Resolution: phys_opt_design can be forced to replicate a net driver using the option -force_replication_on_nets <list of net objects>.
INFO: [Physopt 32-232] Optimized 0 net. Created 0 new instance.
INFO: [Physopt 32-775] End 1 Pass. Optimized 0 net or cell. Created 0 new cell, deleted 0 existing cell and moved 0 existing cell
Netlist sorting complete. Time (s): cpu = 00:00:00 ; elapsed = 00:00:00.046 . Memory (MB): peak = 1861.387 ; gain = 0.000
Phase 28 Very High Fanout Optimization | Checksum: 289726455

Time (s): cpu = 00:04:24 ; elapsed = 00:03:05 . Memory (MB): peak = 1861.387 ; gain = 0.000

Phase 29 Single Cell Placement Optimization
INFO: [Physopt 32-660] Identified 150 candidate nets for placement-based optimization.
INFO: [Physopt 32-662] Processed net hash/samp0_q[2]_i_8_n_0_repN.  Did not re-place instance hash/samp0_q[2]_i_8_replica
INFO: [Physopt 32-663] Processed net hash/samp3_q[1]_i_2_n_0.  Re-placed instance hash/samp3_q[1]_i_2
INFO: [Physopt 32-662] Processed net hash/samp3_q[2]_i_2_n_0.  Did not re-place instance hash/samp3_q[2]_i_2
INFO: [Physopt 32-662] Processed net hash/samp3_q[2]_i_6_n_0.  Did not re-place instance hash/samp3_q[2]_i_6
INFO: [Physopt 32-663] Processed net hash/samp3_q[1]_i_6_n_0.  Re-placed instance hash/samp3_q[1]_i_6
INFO: [Physopt 32-662] Processed net hash/samp3_q[2]_i_7_0[0].  Did not re-place instance hash/samp3_q[0]_i_1
INFO: [Physopt 32-662] Processed net ntt/samp3_q[0].  Did not re-place instance ntt/samp3_q_reg[0]
INFO: [Physopt 32-662] Processed net hash/samp3_q[2]_i_6_0.  Did not re-place instance hash/samp3_q[11]_i_1
INFO: [Physopt 32-662] Processed net ntt/samp3_q[11].  Did not re-place instance ntt/samp3_q_reg[11]
INFO: [Physopt 32-662] Processed net hash/ofifo0_req_r1_reg_6.  Did not re-place instance hash/in1_butt[12]_i_2
INFO: [Physopt 32-662] Processed net hash/samp3_q[1]_i_3_n_0.  Did not re-place instance hash/samp3_q[1]_i_3
INFO: [Physopt 32-662] Processed net hash/ofifo0_req_r1_reg_10.  Did not re-place instance hash/in1_butt[15]_i_2
INFO: [Physopt 32-662] Processed net hash/samp0_q[1]_i_5_n_0.  Did not re-place instance hash/samp0_q[1]_i_5
INFO: [Physopt 32-662] Processed net hash/samp0_q[2]_i_7_n_0.  Did not re-place instance hash/samp0_q[2]_i_7
INFO: [Physopt 32-662] Processed net hash/ofifo0_req_r1_reg_3_repN_1.  Did not re-place instance hash/in1_butt[3]_i_2_replica_1
INFO: [Physopt 32-662] Processed net hash/D[2].  Did not re-place instance hash/samp0_q[2]_i_1
INFO: [Physopt 32-662] Processed net ntt/samp0_q[2].  Did not re-place instance ntt/samp0_q_reg[2]
INFO: [Physopt 32-662] Processed net hash/samp0_q[2]_i_7_0.  Did not re-place instance hash/samp0_q[8]_i_1
INFO: [Physopt 32-662] Processed net ntt/samp0_q[8].  Did not re-place instance ntt/samp0_q_reg[8]
INFO: [Physopt 32-662] Processed net hash/samp1_q[2]_i_2_n_0.  Did not re-place instance hash/samp1_q[2]_i_2
INFO: [Physopt 32-662] Processed net hash/samp1_q[2]_i_7_n_0.  Did not re-place instance hash/samp1_q[2]_i_7
INFO: [Physopt 32-663] Processed net hash/ofifo0_req_r1_reg_21_repN.  Re-placed instance hash/in1_butt[6]_i_2_replica
INFO: [Physopt 32-662] Processed net hash/samp1_q[2]_i_7_2.  Did not re-place instance hash/samp1_q[7]_i_1
INFO: [Physopt 32-662] Processed net ntt/samp1_q[7].  Did not re-place instance ntt/samp1_q_reg[7]
INFO: [Physopt 32-662] Processed net hash/samp3_q[2]_i_3_n_0.  Did not re-place instance hash/samp3_q[2]_i_3
INFO: [Physopt 32-662] Processed net hash/samp3_q[2]_i_7_0[2].  Did not re-place instance hash/samp3_q[2]_i_1
INFO: [Physopt 32-662] Processed net ntt/samp3_q[2].  Did not re-place instance ntt/samp3_q_reg[2]
INFO: [Physopt 32-662] Processed net hash/samp0_q[2]_i_7_1.  Did not re-place instance hash/samp0_q[7]_i_1
INFO: [Physopt 32-662] Processed net ntt/samp0_q[7].  Did not re-place instance ntt/samp0_q_reg[7]
INFO: [Physopt 32-662] Processed net hash/samp3_q[2]_i_7_2.  Did not re-place instance hash/samp3_q[7]_i_1
INFO: [Physopt 32-662] Processed net ntt/samp3_q[7].  Did not re-place instance ntt/samp3_q_reg[7]
INFO: [Physopt 32-662] Processed net hash/ofifo0_req_r1_reg_8.  Did not re-place instance hash/in1_butt[19]_i_2
INFO: [Physopt 32-662] Processed net hash/ofifo0_req_r1_reg_15.  Did not re-place instance hash/in1_butt[8]_i_2
INFO: [Physopt 32-662] Processed net hash/samp1_q[1]_i_2_n_0.  Did not re-place instance hash/samp1_q[1]_i_2
INFO: [Physopt 32-663] Processed net hash/samp1_q[2]_i_7_1.  Re-placed instance hash/samp1_q[8]_i_1
INFO: [Physopt 32-662] Processed net ntt/samp1_q[8].  Did not re-place instance ntt/samp1_q_reg[8]
INFO: [Physopt 32-662] Processed net hash/samp3_q[2]_i_7_1.  Did not re-place instance hash/samp3_q[8]_i_1
INFO: [Physopt 32-662] Processed net ntt/samp3_q[8].  Did not re-place instance ntt/samp3_q_reg[8]
INFO: [Physopt 32-663] Processed net hash/samp1_q[1]_i_5_n_0.  Re-placed instance hash/samp1_q[1]_i_5
INFO: [Physopt 32-662] Processed net hash/ofifo0_req_r1_reg_21.  Did not re-place instance hash/in1_butt[6]_i_2
INFO: [Physopt 32-663] Processed net hash/samp1_q[2]_i_4_n_0.  Re-placed instance hash/samp1_q[2]_i_4
INFO: [Physopt 32-662] Processed net hash/ofifo0_req_r1_reg_14.  Did not re-place instance hash/in1_butt[10]_i_2
INFO: [Physopt 32-662] Processed net hash/samp1_q[1]_i_6_n_0.  Did not re-place instance hash/samp1_q[1]_i_6
INFO: [Physopt 32-662] Processed net hash/samp1_q[2]_i_7_0[2].  Did not re-place instance hash/samp1_q[2]_i_1
INFO: [Physopt 32-662] Processed net ntt/samp1_q[2].  Did not re-place instance ntt/samp1_q_reg[2]
INFO: [Physopt 32-663] Processed net hash/samp3_q[2]_i_5_n_0.  Re-placed instance hash/samp3_q[2]_i_5
INFO: [Physopt 32-662] Processed net hash/samp2_q[2]_i_4_n_0.  Did not re-place instance hash/samp2_q[2]_i_4
INFO: [Physopt 32-663] Processed net hash/samp2_q[1]_i_4_n_0.  Re-placed instance hash/samp2_q[1]_i_4
INFO: [Physopt 32-662] Processed net hash/samp2_q[2]_i_6_2.  Did not re-place instance hash/samp2_q[7]_i_1
INFO: [Physopt 32-662] Processed net ntt/samp2_q[7].  Did not re-place instance ntt/samp2_q_reg[7]
INFO: [Physopt 32-662] Processed net hash/samp3_q[2]_i_7_n_0.  Did not re-place instance hash/samp3_q[2]_i_7
INFO: [Physopt 32-662] Processed net hash/samp2_q[2]_i_6_1.  Did not re-place instance hash/samp2_q[8]_i_1
INFO: [Physopt 32-662] Processed net ntt/samp2_q[8].  Did not re-place instance ntt/samp2_q_reg[8]
INFO: [Physopt 32-662] Processed net hash/samp0_q[2]_i_3_n_0.  Did not re-place instance hash/samp0_q[2]_i_3
INFO: [Physopt 32-662] Processed net hash/samp3_q[2]_i_5_n_0_repN.  Did not re-place instance hash/samp3_q[2]_i_5_replica
INFO: [Physopt 32-662] Processed net hash/D[0].  Did not re-place instance hash/samp0_q[0]_i_1
INFO: [Physopt 32-662] Processed net ntt/samp0_q[0].  Did not re-place instance ntt/samp0_q_reg[0]
INFO: [Physopt 32-662] Processed net hash/ofifo0_req_r1_reg_1.  Did not re-place instance hash/in1_butt[4]_i_2
INFO: [Physopt 32-662] Processed net hash/samp0_q[1]_i_4_n_0.  Did not re-place instance hash/samp0_q[1]_i_4
INFO: [Physopt 32-662] Processed net hash/ofifo0_req_r1_reg_18.  Did not re-place instance hash/in1_butt[9]_i_2
INFO: [Physopt 32-663] Processed net hash/ofifo0_req_r1_reg_0_repN.  Re-placed instance hash/in1_butt[5]_i_2_replica
INFO: [Physopt 32-662] Processed net hash/samp1_q[1]_i_4_n_0.  Did not re-place instance hash/samp1_q[1]_i_4
INFO: [Physopt 32-662] Processed net hash/samp1_q[2]_i_6_n_0_repN.  Did not re-place instance hash/samp1_q[2]_i_6_replica
INFO: [Physopt 32-662] Processed net hash/ofifo0_req_r1_reg_2.  Did not re-place instance hash/in1_butt[1]_i_2
INFO: [Physopt 32-662] Processed net hash/p_1_in0.  Did not re-place instance hash/samp0_q[11]_i_1
INFO: [Physopt 32-662] Processed net ntt/samp0_q[11].  Did not re-place instance ntt/samp0_q_reg[11]
INFO: [Physopt 32-662] Processed net hash/samp0_q[2]_i_2_n_0.  Did not re-place instance hash/samp0_q[2]_i_2
INFO: [Physopt 32-662] Processed net hash/samp3_q[2]_i_3_n_0_repN.  Did not re-place instance hash/samp3_q[2]_i_3_replica
INFO: [Physopt 32-662] Processed net hash/ofifo0_req_r1_reg_9.  Did not re-place instance hash/in1_butt[13]_i_2
INFO: [Physopt 32-662] Processed net hash/samp0_q[2]_i_6_n_0.  Did not re-place instance hash/samp0_q[2]_i_6
INFO: [Physopt 32-662] Processed net hash/samp2_q[2]_i_3_n_0.  Did not re-place instance hash/samp2_q[2]_i_3
INFO: [Physopt 32-662] Processed net hash/ofifo0_req_r1_reg_16.  Did not re-place instance hash/in1_butt[11]_i_2
INFO: [Physopt 32-662] Processed net hash/samp1_q[2]_i_5_n_0.  Did not re-place instance hash/samp1_q[2]_i_5
INFO: [Physopt 32-662] Processed net hash/samp0_q[2]_i_5_n_0.  Did not re-place instance hash/samp0_q[2]_i_5
INFO: [Physopt 32-662] Processed net hash/samp2_q[2]_i_6_0[2].  Did not re-place instance hash/samp2_q[2]_i_1
INFO: [Physopt 32-662] Processed net ntt/samp2_q[2].  Did not re-place instance ntt/samp2_q_reg[2]
INFO: [Physopt 32-662] Processed net hash/samp1_q[2]_i_7_0[0].  Did not re-place instance hash/samp1_q[0]_i_1
INFO: [Physopt 32-662] Processed net ntt/samp1_q[0].  Did not re-place instance ntt/samp1_q_reg[0]
INFO: [Physopt 32-662] Processed net ntt/ctrl_butt[2]_repN.  Did not re-place instance ntt/ctrl_butt_reg[2]_replica
INFO: [Physopt 32-662] Processed net ntt/BU/sum_in1__0_carry__0_i_3_n_0.  Did not re-place instance ntt/BU/sum_in1__0_carry__0_i_3
INFO: [Physopt 32-662] Processed net ntt/BU/sum_in1__0_carry__0_i_7_n_0.  Did not re-place instance ntt/BU/sum_in1__0_carry__0_i_7
INFO: [Physopt 32-662] Processed net ntt/BU/sum_in1_q_carry_i_1_n_0.  Did not re-place instance ntt/BU/sum_in1_q_carry_i_1
INFO: [Physopt 32-662] Processed net ntt/BU/sum_in1_reg[9]_i_1_n_0.  Did not re-place instance ntt/BU/sum_in1_reg[9]_i_1
INFO: [Physopt 32-662] Processed net ntt/BU/sum_in1_reg[9].  Did not re-place instance ntt/BU/sum_in1_reg_reg[9]
INFO: [Physopt 32-662] Processed net hash/ofifo0_req_r1_reg_20.  Did not re-place instance hash/in1_butt[7]_i_2
INFO: [Physopt 32-662] Processed net hash/ofifo0_req_r1_reg_3_repN.  Did not re-place instance hash/in1_butt[3]_i_2_replica
INFO: [Physopt 32-662] Processed net hash/samp0_q[1]_i_6_n_0.  Did not re-place instance hash/samp0_q[1]_i_6
INFO: [Physopt 32-662] Processed net hash/samp1_q[2]_i_6_0.  Did not re-place instance hash/samp1_q[11]_i_1
INFO: [Physopt 32-662] Processed net ntt/samp1_q[11].  Did not re-place instance ntt/samp1_q_reg[11]
INFO: [Physopt 32-663] Processed net hash/samp0_q[2]_i_4_n_0.  Re-placed instance hash/samp0_q[2]_i_4
INFO: [Physopt 32-662] Processed net ntt/BU/sum_in1_q_carry_i_2_n_0.  Did not re-place instance ntt/BU/sum_in1_q_carry_i_2
INFO: [Physopt 32-662] Processed net hash/samp2_q[2]_i_2_n_0.  Did not re-place instance hash/samp2_q[2]_i_2
INFO: [Physopt 32-662] Processed net hash/samp2_q[2]_i_6_0[1].  Did not re-place instance hash/samp2_q[1]_i_1
INFO: [Physopt 32-662] Processed net ntt/samp2_q[1].  Did not re-place instance ntt/samp2_q_reg[1]
INFO: [Physopt 32-662] Processed net hash/samp2_q[2]_i_6_0[0].  Did not re-place instance hash/samp2_q[0]_i_1
INFO: [Physopt 32-662] Processed net ntt/samp2_q[0].  Did not re-place instance ntt/samp2_q_reg[0]
INFO: [Physopt 32-662] Processed net ntt/BU/sum_in1__0_carry_i_3_n_0.  Did not re-place instance ntt/BU/sum_in1__0_carry_i_3
INFO: [Physopt 32-662] Processed net ntt/BU/sum_in1__0_carry_i_7_n_0.  Did not re-place instance ntt/BU/sum_in1__0_carry_i_7
INFO: [Physopt 32-662] Processed net ntt/BU/sum_in1__0_carry_i_1_n_0.  Did not re-place instance ntt/BU/sum_in1__0_carry_i_1
INFO: [Physopt 32-662] Processed net ntt/BU/sum_in1__0_carry_i_5_n_0.  Did not re-place instance ntt/BU/sum_in1__0_carry_i_5
INFO: [Physopt 32-662] Processed net hash/ofifo0_req_r1_reg_7.  Did not re-place instance hash/in1_butt[18]_i_2
INFO: [Physopt 32-662] Processed net ntt/BU/sum_in1__0_carry_i_6_n_0.  Did not re-place instance ntt/BU/sum_in1__0_carry_i_6
INFO: [Physopt 32-662] Processed net ntt/BU/sum_in1__0_carry_i_9_n_0.  Did not re-place instance ntt/BU/sum_in1__0_carry_i_9
INFO: [Physopt 32-662] Processed net hash/ofifo0_req_r1_reg.  Did not re-place instance hash/in1_butt[2]_i_2
INFO: [Physopt 32-662] Processed net ntt/BU/sum_in1__0_carry__0_i_4_n_0.  Did not re-place instance ntt/BU/sum_in1__0_carry__0_i_4
INFO: [Physopt 32-663] Processed net ntt/ctrl_butt[2].  Re-placed instance ntt/ctrl_butt_reg[2]
INFO: [Physopt 32-662] Processed net hash/ofifo0_req_r1_reg_17.  Did not re-place instance hash/in1_butt[16]_i_2
INFO: [Physopt 32-662] Processed net ntt/BU/sum_in1_reg[8]_i_1_n_0.  Did not re-place instance ntt/BU/sum_in1_reg[8]_i_1
INFO: [Physopt 32-662] Processed net ntt/BU/sum_in1_reg[8].  Did not re-place instance ntt/BU/sum_in1_reg_reg[8]
INFO: [Physopt 32-662] Processed net hash/samp3_q[2]_i_4_n_0.  Did not re-place instance hash/samp3_q[2]_i_4
INFO: [Physopt 32-662] Processed net hash/ofifo0_req_r1_reg_4.  Did not re-place instance hash/in1_butt[14]_i_2
INFO: [Physopt 32-663] Processed net hash/samp2_q[2]_i_6_n_0.  Re-placed instance hash/samp2_q[2]_i_6
INFO: [Physopt 32-662] Processed net hash/samp1_q[2]_i_3_n_0.  Did not re-place instance hash/samp1_q[2]_i_3
INFO: [Physopt 32-662] Processed net hash/samp2_q[2]_i_4_0.  Did not re-place instance hash/samp2_q[11]_i_1
INFO: [Physopt 32-662] Processed net ntt/samp2_q[11].  Did not re-place instance ntt/samp2_q_reg[11]
INFO: [Physopt 32-663] Processed net ntt/in0_butt_reg_n_0_[14].  Re-placed instance ntt/in0_butt_reg[14]
INFO: [Physopt 32-662] Processed net hash/ofifo0_req_r1_reg_22.  Did not re-place instance hash/in1_butt[0]_i_2
INFO: [Physopt 32-662] Processed net ntt/BU/sum_in1_reg[10]_i_1_n_0.  Did not re-place instance ntt/BU/sum_in1_reg[10]_i_1
INFO: [Physopt 32-662] Processed net ntt/BU/sum_in1_reg[10].  Did not re-place instance ntt/BU/sum_in1_reg_reg[10]
INFO: [Physopt 32-662] Processed net ntt/BU/sum_in1__0_carry__0_i_8_n_0.  Did not re-place instance ntt/BU/sum_in1__0_carry__0_i_8
INFO: [Physopt 32-662] Processed net ntt/BU/sum_in1_reg[7]_i_1_n_0.  Did not re-place instance ntt/BU/sum_in1_reg[7]_i_1
INFO: [Physopt 32-662] Processed net ntt/BU/sum_in1_reg[7].  Did not re-place instance ntt/BU/sum_in1_reg_reg[7]
INFO: [Physopt 32-662] Processed net ntt/BU/sum_in1__0_carry__1_i_4_n_0.  Did not re-place instance ntt/BU/sum_in1__0_carry__1_i_4
INFO: [Physopt 32-662] Processed net hash/samp2_q[2]_i_5_n_0.  Did not re-place instance hash/samp2_q[2]_i_5
INFO: [Physopt 32-662] Processed net hash/samp1_q[1]_i_3_n_0.  Did not re-place instance hash/samp1_q[1]_i_3
INFO: [Physopt 32-662] Processed net hash/samp0_q[1]_i_3_n_0.  Did not re-place instance hash/samp0_q[1]_i_3
INFO: [Physopt 32-662] Processed net hash/samp3_q[1]_i_5_n_0.  Did not re-place instance hash/samp3_q[1]_i_5
INFO: [Physopt 32-662] Processed net ntt/BU/sum_in1_reg[11]_i_1_n_0.  Did not re-place instance ntt/BU/sum_in1_reg[11]_i_1
INFO: [Physopt 32-662] Processed net ntt/BU/sum_in1_reg[11].  Did not re-place instance ntt/BU/sum_in1_reg_reg[11]
INFO: [Physopt 32-662] Processed net hash/ofifo0_req_r1_reg_12.  Did not re-place instance hash/in1_butt[23]_i_2
INFO: [Physopt 32-663] Processed net ntt/BU/sum_in1__0_carry__1_i_2_n_0.  Re-placed instance ntt/BU/sum_in1__0_carry__1_i_2
INFO: [Physopt 32-662] Processed net ntt/BU/sum_in1__0_carry__1_i_6_n_0.  Did not re-place instance ntt/BU/sum_in1__0_carry__1_i_6
INFO: [Physopt 32-662] Processed net ntt/BU/sum_in1__0_carry__1_i_8_n_0.  Did not re-place instance ntt/BU/sum_in1__0_carry__1_i_8
INFO: [Physopt 32-662] Processed net ntt/BU/sum_in1__0_carry__0_i_2_n_0.  Did not re-place instance ntt/BU/sum_in1__0_carry__0_i_2
INFO: [Physopt 32-662] Processed net ntt/BU/sum_in1__0_carry__0_i_6_n_0.  Did not re-place instance ntt/BU/sum_in1__0_carry__0_i_6
INFO: [Physopt 32-662] Processed net ntt/BU/sum_in1__0_carry__1_i_7_n_0.  Did not re-place instance ntt/BU/sum_in1__0_carry__1_i_7
INFO: [Physopt 32-662] Processed net ntt/BU/sum_in1__0_carry__1_i_9_n_0.  Did not re-place instance ntt/BU/sum_in1__0_carry__1_i_9
INFO: [Physopt 32-662] Processed net hash/samp1_q[2]_i_6_n_0.  Did not re-place instance hash/samp1_q[2]_i_6
INFO: [Physopt 32-662] Processed net hash/ofifo0_req_r1_reg_11.  Did not re-place instance hash/in1_butt[22]_i_2
INFO: [Physopt 32-662] Processed net ntt/in0_butt_reg_n_0_[12].  Did not re-place instance ntt/in0_butt_reg[12]
INFO: [Physopt 32-663] Processed net hash/samp0_q[1]_i_2_n_0.  Re-placed instance hash/samp0_q[1]_i_2
INFO: [Physopt 32-662] Processed net hash/D[1].  Did not re-place instance hash/samp0_q[1]_i_1
INFO: [Physopt 32-662] Processed net ntt/samp0_q[1].  Did not re-place instance ntt/samp0_q_reg[1]
INFO: [Physopt 32-662] Processed net hash/ofifo0_req_r1_reg_5.  Did not re-place instance hash/in1_butt[21]_i_2
INFO: [Physopt 32-662] Processed net ntt/BU/sum_in1_reg[4]_i_1_n_0.  Did not re-place instance ntt/BU/sum_in1_reg[4]_i_1
INFO: [Physopt 32-662] Processed net ntt/BU/sum_in1_reg[4].  Did not re-place instance ntt/BU/sum_in1_reg_reg[4]
INFO: [Physopt 32-662] Processed net ntt/in1_butt_reg_n_0_[5].  Did not re-place instance ntt/in1_butt_reg[5]
INFO: [Physopt 32-663] Processed net hash/ofifo0_req_r1_reg_0.  Re-placed instance hash/in1_butt[5]_i_2
INFO: [Physopt 32-662] Processed net ntt/in1_butt[5].  Did not re-place instance ntt/in1_butt[5]_i_1
INFO: [Physopt 32-662] Processed net hash/ofifo0_req_r1_reg_13.  Did not re-place instance hash/in1_butt[20]_i_2
INFO: [Physopt 32-661] Optimized 16 nets.  Re-placed 16 instances.
INFO: [Physopt 32-775] End 1 Pass. Optimized 16 nets or cells. Created 0 new cell, deleted 0 existing cell and moved 16 existing cells
INFO: [Physopt 32-619] Estimated Timing Summary | WNS=-0.290 | TNS=-2.808 |
Netlist sorting complete. Time (s): cpu = 00:00:00 ; elapsed = 00:00:00.005 . Memory (MB): peak = 1861.387 ; gain = 0.000
Phase 29 Single Cell Placement Optimization | Checksum: 202edbb40

Time (s): cpu = 00:04:44 ; elapsed = 00:03:19 . Memory (MB): peak = 1861.387 ; gain = 0.000

Phase 30 Multi Cell Placement Optimization
INFO: [Physopt 32-660] Identified 100 candidate nets for placement-based optimization.
INFO: [Physopt 32-662] Processed net hash/samp3_q[1]_i_2_n_0.  Did not re-place instance hash/samp3_q[1]_i_2/O
INFO: [Physopt 32-662] Processed net hash/samp3_q[2]_i_2_n_0.  Did not re-place instance hash/samp3_q[2]_i_2/O
INFO: [Physopt 32-662] Processed net hash/ofifo0_req_r1_reg_8.  Did not re-place instance hash/in1_butt[19]_i_2/O
INFO: [Physopt 32-662] Processed net hash/samp3_q[2]_i_7_0[0].  Did not re-place instance hash/samp3_q[0]_i_1/O
INFO: [Physopt 32-662] Processed net hash/samp3_q[2]_i_6_0.  Did not re-place instance hash/samp3_q[11]_i_1/O
INFO: [Physopt 32-662] Processed net hash/samp3_q[1]_i_3_n_0.  Did not re-place instance hash/samp3_q[1]_i_3/O
INFO: [Physopt 32-662] Processed net hash/ofifo0_req_r1_reg_6.  Did not re-place instance hash/in1_butt[12]_i_2/O
INFO: [Physopt 32-662] Processed net hash/samp0_q[1]_i_5_n_0.  Did not re-place instance hash/samp0_q[1]_i_5/O
INFO: [Physopt 32-662] Processed net hash/samp0_q[2]_i_7_n_0.  Did not re-place instance hash/samp0_q[2]_i_7/O
INFO: [Physopt 32-662] Processed net hash/ofifo0_req_r1_reg_3_repN_1.  Did not re-place instance hash/in1_butt[3]_i_2_replica_1/O
INFO: [Physopt 32-663] Processed net hash/D[2].  Re-placed instance hash/samp0_q[2]_i_1/O
INFO: [Physopt 32-662] Processed net hash/samp0_q[2]_i_7_0.  Did not re-place instance hash/samp0_q[8]_i_1/O
INFO: [Physopt 32-662] Processed net hash/ofifo0_req_r1_reg_9.  Did not re-place instance hash/in1_butt[13]_i_2/O
INFO: [Physopt 32-662] Processed net hash/samp0_q[2]_i_7_1.  Did not re-place instance hash/samp0_q[7]_i_1/O
INFO: [Physopt 32-662] Processed net hash/samp3_q[2]_i_6_n_0.  Did not re-place instance hash/samp3_q[2]_i_6/O
INFO: [Physopt 32-662] Processed net hash/samp3_q[1]_i_6_n_0.  Did not re-place instance hash/samp3_q[1]_i_6/O
INFO: [Physopt 32-662] Processed net hash/ofifo0_req_r1_reg_10.  Did not re-place instance hash/in1_butt[15]_i_2/O
INFO: [Physopt 32-662] Processed net hash/ofifo0_req_r1_reg_15.  Did not re-place instance hash/in1_butt[8]_i_2/O
INFO: [Physopt 32-662] Processed net hash/samp1_q[2]_i_7_n_0.  Did not re-place instance hash/samp1_q[2]_i_7/O
INFO: [Physopt 32-662] Processed net hash/samp1_q[1]_i_2_n_0.  Did not re-place instance hash/samp1_q[1]_i_2/O
INFO: [Physopt 32-662] Processed net hash/samp1_q[2]_i_7_2.  Did not re-place instance hash/samp1_q[7]_i_1/O
INFO: [Physopt 32-662] Processed net hash/samp1_q[2]_i_2_n_0.  Did not re-place instance hash/samp1_q[2]_i_2/O
INFO: [Physopt 32-663] Processed net hash/ofifo0_req_r1_reg_21_repN.  Re-placed instance hash/in1_butt[6]_i_2_replica/O
INFO: [Physopt 32-662] Processed net hash/samp3_q[2]_i_3_n_0.  Did not re-place instance hash/samp3_q[2]_i_3/O
INFO: [Physopt 32-662] Processed net hash/samp3_q[2]_i_7_0[2].  Did not re-place instance hash/samp3_q[2]_i_1/O
INFO: [Physopt 32-662] Processed net hash/samp3_q[2]_i_7_2.  Did not re-place instance hash/samp3_q[7]_i_1/O
INFO: [Physopt 32-662] Processed net hash/samp3_q[2]_i_7_1.  Did not re-place instance hash/samp3_q[8]_i_1/O
INFO: [Physopt 32-663] Processed net hash/samp1_q[2]_i_4_n_0.  Re-placed instance hash/samp1_q[2]_i_4/O
INFO: [Physopt 32-663] Processed net hash/ofifo0_req_r1_reg_14.  Re-placed instance hash/in1_butt[10]_i_2/O
INFO: [Physopt 32-662] Processed net hash/samp1_q[1]_i_6_n_0.  Did not re-place instance hash/samp1_q[1]_i_6/O
INFO: [Physopt 32-662] Processed net hash/samp3_q[2]_i_7_n_0.  Did not re-place instance hash/samp3_q[2]_i_7/O
INFO: [Physopt 32-662] Processed net hash/samp1_q[2]_i_7_1.  Did not re-place instance hash/samp1_q[8]_i_1/O
INFO: [Physopt 32-662] Processed net hash/samp0_q[2]_i_3_n_0.  Did not re-place instance hash/samp0_q[2]_i_3/O
INFO: [Physopt 32-662] Processed net hash/samp0_q[2]_i_8_n_0_repN.  Did not re-place instance hash/samp0_q[2]_i_8_replica/O
INFO: [Physopt 32-662] Processed net hash/samp1_q[2]_i_7_0[2].  Did not re-place instance hash/samp1_q[2]_i_1/O
INFO: [Physopt 32-662] Processed net hash/samp3_q[2]_i_5_n_0_repN.  Did not re-place instance hash/samp3_q[2]_i_5_replica/O
INFO: [Physopt 32-662] Processed net hash/D[0].  Did not re-place instance hash/samp0_q[0]_i_1/O
INFO: [Physopt 32-662] Processed net hash/ofifo0_req_r1_reg_1.  Did not re-place instance hash/in1_butt[4]_i_2/O
INFO: [Physopt 32-662] Processed net hash/samp0_q[1]_i_4_n_0.  Did not re-place instance hash/samp0_q[1]_i_4/O
INFO: [Physopt 32-662] Processed net hash/ofifo0_req_r1_reg_2.  Did not re-place instance hash/in1_butt[1]_i_2/O
INFO: [Physopt 32-662] Processed net hash/samp2_q[2]_i_4_n_0.  Did not re-place instance hash/samp2_q[2]_i_4/O
INFO: [Physopt 32-662] Processed net hash/samp2_q[1]_i_4_n_0.  Did not re-place instance hash/samp2_q[1]_i_4/O
INFO: [Physopt 32-662] Processed net hash/ofifo0_req_r1_reg_11.  Did not re-place instance hash/in1_butt[22]_i_2/O
INFO: [Physopt 32-662] Processed net hash/samp2_q[2]_i_6_2.  Did not re-place instance hash/samp2_q[7]_i_1/O
INFO: [Physopt 32-663] Processed net hash/ofifo0_req_r1_reg_16.  Re-placed instance hash/in1_butt[11]_i_2/O
INFO: [Physopt 32-662] Processed net hash/p_1_in0.  Did not re-place instance hash/samp0_q[11]_i_1/O
INFO: [Physopt 32-662] Processed net hash/samp0_q[2]_i_2_n_0.  Did not re-place instance hash/samp0_q[2]_i_2/O
INFO: [Physopt 32-662] Processed net hash/ofifo0_req_r1_reg_18.  Did not re-place instance hash/in1_butt[9]_i_2/O
INFO: [Physopt 32-662] Processed net hash/samp1_q[2]_i_5_n_0.  Did not re-place instance hash/samp1_q[2]_i_5/O
INFO: [Physopt 32-663] Processed net hash/samp1_q[1]_i_5_n_0.  Re-placed instance hash/samp1_q[1]_i_5/O
INFO: [Physopt 32-663] Processed net hash/ofifo0_req_r1_reg_21.  Re-placed instance hash/in1_butt[6]_i_2/O
INFO: [Physopt 32-662] Processed net hash/samp2_q[2]_i_6_1.  Did not re-place instance hash/samp2_q[8]_i_1/O
INFO: [Physopt 32-662] Processed net hash/samp0_q[2]_i_6_n_0.  Did not re-place instance hash/samp0_q[2]_i_6/O
INFO: [Physopt 32-662] Processed net hash/samp2_q[2]_i_3_n_0.  Did not re-place instance hash/samp2_q[2]_i_3/O
INFO: [Physopt 32-662] Processed net hash/samp0_q[2]_i_5_n_0.  Did not re-place instance hash/samp0_q[2]_i_5/O
INFO: [Physopt 32-662] Processed net hash/samp3_q[2]_i_5_n_0.  Did not re-place instance hash/samp3_q[2]_i_5/O
INFO: [Physopt 32-662] Processed net hash/samp1_q[2]_i_7_0[0].  Did not re-place instance hash/samp1_q[0]_i_1/O
INFO: [Physopt 32-662] Processed net hash/samp2_q[2]_i_5_n_0.  Did not re-place instance hash/samp2_q[2]_i_5/O
INFO: [Physopt 32-662] Processed net hash/samp2_q[2]_i_6_0[0].  Did not re-place instance hash/samp2_q[0]_i_1/O
INFO: [Physopt 32-662] Processed net hash/samp1_q[2]_i_6_0.  Did not re-place instance hash/samp1_q[11]_i_1/O
INFO: [Physopt 32-662] Processed net hash/samp3_q[2]_i_3_n_0_repN.  Did not re-place instance hash/samp3_q[2]_i_3_replica/O
INFO: [Physopt 32-662] Processed net ntt/ctrl_butt[2]_repN.  Did not re-place instance ntt/ctrl_butt_reg[2]_replica/Q
INFO: [Physopt 32-662] Processed net ntt/BU/sum_in1__0_carry__0_i_3_n_0.  Did not re-place instance ntt/BU/sum_in1__0_carry__0_i_3/O
INFO: [Physopt 32-662] Processed net ntt/BU/sum_in1_reg[9]_i_1_n_0.  Did not re-place instance ntt/BU/sum_in1_reg[9]_i_1/O
INFO: [Physopt 32-662] Processed net hash/samp2_q[2]_i_4_0.  Did not re-place instance hash/samp2_q[11]_i_1/O
INFO: [Physopt 32-663] Processed net hash/ofifo0_req_r1_reg_3_repN.  Re-placed instance hash/in1_butt[3]_i_2_replica/O
INFO: [Physopt 32-662] Processed net hash/ofifo0_req_r1_reg_0_repN.  Did not re-place instance hash/in1_butt[5]_i_2_replica/O
INFO: [Physopt 32-663] Processed net hash/samp1_q[1]_i_4_n_0.  Re-placed instance hash/samp1_q[1]_i_4/O
INFO: [Physopt 32-662] Processed net hash/samp1_q[2]_i_6_n_0_repN.  Did not re-place instance hash/samp1_q[2]_i_6_replica/O
INFO: [Physopt 32-661] Optimized 9 nets.  Re-placed 19 instances.
INFO: [Physopt 32-775] End 1 Pass. Optimized 9 nets or cells. Created 0 new cell, deleted 0 existing cell and moved 19 existing cells
INFO: [Physopt 32-619] Estimated Timing Summary | WNS=-0.290 | TNS=-3.151 |
Netlist sorting complete. Time (s): cpu = 00:00:00 ; elapsed = 00:00:00.006 . Memory (MB): peak = 1861.387 ; gain = 0.000
Phase 30 Multi Cell Placement Optimization | Checksum: 22bbf6edf

Time (s): cpu = 00:05:36 ; elapsed = 00:03:54 . Memory (MB): peak = 1861.387 ; gain = 0.000

Phase 31 SLR Crossing Optimization
Phase 31 SLR Crossing Optimization | Checksum: 22bbf6edf

Time (s): cpu = 00:05:36 ; elapsed = 00:03:54 . Memory (MB): peak = 1861.387 ; gain = 0.000

Phase 32 Critical Path Optimization
INFO: [Physopt 32-619] Estimated Timing Summary | WNS=-0.290 | TNS=-3.151 |
INFO: [Physopt 32-702] Processed net ntt/samp3_q[0]. Optimizations did not improve timing on the net.
INFO: [Physopt 32-702] Processed net DFIFO/U0/inst_fifo_gen/gconvfifo.rf/grf.rf/gntv_or_sync_fifo.mem/gbm.gbmg.gbmga.ngecc.bmg/inst_blk_mem_gen/gnbram.gnativebmg.native_blk_mem_gen/valid.cstr/ramloop[0].ram.r/prim_noinit.ram/doutb[19]. Optimizations did not improve timing on the net.
INFO: [Physopt 32-702] Processed net hash/samp3_q[2]_i_2_n_0. Optimizations did not improve timing on the net.
INFO: [Physopt 32-710] Processed net hash/samp3_q[2]_i_2_n_0. Critical path length was reduced through logic transformation on cell hash/samp3_q[2]_i_2_comp.
INFO: [Physopt 32-735] Processed net hash/samp3_q[1]_i_2_n_0. Optimization improves timing on the net.
INFO: [Physopt 32-619] Estimated Timing Summary | WNS=-0.265 | TNS=-3.084 |
INFO: [Physopt 32-702] Processed net DFIFO/U0/inst_fifo_gen/gconvfifo.rf/grf.rf/gntv_or_sync_fifo.mem/gbm.gbmg.gbmga.ngecc.bmg/inst_blk_mem_gen/gnbram.gnativebmg.native_blk_mem_gen/valid.cstr/ramloop[0].ram.r/prim_noinit.ram/doutb[12]. Optimizations did not improve timing on the net.
INFO: [Physopt 32-608] Optimized 1 net.  Swapped 24 pins.
INFO: [Physopt 32-735] Processed net hash/samp3_q[1]_i_3_n_0. Optimization improves timing on the net.
INFO: [Physopt 32-619] Estimated Timing Summary | WNS=-0.254 | TNS=-2.979 |
INFO: [Physopt 32-702] Processed net ntt/samp0_q[8]. Optimizations did not improve timing on the net.
INFO: [Physopt 32-702] Processed net DFIFO/U0/inst_fifo_gen/gconvfifo.rf/grf.rf/gntv_or_sync_fifo.mem/gbm.gbmg.gbmga.ngecc.bmg/inst_blk_mem_gen/gnbram.gnativebmg.native_blk_mem_gen/valid.cstr/ramloop[0].ram.r/prim_noinit.ram/doutb[3]. Optimizations did not improve timing on the net.
INFO: [Physopt 32-702] Processed net hash/samp0_q[2]_i_7_n_0. Optimizations did not improve timing on the net.
INFO: [Physopt 32-608] Optimized 1 net.  Swapped 19 pins.
INFO: [Physopt 32-735] Processed net hash/samp0_q[1]_i_5_n_0. Optimization improves timing on the net.
INFO: [Physopt 32-619] Estimated Timing Summary | WNS=-0.248 | TNS=-2.734 |
INFO: [Physopt 32-702] Processed net DFIFO/U0/inst_fifo_gen/gconvfifo.rf/grf.rf/gntv_or_sync_fifo.mem/gbm.gbmg.gbmga.ngecc.bmg/inst_blk_mem_gen/gnbram.gnativebmg.native_blk_mem_gen/valid.cstr/ramloop[0].ram.r/prim_noinit.ram/doutb[15]. Optimizations did not improve timing on the net.
INFO: [Physopt 32-608] Optimized 1 net.  Swapped 23 pins.
INFO: [Physopt 32-735] Processed net hash/samp3_q[2]_i_6_n_0. Optimization improves timing on the net.
INFO: [Physopt 32-619] Estimated Timing Summary | WNS=-0.234 | TNS=-2.482 |
INFO: [Physopt 32-702] Processed net ntt/samp0_q[2]. Optimizations did not improve timing on the net.
INFO: [Physopt 32-702] Processed net hash/fifo2/U0/inst_fifo_gen/gconvfifo.rf/grf.rf/gntv_or_sync_fifo.mem/gbm.gbmg.gbmga.ngecc.bmg/inst_blk_mem_gen/gnbram.gnativebmg.native_blk_mem_gen/valid.cstr/ramloop[0].ram.r/prim_noinit.ram/doutb[4]. Optimizations did not improve timing on the net.
INFO: [Physopt 32-702] Processed net hash/samp0_q[2]_i_2_n_0. Optimizations did not improve timing on the net.
INFO: [Physopt 32-702] Processed net hash/samp0_q[1]_i_4_n_0. Optimizations did not improve timing on the net.
INFO: [Physopt 32-710] Processed net hash/samp0_q[1]_i_4_n_0. Critical path length was reduced through logic transformation on cell hash/samp0_q[1]_i_4_comp.
INFO: [Physopt 32-735] Processed net hash/ofifo0_req_r1_reg_1. Optimization improves timing on the net.
INFO: [Physopt 32-619] Estimated Timing Summary | WNS=-0.228 | TNS=-2.464 |
INFO: [Physopt 32-702] Processed net hash/fifo2/U0/inst_fifo_gen/gconvfifo.rf/grf.rf/gntv_or_sync_fifo.mem/gbm.gbmg.gbmga.ngecc.bmg/inst_blk_mem_gen/gnbram.gnativebmg.native_blk_mem_gen/valid.cstr/ramloop[0].ram.r/prim_noinit.ram/doutb[1]. Optimizations did not improve timing on the net.
INFO: [Physopt 32-608] Optimized 1 net.  Swapped 22 pins.
INFO: [Physopt 32-735] Processed net hash/ofifo0_req_r1_reg_2. Optimization improves timing on the net.
INFO: [Physopt 32-619] Estimated Timing Summary | WNS=-0.205 | TNS=-2.395 |
INFO: [Physopt 32-702] Processed net hash/fifo1/U0/inst_fifo_gen/gconvfifo.rf/grf.rf/gntv_or_sync_fifo.mem/gbm.gbmg.gbmga.ngecc.bmg/inst_blk_mem_gen/gnbram.gnativebmg.native_blk_mem_gen/valid.cstr/ramloop[0].ram.r/prim_noinit.ram/doutb[4]. Optimizations did not improve timing on the net.
INFO: [Physopt 32-702] Processed net hash/ofifo0_req_r1_reg_1_repN_1. Optimizations did not improve timing on the net.
INFO: [Physopt 32-608] Optimized 1 net.  Swapped 6 pins.
INFO: [Physopt 32-735] Processed net hash/D[2]. Optimization improves timing on the net.
INFO: [Physopt 32-619] Estimated Timing Summary | WNS=-0.205 | TNS=-2.369 |
INFO: [Physopt 32-702] Processed net ntt/samp1_q[7]. Optimizations did not improve timing on the net.
INFO: [Physopt 32-702] Processed net DFIFO/U0/inst_fifo_gen/gconvfifo.rf/grf.rf/gntv_or_sync_fifo.mem/gbm.gbmg.gbmga.ngecc.bmg/inst_blk_mem_gen/gnbram.gnativebmg.native_blk_mem_gen/valid.cstr/ramloop[0].ram.r/prim_noinit.ram/doutb[7]. Optimizations did not improve timing on the net.
INFO: [Physopt 32-702] Processed net hash/samp1_q[2]_i_7_n_0. Optimizations did not improve timing on the net.
INFO: [Physopt 32-608] Optimized 1 net.  Swapped 11 pins.
INFO: [Physopt 32-735] Processed net hash/samp1_q[1]_i_4_n_0. Optimization improves timing on the net.
INFO: [Physopt 32-619] Estimated Timing Summary | WNS=-0.195 | TNS=-2.225 |
INFO: [Physopt 32-702] Processed net ntt/samp3_q[2]. Optimizations did not improve timing on the net.
INFO: [Physopt 32-608] Optimized 1 net.  Swapped 4 pins.
INFO: [Physopt 32-735] Processed net hash/samp3_q[2]_i_3_n_0. Optimization improves timing on the net.
INFO: [Physopt 32-619] Estimated Timing Summary | WNS=-0.185 | TNS=-1.930 |
INFO: [Physopt 32-702] Processed net ntt/samp1_q[0]. Optimizations did not improve timing on the net.
INFO: [Physopt 32-702] Processed net DFIFO/U0/inst_fifo_gen/gconvfifo.rf/grf.rf/gntv_or_sync_fifo.mem/gbm.gbmg.gbmga.ngecc.bmg/inst_blk_mem_gen/gnbram.gnativebmg.native_blk_mem_gen/valid.cstr/ramloop[0].ram.r/prim_noinit.ram/doutb[6]. Optimizations did not improve timing on the net.
INFO: [Physopt 32-663] Processed net hash/samp1_q[2]_i_5_n_0.  Re-placed instance hash/samp1_q[2]_i_5
INFO: [Physopt 32-735] Processed net hash/samp1_q[2]_i_5_n_0. Optimization improves timing on the net.
INFO: [Physopt 32-619] Estimated Timing Summary | WNS=-0.181 | TNS=-1.618 |
INFO: [Physopt 32-702] Processed net ntt/samp1_q[8]. Optimizations did not improve timing on the net.
INFO: [Physopt 32-601] Processed net hash/samp1_q[2]_i_5_n_0. Net driver hash/samp1_q[2]_i_5 was replaced.
INFO: [Physopt 32-735] Processed net hash/samp1_q[2]_i_5_n_0. Optimization improves timing on the net.
INFO: [Physopt 32-619] Estimated Timing Summary | WNS=-0.179 | TNS=-1.593 |
INFO: [Physopt 32-608] Optimized 1 net.  Swapped 24 pins.
INFO: [Physopt 32-735] Processed net hash/samp0_q[2]_i_6_n_0. Optimization improves timing on the net.
INFO: [Physopt 32-619] Estimated Timing Summary | WNS=-0.160 | TNS=-1.562 |
INFO: [Physopt 32-702] Processed net hash/samp1_q[2]_i_5_n_0. Optimizations did not improve timing on the net.
INFO: [Physopt 32-81] Processed net hash/samp1_q[1]_i_5_n_0. Replicated 1 times.
INFO: [Physopt 32-735] Processed net hash/samp1_q[1]_i_5_n_0. Optimization improves timing on the net.
INFO: [Physopt 32-619] Estimated Timing Summary | WNS=-0.153 | TNS=-1.537 |
INFO: [Physopt 32-702] Processed net hash/samp0_q[1]_i_5_n_0. Optimizations did not improve timing on the net.
INFO: [Physopt 32-608] Optimized 1 net.  Swapped 18 pins.
INFO: [Physopt 32-735] Processed net hash/ofifo0_req_r1_reg_3_repN_1. Optimization improves timing on the net.
INFO: [Physopt 32-619] Estimated Timing Summary | WNS=-0.152 | TNS=-1.357 |
INFO: [Physopt 32-663] Processed net hash/samp1_q[1]_i_5_n_0.  Re-placed instance hash/samp1_q[1]_i_5
INFO: [Physopt 32-735] Processed net hash/samp1_q[1]_i_5_n_0. Optimization improves timing on the net.
INFO: [Physopt 32-619] Estimated Timing Summary | WNS=-0.148 | TNS=-1.351 |
INFO: [Physopt 32-663] Processed net hash/samp0_q[2]_i_4_n_0.  Re-placed instance hash/samp0_q[2]_i_4
INFO: [Physopt 32-735] Processed net hash/samp0_q[2]_i_4_n_0. Optimization improves timing on the net.
INFO: [Physopt 32-619] Estimated Timing Summary | WNS=-0.146 | TNS=-1.406 |
INFO: [Physopt 32-702] Processed net DFIFO/U0/inst_fifo_gen/gconvfifo.rf/grf.rf/gntv_or_sync_fifo.mem/gbm.gbmg.gbmga.ngecc.bmg/inst_blk_mem_gen/gnbram.gnativebmg.native_blk_mem_gen/valid.cstr/ramloop[0].ram.r/prim_noinit.ram/doutb[8]. Optimizations did not improve timing on the net.
INFO: [Physopt 32-608] Optimized 1 net.  Swapped 19 pins.
INFO: [Physopt 32-735] Processed net hash/samp1_q[1]_i_2_n_0. Optimization improves timing on the net.
INFO: [Physopt 32-619] Estimated Timing Summary | WNS=-0.140 | TNS=-1.400 |
INFO: [Physopt 32-608] Optimized 1 net.  Swapped 6 pins.
INFO: [Physopt 32-735] Processed net hash/samp1_q[1]_i_5_n_0_repN. Optimization improves timing on the net.
INFO: [Physopt 32-619] Estimated Timing Summary | WNS=-0.140 | TNS=-1.285 |
INFO: [Physopt 32-702] Processed net DFIFO/U0/inst_fifo_gen/gconvfifo.rf/grf.rf/gntv_or_sync_fifo.mem/gbm.gbmg.gbmga.ngecc.bmg/inst_blk_mem_gen/gnbram.gnativebmg.native_blk_mem_gen/valid.cstr/ramloop[0].ram.r/prim_noinit.ram/doutb[22]. Optimizations did not improve timing on the net.
INFO: [Physopt 32-710] Processed net hash/samp3_q[2]_i_2_n_0. Critical path length was reduced through logic transformation on cell hash/samp3_q[2]_i_2_comp_1.
INFO: [Physopt 32-735] Processed net hash/samp3_q[1]_i_2_n_0_repN. Optimization improves timing on the net.
INFO: [Physopt 32-619] Estimated Timing Summary | WNS=-0.134 | TNS=-1.269 |
INFO: [Physopt 32-702] Processed net hash/fifo2/U0/inst_fifo_gen/gconvfifo.rf/grf.rf/gntv_or_sync_fifo.mem/gbm.gbmg.gbmga.ngecc.bmg/inst_blk_mem_gen/gnbram.gnativebmg.native_blk_mem_gen/valid.cstr/ramloop[0].ram.r/prim_noinit.ram/doutb[24]. Optimizations did not improve timing on the net.
INFO: [Physopt 32-710] Processed net hash/samp3_q[2]_i_2_n_0. Critical path length was reduced through logic transformation on cell hash/samp3_q[2]_i_2_comp.
INFO: [Physopt 32-735] Processed net hash/samp3_q[1]_i_3_n_0. Optimization improves timing on the net.
INFO: [Physopt 32-619] Estimated Timing Summary | WNS=-0.121 | TNS=-1.251 |
INFO: [Physopt 32-702] Processed net hash/samp3_q[1]_i_2_n_0_repN. Optimizations did not improve timing on the net.
INFO: [Physopt 32-710] Processed net hash/samp3_q[1]_i_2_n_0_repN. Critical path length was reduced through logic transformation on cell hash/samp3_q[1]_i_2_comp.
INFO: [Physopt 32-735] Processed net hash/ofifo0_req_r1_reg_8. Optimization improves timing on the net.
INFO: [Physopt 32-619] Estimated Timing Summary | WNS=-0.109 | TNS=-1.138 |
INFO: [Physopt 32-702] Processed net ntt/samp0_q[0]. Optimizations did not improve timing on the net.
INFO: [Physopt 32-81] Processed net hash/samp0_q[2]_i_4_n_0. Replicated 1 times.
INFO: [Physopt 32-735] Processed net hash/samp0_q[2]_i_4_n_0. Optimization improves timing on the net.
INFO: [Physopt 32-619] Estimated Timing Summary | WNS=-0.094 | TNS=-0.980 |
INFO: [Physopt 32-608] Optimized 1 net.  Swapped 10 pins.
INFO: [Physopt 32-735] Processed net hash/samp1_q[1]_i_4_n_0. Optimization improves timing on the net.
INFO: [Physopt 32-619] Estimated Timing Summary | WNS=-0.088 | TNS=-0.920 |
INFO: [Physopt 32-702] Processed net ntt/samp1_q[2]. Optimizations did not improve timing on the net.
INFO: [Physopt 32-702] Processed net DFIFO/U0/inst_fifo_gen/gconvfifo.rf/grf.rf/gntv_or_sync_fifo.mem/gbm.gbmg.gbmga.ngecc.bmg/inst_blk_mem_gen/gnbram.gnativebmg.native_blk_mem_gen/valid.cstr/ramloop[0].ram.r/prim_noinit.ram/doutb[10]. Optimizations did not improve timing on the net.
INFO: [Physopt 32-702] Processed net hash/samp1_q[2]_i_4_n_0. Optimizations did not improve timing on the net.
INFO: [Physopt 32-571] Net hash/samp1_q[1]_i_6_n_0 was not replicated.
INFO: [Physopt 32-608] Optimized 1 net.  Swapped 19 pins.
INFO: [Physopt 32-735] Processed net hash/samp1_q[1]_i_6_n_0. Optimization improves timing on the net.
INFO: [Physopt 32-619] Estimated Timing Summary | WNS=-0.087 | TNS=-0.844 |
INFO: [Physopt 32-702] Processed net hash/samp1_q[1]_i_2_n_0. Optimizations did not improve timing on the net.
INFO: [Physopt 32-710] Processed net hash/samp1_q[1]_i_2_n_0. Critical path length was reduced through logic transformation on cell hash/samp1_q[1]_i_2_comp.
INFO: [Physopt 32-735] Processed net hash/samp0_q[2]_i_8_n_0_repN. Optimization improves timing on the net.
INFO: [Physopt 32-619] Estimated Timing Summary | WNS=-0.064 | TNS=-0.801 |
INFO: [Physopt 32-702] Processed net ntt/samp2_q[7]. Optimizations did not improve timing on the net.
INFO: [Physopt 32-608] Optimized 1 net.  Swapped 24 pins.
INFO: [Physopt 32-735] Processed net hash/samp2_q[2]_i_3_n_0. Optimization improves timing on the net.
INFO: [Physopt 32-619] Estimated Timing Summary | WNS=-0.063 | TNS=-0.689 |
INFO: [Physopt 32-702] Processed net hash/samp0_q[2]_i_7_0. Optimizations did not improve timing on the net.
INFO: [Physopt 32-702] Processed net clk_IBUF. Optimizations did not improve timing on the net.
INFO: [Physopt 32-702] Processed net ntt/samp0_q[8]. Optimizations did not improve timing on the net.
INFO: [Physopt 32-702] Processed net hash/fifo1/U0/inst_fifo_gen/gconvfifo.rf/grf.rf/gntv_or_sync_fifo.mem/gbm.gbmg.gbmga.ngecc.bmg/inst_blk_mem_gen/gnbram.gnativebmg.native_blk_mem_gen/valid.cstr/ramloop[0].ram.r/prim_noinit.ram/doutb[4]. Optimizations did not improve timing on the net.
INFO: [Physopt 32-608] Optimized 1 net.  Swapped 22 pins.
INFO: [Physopt 32-735] Processed net hash/samp0_q[2]_i_7_n_0. Optimization improves timing on the net.
INFO: [Physopt 32-619] Estimated Timing Summary | WNS=-0.057 | TNS=-0.669 |
INFO: [Physopt 32-702] Processed net ntt/samp3_q[0]. Optimizations did not improve timing on the net.
INFO: [Physopt 32-702] Processed net DFIFO/U0/inst_fifo_gen/gconvfifo.rf/grf.rf/gntv_or_sync_fifo.mem/gbm.gbmg.gbmga.ngecc.bmg/inst_blk_mem_gen/gnbram.gnativebmg.native_blk_mem_gen/valid.cstr/ramloop[0].ram.r/prim_noinit.ram/doutb[14]. Optimizations did not improve timing on the net.
INFO: [Physopt 32-702] Processed net hash/samp3_q[2]_i_2_n_0. Optimizations did not improve timing on the net.
INFO: [Physopt 32-702] Processed net hash/samp3_q[1]_i_3_n_0_repN. Optimizations did not improve timing on the net.
INFO: [Physopt 32-608] Optimized 1 net.  Swapped 24 pins.
INFO: [Physopt 32-735] Processed net hash/ofifo0_req_r1_reg_4. Optimization improves timing on the net.
INFO: [Physopt 32-619] Estimated Timing Summary | WNS=-0.056 | TNS=-0.635 |
INFO: [Physopt 32-702] Processed net ntt/samp3_q[8]. Optimizations did not improve timing on the net.
INFO: [Physopt 32-702] Processed net DFIFO/U0/inst_fifo_gen/gconvfifo.rf/grf.rf/gntv_or_sync_fifo.mem/gbm.gbmg.gbmga.ngecc.bmg/inst_blk_mem_gen/gnbram.gnativebmg.native_blk_mem_gen/valid.cstr/ramloop[0].ram.r/prim_noinit.ram/doutb[19]. Optimizations did not improve timing on the net.
INFO: [Physopt 32-702] Processed net hash/samp3_q[2]_i_5_n_0_repN. Optimizations did not improve timing on the net.
INFO: [Physopt 32-608] Optimized 1 net.  Swapped 27 pins.
INFO: [Physopt 32-735] Processed net hash/samp3_q[1]_i_2_n_0. Optimization improves timing on the net.
INFO: [Physopt 32-619] Estimated Timing Summary | WNS=-0.054 | TNS=-0.516 |
INFO: [Physopt 32-702] Processed net hash/samp0_q[2]_i_2_n_0. Optimizations did not improve timing on the net.
INFO: [Physopt 32-702] Processed net hash/samp0_q[1]_i_4_n_0. Optimizations did not improve timing on the net.
INFO: [Physopt 32-702] Processed net hash/ofifo0_req_r1_reg_1_repN_1. Optimizations did not improve timing on the net.
INFO: [Physopt 32-608] Optimized 1 net.  Swapped 24 pins.
INFO: [Physopt 32-735] Processed net hash/samp0_q[2]_i_7_0. Optimization improves timing on the net.
INFO: [Physopt 32-619] Estimated Timing Summary | WNS=-0.051 | TNS=-0.511 |
INFO: [Physopt 32-702] Processed net ntt/samp0_q[0]. Optimizations did not improve timing on the net.
INFO: [Physopt 32-608] Optimized 1 net.  Swapped 24 pins.
INFO: [Physopt 32-735] Processed net hash/D[0]. Optimization improves timing on the net.
INFO: [Physopt 32-619] Estimated Timing Summary | WNS=-0.049 | TNS=-0.501 |
INFO: [Physopt 32-702] Processed net hash/fifo1/U0/inst_fifo_gen/gconvfifo.rf/grf.rf/gntv_or_sync_fifo.mem/gbm.gbmg.gbmga.ngecc.bmg/inst_blk_mem_gen/gnbram.gnativebmg.native_blk_mem_gen/valid.cstr/ramloop[0].ram.r/prim_noinit.ram/doutb[3]. Optimizations did not improve timing on the net.
INFO: [Physopt 32-663] Processed net hash/samp0_q[2]_i_5_n_0.  Re-placed instance hash/samp0_q[2]_i_5
INFO: [Physopt 32-735] Processed net hash/samp0_q[2]_i_5_n_0. Optimization improves timing on the net.
INFO: [Physopt 32-619] Estimated Timing Summary | WNS=-0.048 | TNS=-0.424 |
INFO: [Physopt 32-702] Processed net ntt/samp0_q[7]. Optimizations did not improve timing on the net.
INFO: [Physopt 32-702] Processed net hash/samp0_q[2]_i_7_1. Optimizations did not improve timing on the net.
INFO: [Physopt 32-702] Processed net clk_IBUF. Optimizations did not improve timing on the net.
INFO: [Physopt 32-619] Estimated Timing Summary | WNS=-0.048 | TNS=-0.424 |
Netlist sorting complete. Time (s): cpu = 00:00:00 ; elapsed = 00:00:00.010 . Memory (MB): peak = 1867.434 ; gain = 0.000
Phase 32 Critical Path Optimization | Checksum: 1838c590e

Time (s): cpu = 00:06:50 ; elapsed = 00:04:48 . Memory (MB): peak = 1867.434 ; gain = 6.047

Phase 33 Critical Path Optimization
INFO: [Physopt 32-619] Estimated Timing Summary | WNS=-0.048 | TNS=-0.424 |
INFO: [Physopt 32-702] Processed net ntt/samp0_q[7]. Optimizations did not improve timing on the net.
INFO: [Physopt 32-702] Processed net hash/fifo1/U0/inst_fifo_gen/gconvfifo.rf/grf.rf/gntv_or_sync_fifo.mem/gbm.gbmg.gbmga.ngecc.bmg/inst_blk_mem_gen/gnbram.gnativebmg.native_blk_mem_gen/valid.cstr/ramloop[0].ram.r/prim_noinit.ram/doutb[4]. Optimizations did not improve timing on the net.
INFO: [Physopt 32-702] Processed net hash/samp0_q[2]_i_2_n_0. Optimizations did not improve timing on the net.
INFO: [Physopt 32-702] Processed net hash/samp0_q[1]_i_4_n_0. Optimizations did not improve timing on the net.
INFO: [Physopt 32-702] Processed net hash/ofifo0_req_r1_reg_1_repN_1. Optimizations did not improve timing on the net.
INFO: [Physopt 32-702] Processed net hash/samp0_q[2]_i_7_1. Optimizations did not improve timing on the net.
INFO: [Physopt 32-702] Processed net clk_IBUF. Optimizations did not improve timing on the net.
INFO: [Physopt 32-702] Processed net ntt/samp0_q[7]. Optimizations did not improve timing on the net.
INFO: [Physopt 32-702] Processed net hash/fifo1/U0/inst_fifo_gen/gconvfifo.rf/grf.rf/gntv_or_sync_fifo.mem/gbm.gbmg.gbmga.ngecc.bmg/inst_blk_mem_gen/gnbram.gnativebmg.native_blk_mem_gen/valid.cstr/ramloop[0].ram.r/prim_noinit.ram/doutb[4]. Optimizations did not improve timing on the net.
INFO: [Physopt 32-702] Processed net hash/samp0_q[2]_i_2_n_0. Optimizations did not improve timing on the net.
INFO: [Physopt 32-702] Processed net hash/samp0_q[1]_i_4_n_0. Optimizations did not improve timing on the net.
INFO: [Physopt 32-702] Processed net hash/ofifo0_req_r1_reg_1_repN_1. Optimizations did not improve timing on the net.
INFO: [Physopt 32-702] Processed net hash/samp0_q[2]_i_7_1. Optimizations did not improve timing on the net.
INFO: [Physopt 32-702] Processed net clk_IBUF. Optimizations did not improve timing on the net.
INFO: [Physopt 32-619] Estimated Timing Summary | WNS=-0.048 | TNS=-0.424 |
Netlist sorting complete. Time (s): cpu = 00:00:00 ; elapsed = 00:00:00.009 . Memory (MB): peak = 1867.434 ; gain = 0.000
Phase 33 Critical Path Optimization | Checksum: 1838c590e

Time (s): cpu = 00:07:00 ; elapsed = 00:04:55 . Memory (MB): peak = 1867.434 ; gain = 6.047

Phase 34 BRAM Enable Optimization
Phase 34 BRAM Enable Optimization | Checksum: 1838c590e

Time (s): cpu = 00:07:00 ; elapsed = 00:04:55 . Memory (MB): peak = 1867.434 ; gain = 6.047
INFO: [Physopt 32-960] Skip hold-fix as initial WHS does not violate hold threshold 250 ps
Netlist sorting complete. Time (s): cpu = 00:00:00 ; elapsed = 00:00:00.003 . Memory (MB): peak = 1867.434 ; gain = 0.000
INFO: [Physopt 32-603] Post Physical Optimization Timing Summary | WNS=-0.048 | TNS=-0.424 |

Summary of Physical Synthesis Optimizations
============================================


----------------------------------------------------------------------------------------------------------------------------------------------------------------------
|  Optimization            |  WNS Gain (ns)  |  TNS Gain (ns)  |  Added Cells  |  Removed Cells  |  Optimized Cells/Nets  |  Dont Touch  |  Iterations  |  Elapsed   |
----------------------------------------------------------------------------------------------------------------------------------------------------------------------
|  Fanout                  |          0.000  |          0.223  |            2  |              0  |                     2  |           0  |           3  |  00:00:01  |
|  Single Cell Placement   |          0.010  |          0.438  |            0  |              0  |                    24  |           0  |           4  |  00:00:44  |
|  Multi Cell Placement    |          0.000  |         -0.972  |            0  |              0  |                    24  |           0  |           4  |  00:02:31  |
|  Rewire                  |          0.000  |          0.000  |            0  |              0  |                     0  |           0  |           3  |  00:00:00  |
|  Critical Cell           |          0.000  |         -0.121  |            7  |              0  |                    10  |           0  |           3  |  00:00:17  |
|  SLR Crossing            |          0.000  |          0.000  |            0  |              0  |                     0  |           0  |           3  |  00:00:00  |
|  DSP Register            |          0.000  |          0.000  |            0  |              0  |                     0  |           0  |           2  |  00:00:00  |
|  BRAM Register           |          0.000  |          0.000  |            0  |              0  |                     0  |           0  |           2  |  00:00:00  |
|  URAM Register           |          0.000  |          0.000  |            0  |              0  |                     0  |           0  |           2  |  00:00:00  |
|  Shift Register          |          0.000  |          0.000  |            0  |              0  |                     0  |           0  |           2  |  00:00:00  |
|  Critical Pin            |          0.215  |          5.598  |            0  |              0  |                    23  |           0  |           1  |  00:00:00  |
|  Very High Fanout        |          0.000  |          0.000  |            0  |              0  |                     0  |           0  |           1  |  00:00:19  |
|  BRAM Enable             |          0.000  |          0.000  |            0  |              0  |                     0  |           0  |           1  |  00:00:00  |
|  Critical Path           |          0.242  |          2.727  |            2  |              0  |                    32  |           0  |           2  |  00:01:01  |
|  Total                   |          0.467  |          7.893  |           11  |              0  |                   115  |           0  |          33  |  00:04:53  |
----------------------------------------------------------------------------------------------------------------------------------------------------------------------


Netlist sorting complete. Time (s): cpu = 00:00:00 ; elapsed = 00:00:00.006 . Memory (MB): peak = 1867.434 ; gain = 0.000
Ending Physical Synthesis Task | Checksum: 1eea99968

Time (s): cpu = 00:07:00 ; elapsed = 00:04:55 . Memory (MB): peak = 1867.434 ; gain = 6.047
INFO: [Common 17-83] Releasing license: Implementation
1165 Infos, 0 Warnings, 0 Critical Warnings and 0 Errors encountered.
phys_opt_design completed successfully
phys_opt_design: Time (s): cpu = 00:07:04 ; elapsed = 00:04:58 . Memory (MB): peak = 1867.434 ; gain = 9.117
Command: route_design -directive MoreGlobalIterations
Attempting to get a license for feature 'Implementation' and/or device 'xc7a12t'
INFO: [Common 17-349] Got license for feature 'Implementation' and/or device 'xc7a12t'
INFO: [DRC 23-27] Running DRC with 2 threads
INFO: [Vivado_Tcl 4-198] DRC finished with 0 Errors
INFO: [Vivado_Tcl 4-199] Please refer to the DRC report (report_drc) for more information.


Starting Routing Task
INFO: [Route 35-270] Using Router directive 'MoreGlobalIterations'.
INFO: [Route 35-254] Multithreading enabled for route_design using a maximum of 2 CPUs

Phase 1 Build RT Design
Checksum: PlaceDB: 275ba4eb ConstDB: 0 ShapeSum: a39fe218 RouteDB: 6dca4706
Post Restoration Checksum: NetGraph: 312db4dd | NumContArr: bc62c9b1 | Constraints: c2a8fa9d | Timing: c2a8fa9d
Phase 1 Build RT Design | Checksum: 272e273c8

Time (s): cpu = 00:00:26 ; elapsed = 00:00:24 . Memory (MB): peak = 1903.145 ; gain = 12.609

Phase 2 Router Initialization

Phase 2.1 Fix Topology Constraints
Phase 2.1 Fix Topology Constraints | Checksum: 272e273c8

Time (s): cpu = 00:00:26 ; elapsed = 00:00:24 . Memory (MB): peak = 1903.145 ; gain = 12.609

Phase 2.2 Pre Route Cleanup
Phase 2.2 Pre Route Cleanup | Checksum: 272e273c8

Time (s): cpu = 00:00:26 ; elapsed = 00:00:24 . Memory (MB): peak = 1903.145 ; gain = 12.609
 Number of Nodes with overlaps = 0

Phase 2.3 Update Timing
Phase 2.3 Update Timing | Checksum: 22d7e25bd

Time (s): cpu = 00:00:32 ; elapsed = 00:00:28 . Memory (MB): peak = 1935.000 ; gain = 44.465
INFO: [Route 35-416] Intermediate Timing Summary | WNS=-0.065 | TNS=-0.577 | WHS=-0.193 | THS=-80.069|


Phase 2.4 Soft Constraint Pins - Fast Budgeting
Phase 2.4 Soft Constraint Pins - Fast Budgeting | Checksum: 2a5bf17f0

Time (s): cpu = 00:00:34 ; elapsed = 00:00:29 . Memory (MB): peak = 1959.211 ; gain = 68.676

Router Utilization Summary
  Global Vertical Routing Utilization    = 0 %
  Global Horizontal Routing Utilization  = 0 %
  Routable Net Status*
  *Does not include unroutable nets such as driverless and loadless.
  Run report_route_status for detailed report.
  Number of Failed Nets               = 7879
    (Failed Nets is the sum of unrouted and partially routed nets)
  Number of Unrouted Nets             = 7879
  Number of Partially Routed Nets     = 0
  Number of Node Overlaps             = 0

Phase 2 Router Initialization | Checksum: 1ddff405b

Time (s): cpu = 00:00:34 ; elapsed = 00:00:29 . Memory (MB): peak = 1959.211 ; gain = 68.676

Phase 3 Global Routing
Phase 3 Global Routing | Checksum: 1ddff405b

Time (s): cpu = 00:00:34 ; elapsed = 00:00:29 . Memory (MB): peak = 1959.211 ; gain = 68.676

Phase 4 Initial Routing

Phase 4.1 Initial Net Routing Pass
Phase 4.1 Initial Net Routing Pass | Checksum: 22713c16b

Time (s): cpu = 00:00:39 ; elapsed = 00:00:32 . Memory (MB): peak = 1959.211 ; gain = 68.676
Phase 4 Initial Routing | Checksum: 22713c16b

Time (s): cpu = 00:00:39 ; elapsed = 00:00:32 . Memory (MB): peak = 1959.211 ; gain = 68.676
INFO: [Route 35-580] Design has 2 pins with tight setup and hold constraints.

The top 5 pins with tight setup and hold constraints:

+====================+===================+==============================+
| Launch Setup Clock | Launch Hold Clock | Pin                          |
+====================+===================+==============================+
| clk                | clk               | ntt/BU/sum_in1_reg_reg[10]/D |
| clk                | clk               | ntt/BU/sum_in1_reg_reg[4]/D  |
+--------------------+-------------------+------------------------------+

File with complete list of pins: tight_setup_hold_pins.txt


Phase 5 Rip-up And Reroute

Phase 5.1 Global Iteration 0
 Number of Nodes with overlaps = 3663
 Number of Nodes with overlaps = 1544
 Number of Nodes with overlaps = 666
 Number of Nodes with overlaps = 190
 Number of Nodes with overlaps = 45
 Number of Nodes with overlaps = 16
 Number of Nodes with overlaps = 15
 Number of Nodes with overlaps = 5
 Number of Nodes with overlaps = 1
 Number of Nodes with overlaps = 4
 Number of Nodes with overlaps = 2
 Number of Nodes with overlaps = 2
 Number of Nodes with overlaps = 0
INFO: [Route 35-416] Intermediate Timing Summary | WNS=-0.301 | TNS=-5.125 | WHS=N/A    | THS=N/A    |

Phase 5.1 Global Iteration 0 | Checksum: 2a13e2bdb

Time (s): cpu = 00:01:45 ; elapsed = 00:01:15 . Memory (MB): peak = 1959.211 ; gain = 68.676

Phase 5.2 Global Iteration 1
 Number of Nodes with overlaps = 181
 Number of Nodes with overlaps = 87
 Number of Nodes with overlaps = 21
 Number of Nodes with overlaps = 9
 Number of Nodes with overlaps = 3
 Number of Nodes with overlaps = 0
INFO: [Route 35-416] Intermediate Timing Summary | WNS=-0.274 | TNS=-4.121 | WHS=N/A    | THS=N/A    |

Phase 5.2 Global Iteration 1 | Checksum: 24085af09

Time (s): cpu = 00:01:54 ; elapsed = 00:01:21 . Memory (MB): peak = 1959.211 ; gain = 68.676

Phase 5.3 Global Iteration 2
 Number of Nodes with overlaps = 195
 Number of Nodes with overlaps = 86
 Number of Nodes with overlaps = 32
 Number of Nodes with overlaps = 14
 Number of Nodes with overlaps = 13
 Number of Nodes with overlaps = 8
 Number of Nodes with overlaps = 5
 Number of Nodes with overlaps = 2
 Number of Nodes with overlaps = 2
 Number of Nodes with overlaps = 0
INFO: [Route 35-416] Intermediate Timing Summary | WNS=-0.399 | TNS=-3.988 | WHS=N/A    | THS=N/A    |

Phase 5.3 Global Iteration 2 | Checksum: 220ed8831

Time (s): cpu = 00:02:02 ; elapsed = 00:01:28 . Memory (MB): peak = 1959.211 ; gain = 68.676
Phase 5 Rip-up And Reroute | Checksum: 220ed8831

Time (s): cpu = 00:02:02 ; elapsed = 00:01:28 . Memory (MB): peak = 1959.211 ; gain = 68.676

Phase 6 Delay and Skew Optimization

Phase 6.1 Delay CleanUp

Phase 6.1.1 Update Timing
Phase 6.1.1 Update Timing | Checksum: 26a6b204d

Time (s): cpu = 00:02:02 ; elapsed = 00:01:28 . Memory (MB): peak = 1959.211 ; gain = 68.676
INFO: [Route 35-416] Intermediate Timing Summary | WNS=-0.195 | TNS=-2.215 | WHS=N/A    | THS=N/A    |

 Number of Nodes with overlaps = 0
Phase 6.1 Delay CleanUp | Checksum: 2f2d1417a

Time (s): cpu = 00:02:02 ; elapsed = 00:01:28 . Memory (MB): peak = 1959.211 ; gain = 68.676

Phase 6.2 Clock Skew Optimization
Phase 6.2 Clock Skew Optimization | Checksum: 2f2d1417a

Time (s): cpu = 00:02:02 ; elapsed = 00:01:28 . Memory (MB): peak = 1959.211 ; gain = 68.676
Phase 6 Delay and Skew Optimization | Checksum: 2f2d1417a

Time (s): cpu = 00:02:02 ; elapsed = 00:01:28 . Memory (MB): peak = 1959.211 ; gain = 68.676

Phase 7 Post Hold Fix

Phase 7.1 Hold Fix Iter
INFO: [Route 35-416] Intermediate Timing Summary | WNS=-0.195 | TNS=-2.113 | WHS=0.044  | THS=0.000  |

Phase 7.1 Hold Fix Iter | Checksum: 318559bf6

Time (s): cpu = 00:02:03 ; elapsed = 00:01:28 . Memory (MB): peak = 1959.211 ; gain = 68.676
Phase 7 Post Hold Fix | Checksum: 318559bf6

Time (s): cpu = 00:02:03 ; elapsed = 00:01:28 . Memory (MB): peak = 1959.211 ; gain = 68.676

Phase 8 Route finalize

Router Utilization Summary
  Global Vertical Routing Utilization    = 9.02971 %
  Global Horizontal Routing Utilization  = 13.1109 %
  Routable Net Status*
  *Does not include unroutable nets such as driverless and loadless.
  Run report_route_status for detailed report.
  Number of Failed Nets               = 0
    (Failed Nets is the sum of unrouted and partially routed nets)
  Number of Unrouted Nets             = 0
  Number of Partially Routed Nets     = 0
  Number of Node Overlaps             = 0


--GLOBAL Congestion:
Utilization threshold used for congestion level computation: 0.85
Congestion Report
North Dir 1x1 Area, Max Cong = 87.3874%, Congestion bounded by tiles (Lower Left Tile -> Upper Right Tile):
   INT_R_X5Y53 -> INT_R_X5Y53
South Dir 1x1 Area, Max Cong = 87.3874%, Congestion bounded by tiles (Lower Left Tile -> Upper Right Tile):
   INT_R_X7Y35 -> INT_R_X7Y35
East Dir 1x1 Area, Max Cong = 94.1176%, Congestion bounded by tiles (Lower Left Tile -> Upper Right Tile):
   INT_R_X7Y35 -> INT_R_X7Y35
West Dir 1x1 Area, Max Cong = 86.7647%, Congestion bounded by tiles (Lower Left Tile -> Upper Right Tile):
   INT_L_X20Y50 -> INT_L_X20Y50
   INT_R_X17Y39 -> INT_R_X17Y39
   INT_R_X21Y39 -> INT_R_X21Y39

------------------------------
Reporting congestion hotspots
------------------------------
Direction: North
----------------
Congested clusters found at Level 0
Effective congestion level: 0 Aspect Ratio: 1 Sparse Ratio: 1
Direction: South
----------------
Congested clusters found at Level 0
Effective congestion level: 0 Aspect Ratio: 1 Sparse Ratio: 1
Direction: East
----------------
Congested clusters found at Level 0
Effective congestion level: 0 Aspect Ratio: 1 Sparse Ratio: 1
Direction: West
----------------
Congested clusters found at Level 0
Effective congestion level: 0 Aspect Ratio: 1 Sparse Ratio: 1

Phase 8 Route finalize | Checksum: 318559bf6

Time (s): cpu = 00:02:03 ; elapsed = 00:01:28 . Memory (MB): peak = 1959.211 ; gain = 68.676

Phase 9 Verifying routed nets

 Verification completed successfully
Phase 9 Verifying routed nets | Checksum: 318559bf6

Time (s): cpu = 00:02:03 ; elapsed = 00:01:28 . Memory (MB): peak = 1959.211 ; gain = 68.676

Phase 10 Depositing Routes
Phase 10 Depositing Routes | Checksum: 268faf000

Time (s): cpu = 00:02:05 ; elapsed = 00:01:31 . Memory (MB): peak = 1959.211 ; gain = 68.676

Phase 11 Post Process Routing
Phase 11 Post Process Routing | Checksum: 268faf000

Time (s): cpu = 00:02:05 ; elapsed = 00:01:31 . Memory (MB): peak = 1959.211 ; gain = 68.676

Phase 12 Post Router Timing
INFO: [Route 35-57] Estimated Timing Summary | WNS=-0.195 | TNS=-2.113 | WHS=0.044  | THS=0.000  |

WARNING: [Route 35-328] Router estimated timing not met.
Resolution: For a complete and accurate timing signoff, report_timing_summary must be run after route_design. Alternatively, route_design can be run with the -timing_summary option to enable a complete timing signoff at the end of route_design.
Phase 12 Post Router Timing | Checksum: 268faf000

Time (s): cpu = 00:02:06 ; elapsed = 00:01:31 . Memory (MB): peak = 1959.211 ; gain = 68.676
Total Elapsed time in route_design: 90.921 secs

Phase 13 Post-Route Event Processing
Phase 13 Post-Route Event Processing | Checksum: 14bdb7b0f

Time (s): cpu = 00:02:06 ; elapsed = 00:01:31 . Memory (MB): peak = 1959.211 ; gain = 68.676
INFO: [Route 35-16] Router Completed Successfully
Ending Routing Task | Checksum: 14bdb7b0f

Time (s): cpu = 00:02:06 ; elapsed = 00:01:31 . Memory (MB): peak = 1959.211 ; gain = 68.676

Routing Is Done.
INFO: [Common 17-83] Releasing license: Implementation
1181 Infos, 1 Warnings, 0 Critical Warnings and 0 Errors encountered.
route_design completed successfully
route_design: Time (s): cpu = 00:02:06 ; elapsed = 00:01:32 . Memory (MB): peak = 1959.211 ; gain = 91.777
Command: phys_opt_design -directive AggressiveExplore
Attempting to get a license for feature 'Implementation' and/or device 'xc7a12t'
INFO: [Common 17-349] Got license for feature 'Implementation' and/or device 'xc7a12t'
INFO: [Vivado_Tcl 4-241] Physical synthesis in post route mode 
INFO: [Vivado_Tcl 4-137] Directive used for phys_opt_design is: AggressiveExplore

Starting Initial Update Timing Task

Time (s): cpu = 00:00:04 ; elapsed = 00:00:02 . Memory (MB): peak = 1959.211 ; gain = 0.000
INFO: [Vivado_Tcl 4-1435] PhysOpt_Tcl_Interface Runtime Before Starting Physical Synthesis Task | CPU: 5.00s |  WALL: 3.47s
INFO: [DRC 23-27] Running DRC with 2 threads
INFO: [Vivado_Tcl 4-198] DRC finished with 0 Errors
INFO: [Vivado_Tcl 4-199] Please refer to the DRC report (report_drc) for more information.
Netlist sorting complete. Time (s): cpu = 00:00:00 ; elapsed = 00:00:00.008 . Memory (MB): peak = 1959.211 ; gain = 0.000

Starting Physical Synthesis Task

Phase 1 Physical Synthesis Initialization
INFO: [Physopt 32-721] Multithreading enabled for phys_opt_design using a maximum of 2 CPUs
INFO: [Physopt 32-668] Current Timing Summary | WNS=-0.192 | TNS=-2.067 | WHS=0.044 | THS=0.000 |
Phase 1 Physical Synthesis Initialization | Checksum: 192ce7715

Time (s): cpu = 00:00:02 ; elapsed = 00:00:01 . Memory (MB): peak = 1959.211 ; gain = 0.000

Phase 2 Critical Path Optimization
INFO: [Physopt 32-668] Current Timing Summary | WNS=-0.192 | TNS=-2.067 | WHS=0.044 | THS=0.000 |
INFO: [Physopt 32-953] Path group WNS did not improve. Path group: clk. Processed net: ntt/BU/sum_in1_reg[9].
INFO: [Physopt 32-703] Processed net ntt/in0_butt_reg_n_0_[12]. Clock skew was adjusted for instance ntt/in0_butt_reg[12].
INFO: [Physopt 32-952] Improved path group WNS = -0.175. Path group: clk. Processed net: ntt/in0_butt_reg_n_0_[12].
INFO: [Physopt 32-953] Path group WNS did not improve. Path group: clk. Processed net: ntt/samp3_q[2].
INFO: [Physopt 32-703] Processed net DFIFO/U0/inst_fifo_gen/gconvfifo.rf/grf.rf/gntv_or_sync_fifo.mem/gbm.gbmg.gbmga.ngecc.bmg/inst_blk_mem_gen/gnbram.gnativebmg.native_blk_mem_gen/valid.cstr/ramloop[0].ram.r/prim_noinit.ram/doutb[19]. Clock skew was adjusted for instance DFIFO/U0/inst_fifo_gen/gconvfifo.rf/grf.rf/gntv_or_sync_fifo.mem/gbm.gbmg.gbmga.ngecc.bmg/inst_blk_mem_gen/gnbram.gnativebmg.native_blk_mem_gen/valid.cstr/ramloop[0].ram.r/prim_noinit.ram/DEVICE_7SERIES.NO_BMM_INFO.SDP.WIDE_PRIM18.ram.
INFO: [Physopt 32-952] Improved path group WNS = -0.126. Path group: clk. Processed net: DFIFO/U0/inst_fifo_gen/gconvfifo.rf/grf.rf/gntv_or_sync_fifo.mem/gbm.gbmg.gbmga.ngecc.bmg/inst_blk_mem_gen/gnbram.gnativebmg.native_blk_mem_gen/valid.cstr/ramloop[0].ram.r/prim_noinit.ram/doutb[19].
INFO: [Physopt 32-953] Path group WNS did not improve. Path group: clk. Processed net: ntt/samp1_q[7].
INFO: [Physopt 32-703] Processed net hash/fifo2/U0/inst_fifo_gen/gconvfifo.rf/grf.rf/gntv_or_sync_fifo.mem/gbm.gbmg.gbmga.ngecc.bmg/inst_blk_mem_gen/gnbram.gnativebmg.native_blk_mem_gen/valid.cstr/ramloop[0].ram.r/prim_noinit.ram/doutb[4]. Clock skew was adjusted for instance hash/fifo2/U0/inst_fifo_gen/gconvfifo.rf/grf.rf/gntv_or_sync_fifo.mem/gbm.gbmg.gbmga.ngecc.bmg/inst_blk_mem_gen/gnbram.gnativebmg.native_blk_mem_gen/valid.cstr/ramloop[0].ram.r/prim_noinit.ram/DEVICE_7SERIES.NO_BMM_INFO.SDP.WIDE_PRIM18.ram.
INFO: [Physopt 32-952] Improved path group WNS = -0.100. Path group: clk. Processed net: hash/fifo2/U0/inst_fifo_gen/gconvfifo.rf/grf.rf/gntv_or_sync_fifo.mem/gbm.gbmg.gbmga.ngecc.bmg/inst_blk_mem_gen/gnbram.gnativebmg.native_blk_mem_gen/valid.cstr/ramloop[0].ram.r/prim_noinit.ram/doutb[4].
INFO: [Physopt 32-703] Processed net hash/fifo1/U0/inst_fifo_gen/gconvfifo.rf/grf.rf/gntv_or_sync_fifo.mem/gbm.gbmg.gbmga.ngecc.bmg/inst_blk_mem_gen/gnbram.gnativebmg.native_blk_mem_gen/valid.cstr/ramloop[0].ram.r/prim_noinit.ram/doutb[19]. Clock skew was adjusted for instance hash/fifo1/U0/inst_fifo_gen/gconvfifo.rf/grf.rf/gntv_or_sync_fifo.mem/gbm.gbmg.gbmga.ngecc.bmg/inst_blk_mem_gen/gnbram.gnativebmg.native_blk_mem_gen/valid.cstr/ramloop[0].ram.r/prim_noinit.ram/DEVICE_7SERIES.NO_BMM_INFO.SDP.WIDE_PRIM18.ram.
INFO: [Physopt 32-952] Improved path group WNS = -0.093. Path group: clk. Processed net: hash/fifo1/U0/inst_fifo_gen/gconvfifo.rf/grf.rf/gntv_or_sync_fifo.mem/gbm.gbmg.gbmga.ngecc.bmg/inst_blk_mem_gen/gnbram.gnativebmg.native_blk_mem_gen/valid.cstr/ramloop[0].ram.r/prim_noinit.ram/doutb[19].
INFO: [Physopt 32-703] Processed net ntt/in1_butt_reg_n_0_[12]. Clock skew was adjusted for instance ntt/in1_butt_reg[12].
INFO: [Physopt 32-952] Improved path group WNS = -0.057. Path group: clk. Processed net: ntt/in1_butt_reg_n_0_[12].
INFO: [Physopt 32-953] Path group WNS did not improve. Path group: clk. Processed net: hash/hash/RoundFunction/Reg/Q[699].
INFO: [Physopt 32-703] Processed net state[5]. Clock skew was adjusted for instance state_reg[5].
INFO: [Physopt 32-952] Improved path group WNS = -0.050. Path group: clk. Processed net: state[5].
INFO: [Physopt 32-703] Processed net state[4]. Clock skew was adjusted for instance state_reg[4].
INFO: [Physopt 32-952] Improved path group WNS = -0.048. Path group: clk. Processed net: state[4].
INFO: [Physopt 32-703] Processed net ntt/in0_butt_reg_n_0_[12]. Clock skew was adjusted for instance ntt/in0_butt_reg[12].
INFO: [Physopt 32-952] Improved path group WNS = -0.045. Path group: clk. Processed net: ntt/in0_butt_reg_n_0_[12].
INFO: [Physopt 32-952] Improved path group WNS = -0.031. Path group: clk. Processed net: ntt/ctrl_butt[2].
INFO: [Physopt 32-703] Processed net DFIFO/U0/inst_fifo_gen/gconvfifo.rf/grf.rf/gntv_or_sync_fifo.mem/gbm.gbmg.gbmga.ngecc.bmg/inst_blk_mem_gen/gnbram.gnativebmg.native_blk_mem_gen/valid.cstr/ramloop[0].ram.r/prim_noinit.ram/doutb[19]. Clock skew was adjusted for instance DFIFO/U0/inst_fifo_gen/gconvfifo.rf/grf.rf/gntv_or_sync_fifo.mem/gbm.gbmg.gbmga.ngecc.bmg/inst_blk_mem_gen/gnbram.gnativebmg.native_blk_mem_gen/valid.cstr/ramloop[0].ram.r/prim_noinit.ram/DEVICE_7SERIES.NO_BMM_INFO.SDP.WIDE_PRIM18.ram.
INFO: [Physopt 32-952] Improved path group WNS = -0.030. Path group: clk. Processed net: DFIFO/U0/inst_fifo_gen/gconvfifo.rf/grf.rf/gntv_or_sync_fifo.mem/gbm.gbmg.gbmga.ngecc.bmg/inst_blk_mem_gen/gnbram.gnativebmg.native_blk_mem_gen/valid.cstr/ramloop[0].ram.r/prim_noinit.ram/doutb[19].
INFO: [Physopt 32-953] Path group WNS did not improve. Path group: clk. Processed net: ntt/ctrl_butt[2].
INFO: [Physopt 32-953] Path group WNS did not improve. Path group: clk. Processed net: ntt/BU/sum_in1_q[9].
INFO: [Physopt 32-953] Path group WNS did not improve. Path group: clk. Processed net: ntt/BU/sum_in1_q_carry_i_1_n_0.
INFO: [Physopt 32-953] Path group WNS did not improve. Path group: clk. Processed net: ntt/BU/sum_in1[12].
INFO: [Physopt 32-953] Path group WNS did not improve. Path group: clk. Processed net: ntt/BU/sum_in1__0_carry__0_i_4_n_0.
INFO: [Physopt 32-953] Path group WNS did not improve. Path group: clk. Processed net: ntt/BU/sum_in1_reg[9]_i_1_n_0.
INFO: [Physopt 32-953] Path group WNS did not improve. Path group: clk. Processed net: clk_IBUF.
INFO: [Physopt 32-953] Path group WNS did not improve. Path group: clk. Processed net: ntt/BU/sum_in1_reg[9].
INFO: [Physopt 32-953] Path group WNS did not improve. Path group: clk. Processed net: ntt/ctrl_butt[2].
INFO: [Physopt 32-953] Path group WNS did not improve. Path group: clk. Processed net: ntt/BU/sum_in1_q[9].
INFO: [Physopt 32-953] Path group WNS did not improve. Path group: clk. Processed net: ntt/BU/sum_in1_q_carry_i_1_n_0.
INFO: [Physopt 32-953] Path group WNS did not improve. Path group: clk. Processed net: ntt/BU/sum_in1[12].
INFO: [Physopt 32-953] Path group WNS did not improve. Path group: clk. Processed net: ntt/BU/sum_in1__0_carry__0_i_4_n_0.
INFO: [Physopt 32-953] Path group WNS did not improve. Path group: clk. Processed net: ntt/BU/sum_in1_reg[9]_i_1_n_0.
INFO: [Physopt 32-953] Path group WNS did not improve. Path group: clk. Processed net: clk_IBUF.
INFO: [Physopt 32-668] Current Timing Summary | WNS=-0.030 | TNS=-0.097 | WHS=0.044 | THS=0.000 |
Netlist sorting complete. Time (s): cpu = 00:00:00 ; elapsed = 00:00:00.005 . Memory (MB): peak = 1959.211 ; gain = 0.000
Phase 2 Critical Path Optimization | Checksum: 192ce7715

Time (s): cpu = 00:00:59 ; elapsed = 00:00:50 . Memory (MB): peak = 1959.211 ; gain = 0.000

Phase 3 Hold Fix Optimization
INFO: [Physopt 32-668] Current Timing Summary | WNS=-0.030 | TNS=-0.097 | WHS=0.044 | THS=0.000 |
INFO: [Physopt 32-1493] The number of hold_fix net fail limit is 5.
INFO: [Physopt 32-66] No high hold slack nets found for hold slack optimization.
INFO: [Physopt 32-668] Current Timing Summary | WNS=-0.030 | TNS=-0.097 | WHS=0.044 | THS=0.000 |
Phase 3 Hold Fix Optimization | Checksum: 192ce7715

Time (s): cpu = 00:00:59 ; elapsed = 00:00:50 . Memory (MB): peak = 1959.211 ; gain = 0.000
Netlist sorting complete. Time (s): cpu = 00:00:00 ; elapsed = 00:00:00.006 . Memory (MB): peak = 1959.211 ; gain = 0.000
INFO: [Physopt 32-669] Post Physical Optimization Timing Summary | WNS=-0.030 | TNS=-0.097 | WHS=0.044 | THS=0.000 |

Summary of Physical Synthesis Optimizations
============================================


-------------------------------------------------------------------------------------------------------------------------------------------------------------
|  Optimization   |  WNS Gain (ns)  |  TNS Gain (ns)  |  Added Cells  |  Removed Cells  |  Optimized Cells/Nets  |  Dont Touch  |  Iterations  |  Elapsed   |
-------------------------------------------------------------------------------------------------------------------------------------------------------------
|  Critical Path  |          0.161  |          1.970  |            0  |              0  |                    10  |           0  |           1  |  00:00:49  |
-------------------------------------------------------------------------------------------------------------------------------------------------------------


Summary of Hold Fix Optimizations
=================================


--------------------------------------------------------------------------------------------------------------------------------------------------------------
|  Optimization               |  WHS Gain (ns)  |  THS Gain (ns)  |  Added LUTs  |  Added FFs  |  Optimized Nets  |  Dont Touch  |  Iterations  |  Elapsed   |
--------------------------------------------------------------------------------------------------------------------------------------------------------------
|  LUT1 and ZHOLD Insertion   |          0.000  |          0.000  |           0  |          0  |               0  |           0  |           0  |  00:00:00  |
|  Total                      |          0.000  |          0.000  |           0  |          0  |               0  |           0  |           0  |  00:00:00  |
--------------------------------------------------------------------------------------------------------------------------------------------------------------


Netlist sorting complete. Time (s): cpu = 00:00:00 ; elapsed = 00:00:00.006 . Memory (MB): peak = 1959.211 ; gain = 0.000
Ending Physical Synthesis Task | Checksum: 1c68b6c5a

Time (s): cpu = 00:00:59 ; elapsed = 00:00:50 . Memory (MB): peak = 1959.211 ; gain = 0.000
INFO: [Common 17-83] Releasing license: Implementation
1236 Infos, 1 Warnings, 0 Critical Warnings and 0 Errors encountered.
phys_opt_design completed successfully
phys_opt_design: Time (s): cpu = 00:01:04 ; elapsed = 00:00:54 . Memory (MB): peak = 1959.211 ; gain = 0.000
INFO: [Timing 38-91] UpdateTimingParams: Speed grade: -1, Delay Type: min_max.
INFO: [Timing 38-191] Multithreading enabled for timing update using a maximum of 2 CPUs
INFO: [Timing 38-91] UpdateTimingParams: Speed grade: -1, Delay Type: max.
INFO: [Timing 38-191] Multithreading enabled for timing update using a maximum of 2 CPUs
INFO: [Timing 38-78] ReportTimingParams: -max_paths 10 -nworst 1 -delay_type max -sort_by slack.
INFO: [Timing 38-480] Writing timing data to binary archive.
Wrote PlaceDB: Time (s): cpu = 00:00:00 ; elapsed = 00:00:00.001 . Memory (MB): peak = 1959.211 ; gain = 0.000
Wrote PulsedLatchDB: Time (s): cpu = 00:00:00 ; elapsed = 00:00:00 . Memory (MB): peak = 1959.211 ; gain = 0.000
Writing XDEF routing.
Write ShapeDB Complete: Time (s): cpu = 00:00:00 ; elapsed = 00:00:00.033 . Memory (MB): peak = 1959.211 ; gain = 0.000
Writing XDEF routing logical nets.
Writing XDEF routing special nets.
Wrote RouteStorage: Time (s): cpu = 00:00:01 ; elapsed = 00:00:00.239 . Memory (MB): peak = 1959.211 ; gain = 0.000
Wrote PlaceStorage: Time (s): cpu = 00:00:01 ; elapsed = 00:00:00.597 . Memory (MB): peak = 1959.211 ; gain = 0.000
Wrote Netlist Cache: Time (s): cpu = 00:00:00 ; elapsed = 00:00:00.025 . Memory (MB): peak = 1959.211 ; gain = 0.000
Wrote Device Cache: Time (s): cpu = 00:00:00 ; elapsed = 00:00:00.017 . Memory (MB): peak = 1959.211 ; gain = 0.000
Write Physdb Complete: Time (s): cpu = 00:00:02 ; elapsed = 00:00:00.912 . Memory (MB): peak = 1959.211 ; gain = 0.000
INFO: [Common 17-1381] The checkpoint 'C:/Users/aysha/Desktop/project/CRYSTALS-Kyber/Crystals-kyber_CLIENT-DFIFO6-BRAM/client_dfifo6_bram_timing_variants/v4_alt_place/v4_alt_place_impl.dcp' has been generated.
WARNING: [Vivado 12-975] No timing paths matched 'get_timing_paths -hold -slack_lesser_than 0.000 -max_paths 1000'.
VARIANT_RESULT v4_alt_place WNS=-0.030 TNS=-0.098 SETUP_FAILS=5 WHS=0.044 HOLD_FAILS=0 DCP=C:/Users/aysha/Desktop/project/CRYSTALS-Kyber/Crystals-kyber_CLIENT-DFIFO6-BRAM/client_dfifo6_bram_timing_variants/v4_alt_place/v4_alt_place_impl.dcp
VARIANT_START v5_wlblock opt=Explore place=WLDrivenBlockPlacement phys=AggressiveExplore route=Explore post_phys=AggressiveExplore
Command: open_checkpoint C:/Users/aysha/Desktop/project/CRYSTALS-Kyber/Crystals-kyber_CLIENT-DFIFO6-BRAM/client_dfifo6_bram_impl/Kyber_Client_dfifo6_bram_synth.dcp

Starting open_checkpoint Task

Time (s): cpu = 00:00:00 ; elapsed = 00:00:00 . Memory (MB): peak = 1959.211 ; gain = 0.000
Netlist sorting complete. Time (s): cpu = 00:00:00 ; elapsed = 00:00:00.132 . Memory (MB): peak = 1959.211 ; gain = 0.000
INFO: [Netlist 29-17] Analyzing 282 Unisim elements for replacement
INFO: [Netlist 29-28] Unisim Transformation completed in 0 CPU seconds
INFO: [Project 1-479] Netlist was created with Vivado 2025.2
INFO: [Project 1-570] Preparing netlist for logic optimization
Read ShapeDB Complete: Time (s): cpu = 00:00:00 ; elapsed = 00:00:00.039 . Memory (MB): peak = 1959.211 ; gain = 0.000
INFO: [Timing 38-478] Restoring timing data from binary archive.
INFO: [Timing 38-479] Binary timing data restore complete.
INFO: [Project 1-856] Restoring constraints from binary archive.
INFO: [Project 1-853] Binary constraint restore complete.
Netlist sorting complete. Time (s): cpu = 00:00:01 ; elapsed = 00:00:00.006 . Memory (MB): peak = 1959.211 ; gain = 0.000
INFO: [Project 1-111] Unisim Transformation Summary:
No Unisim elements were transformed.

INFO: [Project 1-604] Checkpoint was created with Vivado v2025.2 (64-bit) build 6299465
open_checkpoint: Time (s): cpu = 00:00:16 ; elapsed = 00:00:19 . Memory (MB): peak = 1959.211 ; gain = 0.000
INFO: [Timing 38-35] Done setting XDC timing constraints.
VARIANT_CLOCK v5_wlblock clk PERIOD=5.952 FREQ_MHZ=168.01075268817203
Command: opt_design -directive Explore
INFO: [Vivado_Tcl 4-136] Directive used for opt_design is: Explore
Attempting to get a license for feature 'Implementation' and/or device 'xc7a12t'
INFO: [Common 17-349] Got license for feature 'Implementation' and/or device 'xc7a12t'
Running DRC as a precondition to command opt_design

Starting DRC Task
INFO: [DRC 23-27] Running DRC with 2 threads
INFO: [Project 1-461] DRC finished with 0 Errors
INFO: [Project 1-462] Please refer to the DRC report (report_drc) for more information.

Time (s): cpu = 00:00:01 ; elapsed = 00:00:00.466 . Memory (MB): peak = 1959.211 ; gain = 0.000

Starting Logic Optimization Task

Phase 1 Initialization

Phase 1.1 Core Generation And Design Setup
Phase 1.1 Core Generation And Design Setup | Checksum: 2a5ecde1a

Time (s): cpu = 00:00:00 ; elapsed = 00:00:00.032 . Memory (MB): peak = 2239.219 ; gain = 0.000

Phase 1.2 Setup Constraints And Sort Netlist
Phase 1.2 Setup Constraints And Sort Netlist | Checksum: 2a5ecde1a

Time (s): cpu = 00:00:00 ; elapsed = 00:00:00.048 . Memory (MB): peak = 2239.219 ; gain = 0.000
Phase 1 Initialization | Checksum: 2a5ecde1a

Time (s): cpu = 00:00:00 ; elapsed = 00:00:00.050 . Memory (MB): peak = 2239.219 ; gain = 0.000

Phase 2 Timer Update And Timing Data Collection

Phase 2.1 Detect if minReqCache needed
Phase 2.1 Detect if minReqCache needed | Checksum: 2a5ecde1a

Time (s): cpu = 00:00:00 ; elapsed = 00:00:00.094 . Memory (MB): peak = 2239.238 ; gain = 0.020

Phase 2.2 Timer Update
Phase 2.2 Timer Update | Checksum: 2a5ecde1a

Time (s): cpu = 00:00:00 ; elapsed = 00:00:00.301 . Memory (MB): peak = 2239.238 ; gain = 0.020

Phase 2.3 Timing Data Collection
Phase 2.3 Timing Data Collection | Checksum: 2a5ecde1a

Time (s): cpu = 00:00:00 ; elapsed = 00:00:00.329 . Memory (MB): peak = 2239.238 ; gain = 0.020
Phase 2 Timer Update And Timing Data Collection | Checksum: 2a5ecde1a

Time (s): cpu = 00:00:00 ; elapsed = 00:00:00.334 . Memory (MB): peak = 2239.238 ; gain = 0.020

Phase 3 Retarget
INFO: [Opt 31-1851] Number of loadless carry chains removed were: 0
INFO: [Opt 31-1834] Total Chains To Be Transformed Were: 0 AND Number of Transformed insts Created are: 0
INFO: [Opt 31-138] Pushed 0 inverter(s) to 0 load pin(s).
INFO: [Opt 31-49] Retargeted 0 cell(s).
Phase 3 Retarget | Checksum: 272086e66

Time (s): cpu = 00:00:00 ; elapsed = 00:00:00.769 . Memory (MB): peak = 2239.238 ; gain = 0.020
Retarget | Checksum: 272086e66
INFO: [Opt 31-389] Phase Retarget created 2 cells and removed 13 cells
INFO: [Opt 31-1021] In phase Retarget, 14 netlist objects are constrained preventing optimization. Please run opt_design with -debug_log to get more detail. 

Phase 4 Constant propagation
INFO: [Opt 31-138] Pushed 0 inverter(s) to 0 load pin(s).
Phase 4 Constant propagation | Checksum: 202d41c09

Time (s): cpu = 00:00:01 ; elapsed = 00:00:00.975 . Memory (MB): peak = 2239.238 ; gain = 0.020
Constant propagation | Checksum: 202d41c09
INFO: [Opt 31-389] Phase Constant propagation created 0 cells and removed 9 cells
INFO: [Opt 31-1021] In phase Constant propagation, 14 netlist objects are constrained preventing optimization. Please run opt_design with -debug_log to get more detail. 

Phase 5 Sweep
INFO: [Constraints 18-11670] Building netlist checker database with flags, 0x8
Done building netlist checker database: Time (s): cpu = 00:00:00 ; elapsed = 00:00:00.014 . Memory (MB): peak = 2239.238 ; gain = 0.000
INFO: [Constraints 18-11670] Building netlist checker database with flags, 0x8
Done building netlist checker database: Time (s): cpu = 00:00:00 ; elapsed = 00:00:00.015 . Memory (MB): peak = 2239.238 ; gain = 0.000
Phase 5 Sweep | Checksum: 233069a6a

Time (s): cpu = 00:00:01 ; elapsed = 00:00:01 . Memory (MB): peak = 2239.238 ; gain = 0.020
Sweep | Checksum: 233069a6a
INFO: [Opt 31-389] Phase Sweep created 0 cells and removed 7 cells
INFO: [Opt 31-1021] In phase Sweep, 70 netlist objects are constrained preventing optimization. Please run opt_design with -debug_log to get more detail. 

Phase 6 BUFG optimization
Phase 6 BUFG optimization | Checksum: 233069a6a

Time (s): cpu = 00:00:01 ; elapsed = 00:00:02 . Memory (MB): peak = 2239.238 ; gain = 0.020
BUFG optimization | Checksum: 233069a6a
INFO: [Opt 31-662] Phase BUFG optimization created 0 cells of which 0 are BUFGs and removed 0 cells.

Phase 7 Shift Register Optimization
INFO: [Opt 31-1064] SRL Remap converted 0 SRLs to 0 registers and converted 0 registers of register chains to 0 SRLs
Phase 7 Shift Register Optimization | Checksum: 233069a6a

Time (s): cpu = 00:00:01 ; elapsed = 00:00:02 . Memory (MB): peak = 2239.238 ; gain = 0.020
Shift Register Optimization | Checksum: 233069a6a
INFO: [Opt 31-389] Phase Shift Register Optimization created 0 cells and removed 0 cells
INFO: [Opt 31-1555] control_set_opt supports Versal devices only, and device 7a12t is unsupported

Phase 8 Post Processing Netlist
Phase 8 Post Processing Netlist | Checksum: 233069a6a

Time (s): cpu = 00:00:01 ; elapsed = 00:00:02 . Memory (MB): peak = 2239.238 ; gain = 0.020
Post Processing Netlist | Checksum: 233069a6a
INFO: [Opt 31-389] Phase Post Processing Netlist created 0 cells and removed 0 cells
INFO: [Opt 31-1021] In phase Post Processing Netlist, 19 netlist objects are constrained preventing optimization. Please run opt_design with -debug_log to get more detail. 

Phase 9 Finalization

Phase 9.1 Finalizing Design Cores and Updating Shapes
Phase 9.1 Finalizing Design Cores and Updating Shapes | Checksum: 1b656530b

Time (s): cpu = 00:00:02 ; elapsed = 00:00:02 . Memory (MB): peak = 2239.238 ; gain = 0.020

Phase 9.2 Verifying Netlist Connectivity

Starting Connectivity Check Task

Time (s): cpu = 00:00:00 ; elapsed = 00:00:00.043 . Memory (MB): peak = 2239.238 ; gain = 0.000
Phase 9.2 Verifying Netlist Connectivity | Checksum: 1b656530b

Time (s): cpu = 00:00:02 ; elapsed = 00:00:02 . Memory (MB): peak = 2239.238 ; gain = 0.020
Phase 9 Finalization | Checksum: 1b656530b

Time (s): cpu = 00:00:02 ; elapsed = 00:00:02 . Memory (MB): peak = 2239.238 ; gain = 0.020
Opt_design Change Summary
=========================


-------------------------------------------------------------------------------------------------------------------------
|  Phase                        |  #Cells created  |  #Cells Removed  |  #Constrained objects preventing optimizations  |
-------------------------------------------------------------------------------------------------------------------------
|  Retarget                     |               2  |              13  |                                             14  |
|  Constant propagation         |               0  |               9  |                                             14  |
|  Sweep                        |               0  |               7  |                                             70  |
|  BUFG optimization            |               0  |               0  |                                              0  |
|  Shift Register Optimization  |               0  |               0  |                                              0  |
|  Post Processing Netlist      |               0  |               0  |                                             19  |
-------------------------------------------------------------------------------------------------------------------------


Ending Logic Optimization Task | Checksum: 1b656530b

Time (s): cpu = 00:00:02 ; elapsed = 00:00:02 . Memory (MB): peak = 2239.238 ; gain = 0.020
Netlist sorting complete. Time (s): cpu = 00:00:00 ; elapsed = 00:00:00.004 . Memory (MB): peak = 2239.238 ; gain = 0.000
INFO: [Common 17-83] Releasing license: Implementation
36 Infos, 0 Warnings, 0 Critical Warnings and 0 Errors encountered.
opt_design completed successfully
opt_design: Time (s): cpu = 00:00:12 ; elapsed = 00:00:14 . Memory (MB): peak = 2239.238 ; gain = 280.027
Command: place_design -directive WLDrivenBlockPlacement
Attempting to get a license for feature 'Implementation' and/or device 'xc7a12t'
INFO: [Common 17-349] Got license for feature 'Implementation' and/or device 'xc7a12t'
INFO: [Common 17-83] Releasing license: Implementation
INFO: [DRC 23-27] Running DRC with 2 threads
INFO: [Vivado_Tcl 4-198] DRC finished with 0 Errors
INFO: [Vivado_Tcl 4-199] Please refer to the DRC report (report_drc) for more information.
INFO: [Timing 38-35] Done setting XDC timing constraints.
INFO: [Vivado_Tcl 4-2302] The placer was invoked with the 'WLDrivenBlockPlacement' directive.
Running DRC as a precondition to command place_design
INFO: [DRC 23-27] Running DRC with 2 threads
INFO: [Vivado_Tcl 4-198] DRC finished with 0 Errors
INFO: [Vivado_Tcl 4-199] Please refer to the DRC report (report_drc) for more information.
INFO: [Place 30-611] Multithreading enabled for place_design using a maximum of 2 CPUs

Starting Placer Task

Phase 1 Placer Initialization

Phase 1.1 Placer Initialization Netlist Sorting
Netlist sorting complete. Time (s): cpu = 00:00:00 ; elapsed = 00:00:00.003 . Memory (MB): peak = 2239.238 ; gain = 0.000
Phase 1.1 Placer Initialization Netlist Sorting | Checksum: 19d5882c2

Time (s): cpu = 00:00:00 ; elapsed = 00:00:00.012 . Memory (MB): peak = 2239.238 ; gain = 0.000
Netlist sorting complete. Time (s): cpu = 00:00:00 ; elapsed = 00:00:00.009 . Memory (MB): peak = 2239.238 ; gain = 0.000

Phase 1.2 IO Placement/ Clock Placement/ Build Placer Device
Phase 1.2 IO Placement/ Clock Placement/ Build Placer Device | Checksum: 16b55f441

Time (s): cpu = 00:00:02 ; elapsed = 00:00:02 . Memory (MB): peak = 2239.238 ; gain = 0.000

Phase 1.3 Build Placer Netlist Model
Phase 1.3 Build Placer Netlist Model | Checksum: 16db177cc

Time (s): cpu = 00:00:07 ; elapsed = 00:00:06 . Memory (MB): peak = 2239.238 ; gain = 0.000

Phase 1.4 Constrain Clocks/Macros
Phase 1.4 Constrain Clocks/Macros | Checksum: 16db177cc

Time (s): cpu = 00:00:07 ; elapsed = 00:00:06 . Memory (MB): peak = 2239.238 ; gain = 0.000
Phase 1 Placer Initialization | Checksum: 16db177cc

Time (s): cpu = 00:00:07 ; elapsed = 00:00:06 . Memory (MB): peak = 2239.238 ; gain = 0.000

Phase 2 Global Placement

Phase 2.1 Floorplanning
Phase 2.1 Floorplanning | Checksum: 1a48ede15

Time (s): cpu = 00:00:10 ; elapsed = 00:00:08 . Memory (MB): peak = 2239.238 ; gain = 0.000

Phase 2.2 Update Timing before SLR Path Opt
Phase 2.2 Update Timing before SLR Path Opt | Checksum: 19bb4ee30

Time (s): cpu = 00:00:12 ; elapsed = 00:00:09 . Memory (MB): peak = 2239.238 ; gain = 0.000

Phase 2.3 Post-Processing in Floorplanning
Phase 2.3 Post-Processing in Floorplanning | Checksum: 19bb4ee30

Time (s): cpu = 00:00:13 ; elapsed = 00:00:09 . Memory (MB): peak = 2239.238 ; gain = 0.000

Phase 2.4 Global Place Phase1
Phase 2.4 Global Place Phase1 | Checksum: 1d864ab71

Time (s): cpu = 00:00:30 ; elapsed = 00:00:21 . Memory (MB): peak = 2239.238 ; gain = 0.000

Phase 2.5 Global Place Phase2

Phase 2.5.1 UpdateTiming Before Physical Synthesis
Phase 2.5.1 UpdateTiming Before Physical Synthesis | Checksum: 208792790

Time (s): cpu = 00:00:34 ; elapsed = 00:00:23 . Memory (MB): peak = 2239.238 ; gain = 0.000

Phase 2.5.2 Physical Synthesis In Placer
INFO: [Physopt 32-1035] Found 33 LUTNM shape to break, 93 LUT instances to create LUTNM shape
INFO: [Physopt 32-1044] Break lutnm for timing: one critical 17, two critical 16, total 33, new lutff created 2
INFO: [Physopt 32-1138] End 1 Pass. Optimized 74 nets or LUTs. Breaked 33 LUTs, combined 41 existing LUTs and moved 0 existing LUT
INFO: [Physopt 32-65] No nets found for high-fanout optimization.
INFO: [Physopt 32-232] Optimized 0 net. Created 0 new instance.
INFO: [Physopt 32-775] End 1 Pass. Optimized 0 net or cell. Created 0 new cell, deleted 0 existing cell and moved 0 existing cell
INFO: [Physopt 32-456] No candidate cells for DSP register optimization found in the design.
INFO: [Physopt 32-775] End 2 Pass. Optimized 0 net or cell. Created 0 new cell, deleted 0 existing cell and moved 0 existing cell
INFO: [Physopt 32-1123] No candidate cells found for Shift Register to Pipeline optimization
INFO: [Physopt 32-775] End 2 Pass. Optimized 0 net or cell. Created 0 new cell, deleted 0 existing cell and moved 0 existing cell
INFO: [Physopt 32-1402] Pass 1: Identified 5 candidate cells for Shift Register optimization.
INFO: [Physopt 32-775] End 1 Pass. Optimized 4 nets or cells. Created 5 new cells, deleted 0 existing cell and moved 0 existing cell
Netlist sorting complete. Time (s): cpu = 00:00:00 ; elapsed = 00:00:00.009 . Memory (MB): peak = 2239.238 ; gain = 0.000
INFO: [Physopt 32-526] No candidate cells for BRAM register optimization found in the design
INFO: [Physopt 32-775] End 1 Pass. Optimized 0 net or cell. Created 0 new cell, deleted 0 existing cell and moved 0 existing cell
INFO: [Physopt 32-846] No candidate cells for URAM register optimization found in the design
INFO: [Physopt 32-775] End 1 Pass. Optimized 0 net or cell. Created 0 new cell, deleted 0 existing cell and moved 0 existing cell
INFO: [Physopt 32-846] No candidate cells for URAM register optimization found in the design
INFO: [Physopt 32-775] End 1 Pass. Optimized 0 net or cell. Created 0 new cell, deleted 0 existing cell and moved 0 existing cell
INFO: [Physopt 32-949] No candidate nets found for dynamic/static region interface net replication
INFO: [Physopt 32-775] End 1 Pass. Optimized 0 net or cell. Created 0 new cell, deleted 0 existing cell and moved 0 existing cell
Netlist sorting complete. Time (s): cpu = 00:00:00 ; elapsed = 00:00:00.007 . Memory (MB): peak = 2239.238 ; gain = 0.000

Summary of Physical Synthesis Optimizations
============================================


-----------------------------------------------------------------------------------------------------------------------------------------------------------
|  Optimization                                     |  Added Cells  |  Removed Cells  |  Optimized Cells/Nets  |  Dont Touch  |  Iterations  |  Elapsed   |
-----------------------------------------------------------------------------------------------------------------------------------------------------------
|  LUT Combining                                    |           33  |             41  |                    74  |           0  |           1  |  00:00:00  |
|  Retime                                           |            0  |              0  |                     0  |           0  |           1  |  00:00:00  |
|  Very High Fanout                                 |            0  |              0  |                     0  |           0  |           1  |  00:00:00  |
|  DSP Register                                     |            0  |              0  |                     0  |           0  |           1  |  00:00:00  |
|  Shift Register to Pipeline                       |            0  |              0  |                     0  |           0  |           1  |  00:00:00  |
|  Shift Register                                   |            5  |              0  |                     4  |           0  |           1  |  00:00:00  |
|  BRAM Register                                    |            0  |              0  |                     0  |           0  |           1  |  00:00:00  |
|  URAM Register                                    |            0  |              0  |                     0  |           0  |           1  |  00:00:00  |
|  Dynamic/Static Region Interface Net Replication  |            0  |              0  |                     0  |           0  |           1  |  00:00:00  |
|  Total                                            |           38  |             41  |                    78  |           0  |           9  |  00:00:01  |
-----------------------------------------------------------------------------------------------------------------------------------------------------------


Phase 2.5.2 Physical Synthesis In Placer | Checksum: 1a90ea444

Time (s): cpu = 00:00:37 ; elapsed = 00:00:25 . Memory (MB): peak = 2239.238 ; gain = 0.000
Phase 2.5 Global Place Phase2 | Checksum: 178ef04ce

Time (s): cpu = 00:00:38 ; elapsed = 00:00:26 . Memory (MB): peak = 2239.238 ; gain = 0.000
Phase 2 Global Placement | Checksum: 178ef04ce

Time (s): cpu = 00:00:38 ; elapsed = 00:00:26 . Memory (MB): peak = 2239.238 ; gain = 0.000

Phase 3 Detail Placement

Phase 3.1 Commit Multi Column Macros
Phase 3.1 Commit Multi Column Macros | Checksum: 1ca1367fa

Time (s): cpu = 00:00:39 ; elapsed = 00:00:27 . Memory (MB): peak = 2239.238 ; gain = 0.000

Phase 3.2 Commit Most Macros & LUTRAMs
Phase 3.2 Commit Most Macros & LUTRAMs | Checksum: 1af3060ed

Time (s): cpu = 00:00:44 ; elapsed = 00:00:29 . Memory (MB): peak = 2239.238 ; gain = 0.000

Phase 3.3 Area Swap Optimization
Phase 3.3 Area Swap Optimization | Checksum: 1d2a4b4a3

Time (s): cpu = 00:00:44 ; elapsed = 00:00:29 . Memory (MB): peak = 2239.238 ; gain = 0.000

Phase 3.4 Pipeline Register Optimization
Phase 3.4 Pipeline Register Optimization | Checksum: 19aa02ddc

Time (s): cpu = 00:00:44 ; elapsed = 00:00:29 . Memory (MB): peak = 2239.238 ; gain = 0.000

Phase 3.5 Fast Optimization
Phase 3.5 Fast Optimization | Checksum: 15e022116

Time (s): cpu = 00:00:51 ; elapsed = 00:00:34 . Memory (MB): peak = 2239.238 ; gain = 0.000

Phase 3.6 Small Shape Detail Placement
Phase 3.6 Small Shape Detail Placement | Checksum: 1f7cd6dc2

Time (s): cpu = 00:01:01 ; elapsed = 00:00:45 . Memory (MB): peak = 2239.238 ; gain = 0.000

Phase 3.7 Re-assign LUT pins
Phase 3.7 Re-assign LUT pins | Checksum: 1f68c9591

Time (s): cpu = 00:01:04 ; elapsed = 00:00:48 . Memory (MB): peak = 2239.238 ; gain = 0.000

Phase 3.8 Pipeline Register Optimization
Phase 3.8 Pipeline Register Optimization | Checksum: 254a1fdbb

Time (s): cpu = 00:01:04 ; elapsed = 00:00:48 . Memory (MB): peak = 2239.238 ; gain = 0.000

Phase 3.9 Fast Optimization
Phase 3.9 Fast Optimization | Checksum: 22f4b3f2b

Time (s): cpu = 00:01:15 ; elapsed = 00:00:57 . Memory (MB): peak = 2239.238 ; gain = 0.000
Phase 3 Detail Placement | Checksum: 22f4b3f2b

Time (s): cpu = 00:01:15 ; elapsed = 00:00:57 . Memory (MB): peak = 2239.238 ; gain = 0.000

Phase 4 Post Placement Optimization and Clean-Up

Phase 4.1 Post Commit Optimization
INFO: [Timing 38-35] Done setting XDC timing constraints.

Phase 4.1.1 Post Placement Optimization
Post Placement Optimization Initialization | Checksum: 285f316cf

Phase 4.1.1.1 BUFG Insertion

Starting Physical Synthesis Task

Phase 1 Physical Synthesis Initialization
INFO: [Physopt 32-721] Multithreading enabled for phys_opt_design using a maximum of 2 CPUs
INFO: [Physopt 32-619] Estimated Timing Summary | WNS=-0.951 | TNS=-50.318 |
Phase 1 Physical Synthesis Initialization | Checksum: 1d12fbb75

Time (s): cpu = 00:00:01 ; elapsed = 00:00:00.280 . Memory (MB): peak = 2239.238 ; gain = 0.000
INFO: [Place 46-56] BUFG insertion identified 0 candidate nets. Inserted BUFG: 0, Replicated BUFG Driver: 0, Skipped due to Placement/Routing Conflicts: 0, Skipped due to Timing Degradation: 0, Skipped due to netlist editing failed: 0.
Ending Physical Synthesis Task | Checksum: 266e0b77e

Time (s): cpu = 00:00:01 ; elapsed = 00:00:00.417 . Memory (MB): peak = 2239.238 ; gain = 0.000
Phase 4.1.1.1 BUFG Insertion | Checksum: 285f316cf

Time (s): cpu = 00:01:22 ; elapsed = 00:01:01 . Memory (MB): peak = 2239.238 ; gain = 0.000

Phase 4.1.1.2 Post Placement Timing Optimization
INFO: [Place 30-746] Post Placement Timing Summary WNS=-0.447. For the most accurate timing information please run report_timing.
Phase 4.1.1.2 Post Placement Timing Optimization | Checksum: 185441910

Time (s): cpu = 00:09:26 ; elapsed = 05:37:54 . Memory (MB): peak = 2239.238 ; gain = 0.000

Time (s): cpu = 00:09:26 ; elapsed = 05:37:54 . Memory (MB): peak = 2239.238 ; gain = 0.000
Phase 4.1 Post Commit Optimization | Checksum: 185441910

Time (s): cpu = 00:09:26 ; elapsed = 05:37:54 . Memory (MB): peak = 2239.238 ; gain = 0.000
Post Placement Optimization Initialization | Checksum: 27fefa1f8

Starting Physical Synthesis Task

Phase 1 Physical Synthesis Initialization
INFO: [Physopt 32-721] Multithreading enabled for phys_opt_design using a maximum of 2 CPUs
INFO: [Physopt 32-619] Estimated Timing Summary | WNS=-0.531 | TNS=-8.064 |
Phase 1 Physical Synthesis Initialization | Checksum: 1d023d0f2

Time (s): cpu = 00:00:01 ; elapsed = 00:00:00.316 . Memory (MB): peak = 2239.238 ; gain = 0.000
INFO: [Place 46-33] Processed net hash/hash/FSM/FSM_sequential_STATE_reg[1]_1[0], BUFG insertion was skipped due to placement/routing conflicts.
INFO: [Place 46-56] BUFG insertion identified 1 candidate nets. Inserted BUFG: 0, Replicated BUFG Driver: 0, Skipped due to Placement/Routing Conflicts: 1, Skipped due to Timing Degradation: 0, Skipped due to netlist editing failed: 0.
Ending Physical Synthesis Task | Checksum: 261e92d2a

Time (s): cpu = 00:00:01 ; elapsed = 00:00:00.807 . Memory (MB): peak = 2239.238 ; gain = 0.000
INFO: [Place 30-746] Post Placement Timing Summary WNS=-0.447. For the most accurate timing information please run report_timing.

Phase 4.2 Post Placement Cleanup
Phase 4.2 Post Placement Cleanup | Checksum: 1349e5474

Time (s): cpu = 00:11:01 ; elapsed = 05:39:37 . Memory (MB): peak = 2239.238 ; gain = 0.000

Phase 4.3 Placer Reporting

Phase 4.3.1 Print Estimated Congestion
INFO: [Place 30-612] Post-Placement Estimated Congestion 
 ____________________________________________________
|           | Global Congestion | Short Congestion  |
| Direction | Region Size       | Region Size       |
|___________|___________________|___________________|
|      North|                1x1|                2x2|
|___________|___________________|___________________|
|      South|                1x1|                1x1|
|___________|___________________|___________________|
|       East|                1x1|                2x2|
|___________|___________________|___________________|
|       West|                1x1|                1x1|
|___________|___________________|___________________|

Phase 4.3.1 Print Estimated Congestion | Checksum: 1349e5474

Time (s): cpu = 00:11:01 ; elapsed = 05:39:38 . Memory (MB): peak = 2239.238 ; gain = 0.000
Phase 4.3 Placer Reporting | Checksum: 1349e5474

Time (s): cpu = 00:11:01 ; elapsed = 05:39:38 . Memory (MB): peak = 2239.238 ; gain = 0.000

Phase 4.4 Final Placement Cleanup
Netlist sorting complete. Time (s): cpu = 00:00:00 ; elapsed = 00:00:00.022 . Memory (MB): peak = 2239.238 ; gain = 0.000

Time (s): cpu = 00:11:02 ; elapsed = 05:39:38 . Memory (MB): peak = 2239.238 ; gain = 0.000
Phase 4 Post Placement Optimization and Clean-Up | Checksum: 19aafa708

Time (s): cpu = 00:11:02 ; elapsed = 05:39:38 . Memory (MB): peak = 2239.238 ; gain = 0.000
Ending Placer Task | Checksum: 14ee7bf29

Time (s): cpu = 00:11:02 ; elapsed = 05:39:38 . Memory (MB): peak = 2239.238 ; gain = 0.000
78 Infos, 0 Warnings, 0 Critical Warnings and 0 Errors encountered.
place_design completed successfully
place_design: Time (s): cpu = 00:11:05 ; elapsed = 05:39:40 . Memory (MB): peak = 2239.238 ; gain = 0.000
Command: phys_opt_design -directive AggressiveExplore
Attempting to get a license for feature 'Implementation' and/or device 'xc7a12t'
INFO: [Common 17-349] Got license for feature 'Implementation' and/or device 'xc7a12t'
INFO: [Vivado_Tcl 4-137] Directive used for phys_opt_design is: AggressiveExplore

Starting Initial Update Timing Task

Time (s): cpu = 00:00:02 ; elapsed = 00:00:01 . Memory (MB): peak = 2239.238 ; gain = 0.000
INFO: [Vivado_Tcl 4-1435] PhysOpt_Tcl_Interface Runtime Before Starting Physical Synthesis Task | CPU: 2.00s |  WALL: 1.74s
Netlist sorting complete. Time (s): cpu = 00:00:00 ; elapsed = 00:00:00.003 . Memory (MB): peak = 2239.238 ; gain = 0.000

Starting Physical Synthesis Task

Phase 1 Physical Synthesis Initialization
INFO: [Physopt 32-721] Multithreading enabled for phys_opt_design using a maximum of 2 CPUs
INFO: [Physopt 32-619] Estimated Timing Summary | WNS=-0.447 | TNS=-6.720 |
Phase 1 Physical Synthesis Initialization | Checksum: 23142a4a1

Time (s): cpu = 00:00:01 ; elapsed = 00:00:00.993 . Memory (MB): peak = 2239.238 ; gain = 0.000

Phase 2 SLR Crossing Optimization
Phase 2 SLR Crossing Optimization | Checksum: 23142a4a1

Time (s): cpu = 00:00:01 ; elapsed = 00:00:01 . Memory (MB): peak = 2239.238 ; gain = 0.000
INFO: [Physopt 32-619] Estimated Timing Summary | WNS=-0.447 | TNS=-6.720 |

Phase 3 Fanout Optimization
INFO: [Physopt 32-76] Pass 1. Identified 4 candidate nets for fanout optimization.
INFO: [Physopt 32-81] Processed net ntt/ctrl_butt[2]. Replicated 1 times.
INFO: [Physopt 32-81] Processed net hash/samp0_q[2]_i_8_n_0. Replicated 2 times.
INFO: [Physopt 32-572] Net hash/hash/FSM/FSM_sequential_STATE_reg[0]_2[0] was not replicated.
Resolution: phys_opt_design can be forced to replicate a net driver using the option -force_replication_on_nets <list of net objects>.
INFO: [Physopt 32-232] Optimized 2 nets. Created 3 new instances.
INFO: [Physopt 32-775] End 1 Pass. Optimized 2 nets or cells. Created 3 new cells, deleted 0 existing cell and moved 0 existing cell
INFO: [Physopt 32-619] Estimated Timing Summary | WNS=-0.447 | TNS=-6.720 |
Netlist sorting complete. Time (s): cpu = 00:00:00 ; elapsed = 00:00:00.066 . Memory (MB): peak = 2239.238 ; gain = 0.000
Phase 3 Fanout Optimization | Checksum: 176a7f616

Time (s): cpu = 00:00:05 ; elapsed = 00:00:04 . Memory (MB): peak = 2239.238 ; gain = 0.000

Phase 4 Single Cell Placement Optimization
INFO: [Physopt 32-660] Identified 191 candidate nets for placement-based optimization.
INFO: [Physopt 32-662] Processed net hash/ofifo0_req_r1_reg_1.  Did not re-place instance hash/in1_butt[4]_i_2
INFO: [Physopt 32-662] Processed net hash/samp0_q[2]_i_6_n_0.  Did not re-place instance hash/samp0_q[2]_i_6
INFO: [Physopt 32-662] Processed net hash/samp0_q[1]_i_4_n_0.  Did not re-place instance hash/samp0_q[1]_i_4
INFO: [Physopt 32-662] Processed net hash/D[2].  Did not re-place instance hash/samp0_q[2]_i_1
INFO: [Physopt 32-662] Processed net ntt/samp0_q[2].  Did not re-place instance ntt/samp0_q_reg[2]
INFO: [Physopt 32-662] Processed net hash/samp0_q[2]_i_2_n_0.  Did not re-place instance hash/samp0_q[2]_i_2
INFO: [Physopt 32-662] Processed net hash/D[0].  Did not re-place instance hash/samp0_q[0]_i_1
INFO: [Physopt 32-662] Processed net ntt/samp0_q[0].  Did not re-place instance ntt/samp0_q_reg[0]
INFO: [Physopt 32-662] Processed net hash/samp0_q[2]_i_7_1.  Did not re-place instance hash/samp0_q[7]_i_1
INFO: [Physopt 32-662] Processed net ntt/samp0_q[7].  Did not re-place instance ntt/samp0_q_reg[7]
INFO: [Physopt 32-662] Processed net hash/p_1_in0.  Did not re-place instance hash/samp0_q[11]_i_1
INFO: [Physopt 32-662] Processed net ntt/samp0_q[11].  Did not re-place instance ntt/samp0_q_reg[11]
INFO: [Physopt 32-662] Processed net hash/samp0_q[2]_i_7_0.  Did not re-place instance hash/samp0_q[8]_i_1
INFO: [Physopt 32-662] Processed net ntt/samp0_q[8].  Did not re-place instance ntt/samp0_q_reg[8]
INFO: [Physopt 32-662] Processed net hash/samp1_q[2]_i_3_n_0.  Did not re-place instance hash/samp1_q[2]_i_3
INFO: [Physopt 32-662] Processed net hash/ofifo0_req_r1_reg_20.  Did not re-place instance hash/in1_butt[7]_i_2
INFO: [Physopt 32-662] Processed net hash/samp1_q[1]_i_4_n_0.  Did not re-place instance hash/samp1_q[1]_i_4
INFO: [Physopt 32-662] Processed net hash/samp1_q[2]_i_7_0[0].  Did not re-place instance hash/samp1_q[0]_i_1
INFO: [Physopt 32-662] Processed net ntt/samp1_q[0].  Did not re-place instance ntt/samp1_q_reg[0]
INFO: [Physopt 32-662] Processed net hash/samp1_q[2]_i_7_1.  Did not re-place instance hash/samp1_q[8]_i_1
INFO: [Physopt 32-662] Processed net ntt/samp1_q[8].  Did not re-place instance ntt/samp1_q_reg[8]
INFO: [Physopt 32-662] Processed net hash/samp1_q[2]_i_6_0.  Did not re-place instance hash/samp1_q[11]_i_1
INFO: [Physopt 32-662] Processed net ntt/samp1_q[11].  Did not re-place instance ntt/samp1_q_reg[11]
INFO: [Physopt 32-662] Processed net hash/samp2_q[2]_i_4_n_0.  Did not re-place instance hash/samp2_q[2]_i_4
INFO: [Physopt 32-662] Processed net hash/ofifo0_req_r1_reg_18.  Did not re-place instance hash/in1_butt[9]_i_2
INFO: [Physopt 32-662] Processed net hash/samp2_q[1]_i_4_n_0.  Did not re-place instance hash/samp2_q[1]_i_4
INFO: [Physopt 32-662] Processed net hash/samp2_q[2]_i_6_2.  Did not re-place instance hash/samp2_q[7]_i_1
INFO: [Physopt 32-662] Processed net ntt/samp2_q[7].  Did not re-place instance ntt/samp2_q_reg[7]
INFO: [Physopt 32-662] Processed net hash/samp2_q[2]_i_6_1.  Did not re-place instance hash/samp2_q[8]_i_1
INFO: [Physopt 32-662] Processed net ntt/samp2_q[8].  Did not re-place instance ntt/samp2_q_reg[8]
INFO: [Physopt 32-662] Processed net hash/ofifo0_req_r1_reg_9.  Did not re-place instance hash/in1_butt[13]_i_2
INFO: [Physopt 32-663] Processed net hash/ofifo0_req_r1_reg_0.  Re-placed instance hash/in1_butt[5]_i_2
INFO: [Physopt 32-662] Processed net hash/samp2_q[2]_i_5_n_0.  Did not re-place instance hash/samp2_q[2]_i_5
INFO: [Physopt 32-662] Processed net hash/samp2_q[2]_i_6_0[0].  Did not re-place instance hash/samp2_q[0]_i_1
INFO: [Physopt 32-662] Processed net ntt/samp2_q[0].  Did not re-place instance ntt/samp2_q_reg[0]
INFO: [Physopt 32-662] Processed net hash/samp3_q[2]_i_6_n_0.  Did not re-place instance hash/samp3_q[2]_i_6
INFO: [Physopt 32-662] Processed net hash/samp3_q[1]_i_6_n_0.  Did not re-place instance hash/samp3_q[1]_i_6
INFO: [Physopt 32-662] Processed net hash/samp3_q[2]_i_7_0[0].  Did not re-place instance hash/samp3_q[0]_i_1
INFO: [Physopt 32-662] Processed net ntt/samp3_q[0].  Did not re-place instance ntt/samp3_q_reg[0]
INFO: [Physopt 32-662] Processed net hash/samp2_q[2]_i_4_0.  Did not re-place instance hash/samp2_q[11]_i_1
INFO: [Physopt 32-662] Processed net ntt/samp2_q[11].  Did not re-place instance ntt/samp2_q_reg[11]
INFO: [Physopt 32-662] Processed net hash/samp3_q[2]_i_7_1.  Did not re-place instance hash/samp3_q[8]_i_1
INFO: [Physopt 32-662] Processed net ntt/samp3_q[8].  Did not re-place instance ntt/samp3_q_reg[8]
INFO: [Physopt 32-662] Processed net hash/samp3_q[2]_i_7_0[2].  Did not re-place instance hash/samp3_q[2]_i_1
INFO: [Physopt 32-662] Processed net ntt/samp3_q[2].  Did not re-place instance ntt/samp3_q_reg[2]
INFO: [Physopt 32-662] Processed net hash/samp3_q[2]_i_7_2.  Did not re-place instance hash/samp3_q[7]_i_1
INFO: [Physopt 32-662] Processed net ntt/samp3_q[7].  Did not re-place instance ntt/samp3_q_reg[7]
INFO: [Physopt 32-662] Processed net hash/samp1_q[2]_i_7_0[2].  Did not re-place instance hash/samp1_q[2]_i_1
INFO: [Physopt 32-662] Processed net ntt/samp1_q[2].  Did not re-place instance ntt/samp1_q_reg[2]
INFO: [Physopt 32-662] Processed net hash/samp1_q[2]_i_2_n_0.  Did not re-place instance hash/samp1_q[2]_i_2
INFO: [Physopt 32-662] Processed net hash/samp1_q[2]_i_7_n_0.  Did not re-place instance hash/samp1_q[2]_i_7
INFO: [Physopt 32-662] Processed net hash/samp3_q[2]_i_2_n_0.  Did not re-place instance hash/samp3_q[2]_i_2
INFO: [Physopt 32-662] Processed net hash/samp3_q[1]_i_2_n_0.  Did not re-place instance hash/samp3_q[1]_i_2
INFO: [Physopt 32-662] Processed net hash/samp1_q[2]_i_7_2.  Did not re-place instance hash/samp1_q[7]_i_1
INFO: [Physopt 32-662] Processed net ntt/samp1_q[7].  Did not re-place instance ntt/samp1_q_reg[7]
INFO: [Physopt 32-662] Processed net hash/ofifo0_req_r1_reg_6.  Did not re-place instance hash/in1_butt[12]_i_2
INFO: [Physopt 32-662] Processed net hash/samp3_q[1]_i_3_n_0.  Did not re-place instance hash/samp3_q[1]_i_3
INFO: [Physopt 32-662] Processed net hash/samp3_q[2]_i_6_0.  Did not re-place instance hash/samp3_q[11]_i_1
INFO: [Physopt 32-662] Processed net ntt/samp3_q[11].  Did not re-place instance ntt/samp3_q_reg[11]
INFO: [Physopt 32-662] Processed net hash/samp1_q[2]_i_6_n_0.  Did not re-place instance hash/samp1_q[2]_i_6
INFO: [Physopt 32-662] Processed net hash/samp3_q[2]_i_3_n_0.  Did not re-place instance hash/samp3_q[2]_i_3
INFO: [Physopt 32-662] Processed net hash/ofifo0_req_r1_reg_2.  Did not re-place instance hash/in1_butt[1]_i_2
INFO: [Physopt 32-663] Processed net hash/ofifo0_req_r1_reg_10.  Re-placed instance hash/in1_butt[15]_i_2
INFO: [Physopt 32-662] Processed net hash/samp0_q[2]_i_7_n_0.  Did not re-place instance hash/samp0_q[2]_i_7
INFO: [Physopt 32-662] Processed net hash/samp0_q[1]_i_6_n_0.  Did not re-place instance hash/samp0_q[1]_i_6
INFO: [Physopt 32-662] Processed net hash/samp2_q[2]_i_6_0[2].  Did not re-place instance hash/samp2_q[2]_i_1
INFO: [Physopt 32-662] Processed net ntt/samp2_q[2].  Did not re-place instance ntt/samp2_q_reg[2]
INFO: [Physopt 32-662] Processed net hash/samp3_q[2]_i_7_n_0.  Did not re-place instance hash/samp3_q[2]_i_7
INFO: [Physopt 32-662] Processed net hash/ofifo0_req_r1_reg_11.  Did not re-place instance hash/in1_butt[22]_i_2
INFO: [Physopt 32-662] Processed net hash/ofifo0_req_r1_reg_3.  Did not re-place instance hash/in1_butt[3]_i_2
INFO: [Physopt 32-663] Processed net hash/ofifo0_req_r1_reg_12.  Re-placed instance hash/in1_butt[23]_i_2
INFO: [Physopt 32-662] Processed net hash/samp3_q[1]_i_5_n_0.  Did not re-place instance hash/samp3_q[1]_i_5
INFO: [Physopt 32-662] Processed net hash/samp0_q[1]_i_5_n_0.  Did not re-place instance hash/samp0_q[1]_i_5
INFO: [Physopt 32-662] Processed net hash/ofifo0_req_r1_reg_14.  Did not re-place instance hash/in1_butt[10]_i_2
INFO: [Physopt 32-662] Processed net hash/samp3_q[2]_i_5_n_0.  Did not re-place instance hash/samp3_q[2]_i_5
INFO: [Physopt 32-663] Processed net hash/fifo0_i_137_n_0.  Re-placed instance hash/fifo0_i_137
INFO: [Physopt 32-662] Processed net hash/fifo0_i_73_n_0.  Did not re-place instance hash/fifo0_i_73
INFO: [Physopt 32-662] Processed net hash/ififo_din[17].  Did not re-place instance hash/fifo0_i_17
INFO: [Physopt 32-663] Processed net ntt/in0_butt_reg_n_0_[14].  Re-placed instance ntt/in0_butt_reg[14]
INFO: [Physopt 32-662] Processed net ntt/BU/sum_in1__0_carry_i_6_n_0.  Did not re-place instance ntt/BU/sum_in1__0_carry_i_6
INFO: [Physopt 32-663] Processed net ntt/BU/sum_in1__0_carry_i_9_n_0.  Re-placed instance ntt/BU/sum_in1__0_carry_i_9
INFO: [Physopt 32-662] Processed net ntt/BU/sum_in1_q_carry_i_1_n_0.  Did not re-place instance ntt/BU/sum_in1_q_carry_i_1
INFO: [Physopt 32-662] Processed net ntt/BU/sum_in1_reg[11]_i_1_n_0.  Did not re-place instance ntt/BU/sum_in1_reg[11]_i_1
INFO: [Physopt 32-662] Processed net ntt/BU/sum_in1_reg[11].  Did not re-place instance ntt/BU/sum_in1_reg_reg[11]
INFO: [Physopt 32-662] Processed net hash/ofifo0_req_r1_reg_16.  Did not re-place instance hash/in1_butt[11]_i_2
INFO: [Physopt 32-662] Processed net ntt/in1_butt_reg_n_0_[14].  Did not re-place instance ntt/in1_butt_reg[14]
INFO: [Physopt 32-662] Processed net hash/samp1_q[2]_i_5_n_0.  Did not re-place instance hash/samp1_q[2]_i_5
INFO: [Physopt 32-662] Processed net hash/samp1_q[1]_i_5_n_0.  Did not re-place instance hash/samp1_q[1]_i_5
INFO: [Physopt 32-662] Processed net hash/ofifo0_req_r1_reg_21.  Did not re-place instance hash/in1_butt[6]_i_2
INFO: [Physopt 32-662] Processed net hash/ififo_req.  Did not re-place instance hash/fifo0_i_36
INFO: [Physopt 32-663] Processed net hash/fifo0/U0/inst_fifo_gen/gconvfifo.rf/grf.rf/gntv_or_sync_fifo.gl0.rd/rpntr/ram_full_fb_i_reg.  Re-placed instance hash/fifo0/U0/inst_fifo_gen/gconvfifo.rf/grf.rf/gntv_or_sync_fifo.gl0.rd/rpntr/ram_full_fb_i_i_1
INFO: [Physopt 32-663] Processed net hash/fifo0/U0/inst_fifo_gen/gconvfifo.rf/grf.rf/gntv_or_sync_fifo.gl0.rd/grss.rsts/E[0].  Re-placed instance hash/fifo0/U0/inst_fifo_gen/gconvfifo.rf/grf.rf/gntv_or_sync_fifo.gl0.rd/grss.rsts/gc0.count_d1[7]_i_1
INFO: [Physopt 32-663] Processed net hash/fifo0/U0/inst_fifo_gen/gconvfifo.rf/grf.rf/gntv_or_sync_fifo.gl0.wr/gwss.wsts/ram_full_fb_i.  Re-placed instance hash/fifo0/U0/inst_fifo_gen/gconvfifo.rf/grf.rf/gntv_or_sync_fifo.gl0.wr/gwss.wsts/ram_full_fb_i_reg
INFO: [Physopt 32-662] Processed net hash/ofifo0_req_r1_reg_8.  Did not re-place instance hash/in1_butt[19]_i_2
INFO: [Physopt 32-663] Processed net hash/ofifo0_req_r1_reg_7.  Re-placed instance hash/in1_butt[18]_i_2
INFO: [Physopt 32-662] Processed net hash/samp0_q[2]_i_5_n_0.  Did not re-place instance hash/samp0_q[2]_i_5
INFO: [Physopt 32-662] Processed net hash/samp1_q[2]_i_7_0[1].  Did not re-place instance hash/samp1_q[1]_i_1
INFO: [Physopt 32-662] Processed net ntt/samp1_q[1].  Did not re-place instance ntt/samp1_q_reg[1]
INFO: [Physopt 32-662] Processed net hash/samp2_q[2]_i_3_n_0.  Did not re-place instance hash/samp2_q[2]_i_3
INFO: [Physopt 32-663] Processed net hash/ofifo0_req_r1_reg_4.  Re-placed instance hash/in1_butt[14]_i_2
INFO: [Physopt 32-663] Processed net hash/samp2_q[2]_i_6_n_0.  Re-placed instance hash/samp2_q[2]_i_6
INFO: [Physopt 32-662] Processed net hash/samp1_q[1]_i_3_n_0.  Did not re-place instance hash/samp1_q[1]_i_3
INFO: [Physopt 32-663] Processed net hash/ofifo0_req_r1_reg_5.  Re-placed instance hash/in1_butt[21]_i_2
INFO: [Physopt 32-663] Processed net ntt/in0_butt_reg_n_0_[12].  Re-placed instance ntt/in0_butt_reg[12]
INFO: [Physopt 32-662] Processed net ntt/BU/sum_in1__0_carry_i_3_n_0.  Did not re-place instance ntt/BU/sum_in1__0_carry_i_3
INFO: [Physopt 32-662] Processed net hash/samp2_q[2]_i_2_n_0.  Did not re-place instance hash/samp2_q[2]_i_2
INFO: [Physopt 32-662] Processed net hash/fifo0_i_135_n_0.  Did not re-place instance hash/fifo0_i_135
INFO: [Physopt 32-663] Processed net hash/fifo0_i_69_n_0.  Re-placed instance hash/fifo0_i_69
INFO: [Physopt 32-662] Processed net hash/ififo_din[19].  Did not re-place instance hash/fifo0_i_15
INFO: [Physopt 32-663] Processed net hash/ofifo0_req_r1_reg_15.  Re-placed instance hash/in1_butt[8]_i_2
INFO: [Physopt 32-662] Processed net hash/fifo0_i_109_n_0.  Did not re-place instance hash/fifo0_i_109
INFO: [Physopt 32-663] Processed net hash/fifo0_i_153_n_0.  Re-placed instance hash/fifo0_i_153
INFO: [Physopt 32-662] Processed net hash/ififo_din[1].  Did not re-place instance hash/fifo0_i_33
INFO: [Physopt 32-663] Processed net hash/fifo0_i_134_n_0.  Re-placed instance hash/fifo0_i_134
INFO: [Physopt 32-662] Processed net hash/fifo0_i_65_n_0.  Did not re-place instance hash/fifo0_i_65
INFO: [Physopt 32-662] Processed net hash/ififo_din[20].  Did not re-place instance hash/fifo0_i_14
INFO: [Physopt 32-662] Processed net hash/samp0_q[2]_i_3_n_0.  Did not re-place instance hash/samp0_q[2]_i_3
INFO: [Physopt 32-663] Processed net ntt/rdata_RAM_mux0[23].  Re-placed instance ntt/rdata_RAM_mux0_r1[23]_i_1
INFO: [Physopt 32-663] Processed net ntt/rdata_RAM_mux0_r1[23]_i_4_n_0.  Re-placed instance ntt/rdata_RAM_mux0_r1[23]_i_4
INFO: [Physopt 32-662] Processed net ntt/rdata_RAM_mux0_r1[23].  Did not re-place instance ntt/rdata_RAM_mux0_r1_reg[23]
INFO: [Physopt 32-663] Processed net ntt/rdata_RAM_mux0[1].  Re-placed instance ntt/rdata_RAM_mux0_r1[1]_i_1
INFO: [Physopt 32-662] Processed net ntt/in1_butt_reg_n_0_[1].  Did not re-place instance ntt/in1_butt_reg[1]
INFO: [Physopt 32-662] Processed net ntt/in1_butt[1].  Did not re-place instance ntt/in1_butt[1]_i_1
INFO: [Physopt 32-663] Processed net ntt/rdata_RAM_mux0_r1[1]_i_2_n_0.  Re-placed instance ntt/rdata_RAM_mux0_r1[1]_i_2
INFO: [Physopt 32-663] Processed net state[2].  Re-placed instance state_reg[2]
INFO: [Physopt 32-662] Processed net hash/state[4]_i_8_n_0.  Did not re-place instance hash/state[4]_i_8
INFO: [Physopt 32-663] Processed net hash/fifo1/U0/inst_fifo_gen/gconvfifo.rf/grf.rf/gntv_or_sync_fifo.gl0.wr/gwss.wsts/ram_full_i.  Re-placed instance hash/fifo1/U0/inst_fifo_gen/gconvfifo.rf/grf.rf/gntv_or_sync_fifo.gl0.wr/gwss.wsts/ram_full_i_reg
INFO: [Physopt 32-662] Processed net hash/hash/FSM/state[2]_i_12_n_0.  Did not re-place instance hash/hash/FSM/state[2]_i_12
INFO: [Physopt 32-662] Processed net hash/hash/FSM/state[2]_i_2__1_n_0.  Did not re-place instance hash/hash/FSM/state[2]_i_2__1
INFO: [Physopt 32-662] Processed net hash/state[2]_i_15_n_0.  Did not re-place instance hash/state[2]_i_15
INFO: [Physopt 32-663] Processed net hash/state[2]_i_17_n_0.  Re-placed instance hash/state[2]_i_17
INFO: [Physopt 32-663] Processed net ntt/rdata_RAM_mux0[19].  Re-placed instance ntt/rdata_RAM_mux0_r1[19]_i_1
INFO: [Physopt 32-663] Processed net ntt/rdata_RAM_mux0_r1[19]_i_2_n_0.  Re-placed instance ntt/rdata_RAM_mux0_r1[19]_i_2
INFO: [Physopt 32-663] Processed net ntt/rdata_RAM_mux0_r1[19].  Re-placed instance ntt/rdata_RAM_mux0_r1_reg[19]
INFO: [Physopt 32-663] Processed net ntt/ctrl_butt[1].  Re-placed instance ntt/ctrl_butt_reg[1]
INFO: [Physopt 32-663] Processed net ntt/BU/sum_in0__0_carry_i_2_n_0.  Re-placed instance ntt/BU/sum_in0__0_carry_i_2
INFO: [Physopt 32-662] Processed net ntt/BU/sum_in0_q_carry_i_2_n_0.  Did not re-place instance ntt/BU/sum_in0_q_carry_i_2
INFO: [Physopt 32-662] Processed net ntt/BU/sum_in0_reg[9]_i_1_n_0.  Did not re-place instance ntt/BU/sum_in0_reg[9]_i_1
INFO: [Physopt 32-662] Processed net ntt/BU/sum_in0_reg[9].  Did not re-place instance ntt/BU/sum_in0_reg_reg[9]
INFO: [Physopt 32-662] Processed net hash/samp0_q[2]_i_8_n_0_repN_1.  Did not re-place instance hash/samp0_q[2]_i_8_replica_1
INFO: [Physopt 32-663] Processed net hash/samp1_q[1]_i_2_n_0.  Re-placed instance hash/samp1_q[1]_i_2
INFO: [Physopt 32-662] Processed net ntt/BU/sum_in1__0_carry_i_7_n_0.  Did not re-place instance ntt/BU/sum_in1__0_carry_i_7
INFO: [Physopt 32-663] Processed net ntt/BU/sum_in0__0_carry_i_1_n_0.  Re-placed instance ntt/BU/sum_in0__0_carry_i_1
INFO: [Physopt 32-662] Processed net ntt/BU/sum_in0__0_carry_i_5_n_0.  Did not re-place instance ntt/BU/sum_in0__0_carry_i_5
INFO: [Physopt 32-662] Processed net hash/samp1_q[2]_i_4_n_0.  Did not re-place instance hash/samp1_q[2]_i_4
INFO: [Physopt 32-662] Processed net hash/samp1_q[1]_i_6_n_0.  Did not re-place instance hash/samp1_q[1]_i_6
INFO: [Physopt 32-663] Processed net ntt/in0_butt_reg_n_0_[19].  Re-placed instance ntt/in0_butt_reg[19]
INFO: [Physopt 32-663] Processed net ntt/BU/sum_in1__0_carry__1_i_4_n_0.  Re-placed instance ntt/BU/sum_in1__0_carry__1_i_4
INFO: [Physopt 32-662] Processed net ntt/BU/sum_in1__0_carry__1_i_8_n_0.  Did not re-place instance ntt/BU/sum_in1__0_carry__1_i_8
INFO: [Physopt 32-662] Processed net ntt/BU/sum_in1_reg[7]_i_1_n_0.  Did not re-place instance ntt/BU/sum_in1_reg[7]_i_1
INFO: [Physopt 32-662] Processed net ntt/BU/sum_in1_reg[7].  Did not re-place instance ntt/BU/sum_in1_reg_reg[7]
INFO: [Physopt 32-662] Processed net hash/hash/FSM/FSM_sequential_STATE_reg[0]_2[0].  Did not re-place instance hash/hash/FSM/Q_buf[1599]_i_2
INFO: [Physopt 32-663] Processed net state[1].  Re-placed instance state_reg[1]
INFO: [Physopt 32-662] Processed net hash/hash/RoundFunction/Reg/state_reg[4].  Did not re-place instance hash/hash/RoundFunction/Reg/extend_r1_i_1
INFO: [Physopt 32-662] Processed net hash/hash/RoundFunction/Reg/pad_flag_reg.  Did not re-place instance hash/hash/RoundFunction/Reg/squeeze_ctr[5]_i_2
INFO: [Physopt 32-662] Processed net hash/hash/RoundFunction/Reg/extend_r1_i_3_n_0.  Did not re-place instance hash/hash/RoundFunction/Reg/extend_r1_i_3
INFO: [Physopt 32-662] Processed net hash/hash/RoundFunction/Reg/extend_r1_i_4_n_0.  Did not re-place instance hash/hash/RoundFunction/Reg/extend_r1_i_4
INFO: [Physopt 32-663] Processed net hash/hash/RoundFunction/Reg/Q[827].  Re-placed instance hash/hash/RoundFunction/Reg/Q_buf_reg[827]
INFO: [Physopt 32-663] Processed net hash/ofifo0_req_r1_reg_13.  Re-placed instance hash/in1_butt[20]_i_2
INFO: [Physopt 32-662] Processed net ntt/in1_butt_reg_n_0_[2].  Did not re-place instance ntt/in1_butt_reg[2]
INFO: [Physopt 32-662] Processed net ntt/BU/sum_in0_reg[11]_i_1_n_0.  Did not re-place instance ntt/BU/sum_in0_reg[11]_i_1
INFO: [Physopt 32-662] Processed net ntt/BU/sum_in0_reg[11].  Did not re-place instance ntt/BU/sum_in0_reg_reg[11]
INFO: [Physopt 32-662] Processed net hash/samp0_q[2]_i_8_n_0_repN.  Did not re-place instance hash/samp0_q[2]_i_8_replica
INFO: [Physopt 32-663] Processed net hash/samp0_q[1]_i_3_n_0.  Re-placed instance hash/samp0_q[1]_i_3
INFO: [Physopt 32-663] Processed net ntt/rdata_RAM_mux0[13].  Re-placed instance ntt/rdata_RAM_mux0_r1[13]_i_1
INFO: [Physopt 32-663] Processed net ntt/rdata_RAM_mux0_r1[13]_i_2_n_0.  Re-placed instance ntt/rdata_RAM_mux0_r1[13]_i_2
INFO: [Physopt 32-662] Processed net ntt/rdata_RAM_mux0_r1[13].  Did not re-place instance ntt/rdata_RAM_mux0_r1_reg[13]
INFO: [Physopt 32-662] Processed net ntt/BU/sum_in1_reg[10]_i_1_n_0.  Did not re-place instance ntt/BU/sum_in1_reg[10]_i_1
INFO: [Physopt 32-662] Processed net ntt/BU/sum_in1_reg[10].  Did not re-place instance ntt/BU/sum_in1_reg_reg[10]
INFO: [Physopt 32-662] Processed net ntt/in1_butt_reg_n_0_[21].  Did not re-place instance ntt/in1_butt_reg[21]
INFO: [Physopt 32-663] Processed net ntt/BU/sum_in1__0_carry__1_i_3_n_0.  Re-placed instance ntt/BU/sum_in1__0_carry__1_i_3
INFO: [Physopt 32-663] Processed net hash/samp3_q[2]_i_4_n_0.  Re-placed instance hash/samp3_q[2]_i_4
INFO: [Physopt 32-663] Processed net ntt/rdata_RAM_mux0[5].  Re-placed instance ntt/rdata_RAM_mux0_r1[5]_i_1
INFO: [Physopt 32-663] Processed net ntt/rdata_RAM_mux0_r1[5]_i_2_n_0.  Re-placed instance ntt/rdata_RAM_mux0_r1[5]_i_2
INFO: [Physopt 32-662] Processed net ntt/rdata_RAM_mux0_r1[5].  Did not re-place instance ntt/rdata_RAM_mux0_r1_reg[5]
INFO: [Physopt 32-662] Processed net ntt/ctrl_butt[2]_repN.  Did not re-place instance ntt/ctrl_butt_reg[2]_replica
INFO: [Physopt 32-663] Processed net ntt/BU/sum_in1__0_carry__0_i_3_n_0.  Re-placed instance ntt/BU/sum_in1__0_carry__0_i_3
INFO: [Physopt 32-662] Processed net ntt/BU/sum_in1__0_carry__0_i_7_n_0.  Did not re-place instance ntt/BU/sum_in1__0_carry__0_i_7
INFO: [Physopt 32-662] Processed net ntt/BU/sum_in1_q_carry_i_2_n_0.  Did not re-place instance ntt/BU/sum_in1_q_carry_i_2
INFO: [Physopt 32-663] Processed net hash/ofifo0_req_r1_reg.  Re-placed instance hash/in1_butt[2]_i_2
INFO: [Physopt 32-663] Processed net hash/samp0_q[1]_i_2_n_0.  Re-placed instance hash/samp0_q[1]_i_2
INFO: [Physopt 32-662] Processed net ntt/rdata_RAM_mux0_r1[1].  Did not re-place instance ntt/rdata_RAM_mux0_r1_reg[1]
INFO: [Physopt 32-662] Processed net ntt/BU/sum_in0_reg[7]_i_1_n_0.  Did not re-place instance ntt/BU/sum_in0_reg[7]_i_1
INFO: [Physopt 32-662] Processed net ntt/BU/sum_in0_reg[7].  Did not re-place instance ntt/BU/sum_in0_reg_reg[7]
INFO: [Physopt 32-662] Processed net ntt/BU/sum_in0_reg[5]_i_1_n_0.  Did not re-place instance ntt/BU/sum_in0_reg[5]_i_1
INFO: [Physopt 32-662] Processed net ntt/BU/sum_in1_reg[9]_i_1_n_0.  Did not re-place instance ntt/BU/sum_in1_reg[9]_i_1
INFO: [Physopt 32-662] Processed net ntt/BU/sum_in0_reg[5].  Did not re-place instance ntt/BU/sum_in0_reg_reg[5]
INFO: [Physopt 32-662] Processed net ntt/BU/sum_in1_reg[9].  Did not re-place instance ntt/BU/sum_in1_reg_reg[9]
INFO: [Physopt 32-663] Processed net state[3].  Re-placed instance state_reg[3]
INFO: [Physopt 32-662] Processed net hash/samp3_q[2]_i_7_0[1].  Did not re-place instance hash/samp3_q[1]_i_1
INFO: [Physopt 32-662] Processed net ntt/samp3_q[1].  Did not re-place instance ntt/samp3_q_reg[1]
INFO: [Physopt 32-661] Optimized 48 nets.  Re-placed 48 instances.
INFO: [Physopt 32-775] End 1 Pass. Optimized 48 nets or cells. Created 0 new cell, deleted 0 existing cell and moved 48 existing cells
INFO: [Physopt 32-619] Estimated Timing Summary | WNS=-0.447 | TNS=-6.262 |
Netlist sorting complete. Time (s): cpu = 00:00:00 ; elapsed = 00:00:00.003 . Memory (MB): peak = 2239.238 ; gain = 0.000
Phase 4 Single Cell Placement Optimization | Checksum: 1d4b11160

Time (s): cpu = 00:00:25 ; elapsed = 00:00:18 . Memory (MB): peak = 2239.238 ; gain = 0.000

Phase 5 Multi Cell Placement Optimization
INFO: [Physopt 32-660] Identified 100 candidate nets for placement-based optimization.
INFO: [Physopt 32-662] Processed net hash/ofifo0_req_r1_reg_1.  Did not re-place instance hash/in1_butt[4]_i_2/O
INFO: [Physopt 32-662] Processed net hash/samp0_q[2]_i_6_n_0.  Did not re-place instance hash/samp0_q[2]_i_6/O
INFO: [Physopt 32-662] Processed net hash/samp0_q[1]_i_4_n_0.  Did not re-place instance hash/samp0_q[1]_i_4/O
INFO: [Physopt 32-662] Processed net hash/D[2].  Did not re-place instance hash/samp0_q[2]_i_1/O
INFO: [Physopt 32-662] Processed net hash/samp0_q[2]_i_2_n_0.  Did not re-place instance hash/samp0_q[2]_i_2/O
INFO: [Physopt 32-662] Processed net hash/D[0].  Did not re-place instance hash/samp0_q[0]_i_1/O
INFO: [Physopt 32-662] Processed net hash/samp0_q[2]_i_7_1.  Did not re-place instance hash/samp0_q[7]_i_1/O
INFO: [Physopt 32-662] Processed net hash/p_1_in0.  Did not re-place instance hash/samp0_q[11]_i_1/O
INFO: [Physopt 32-662] Processed net hash/samp0_q[2]_i_7_0.  Did not re-place instance hash/samp0_q[8]_i_1/O
INFO: [Physopt 32-662] Processed net hash/samp1_q[2]_i_3_n_0.  Did not re-place instance hash/samp1_q[2]_i_3/O
INFO: [Physopt 32-662] Processed net hash/ofifo0_req_r1_reg_20.  Did not re-place instance hash/in1_butt[7]_i_2/O
INFO: [Physopt 32-662] Processed net hash/samp1_q[1]_i_4_n_0.  Did not re-place instance hash/samp1_q[1]_i_4/O
INFO: [Physopt 32-662] Processed net hash/samp1_q[2]_i_7_0[0].  Did not re-place instance hash/samp1_q[0]_i_1/O
INFO: [Physopt 32-662] Processed net hash/samp1_q[2]_i_7_1.  Did not re-place instance hash/samp1_q[8]_i_1/O
INFO: [Physopt 32-662] Processed net hash/samp1_q[2]_i_6_0.  Did not re-place instance hash/samp1_q[11]_i_1/O
INFO: [Physopt 32-662] Processed net hash/samp2_q[2]_i_4_n_0.  Did not re-place instance hash/samp2_q[2]_i_4/O
INFO: [Physopt 32-662] Processed net hash/ofifo0_req_r1_reg_18.  Did not re-place instance hash/in1_butt[9]_i_2/O
INFO: [Physopt 32-662] Processed net hash/samp2_q[1]_i_4_n_0.  Did not re-place instance hash/samp2_q[1]_i_4/O
INFO: [Physopt 32-662] Processed net hash/samp2_q[2]_i_6_2.  Did not re-place instance hash/samp2_q[7]_i_1/O
INFO: [Physopt 32-662] Processed net hash/samp2_q[2]_i_6_1.  Did not re-place instance hash/samp2_q[8]_i_1/O
INFO: [Physopt 32-662] Processed net hash/ofifo0_req_r1_reg_9.  Did not re-place instance hash/in1_butt[13]_i_2/O
INFO: [Physopt 32-662] Processed net hash/samp2_q[2]_i_5_n_0.  Did not re-place instance hash/samp2_q[2]_i_5/O
INFO: [Physopt 32-662] Processed net hash/samp2_q[2]_i_6_0[0].  Did not re-place instance hash/samp2_q[0]_i_1/O
INFO: [Physopt 32-662] Processed net hash/samp3_q[2]_i_6_n_0.  Did not re-place instance hash/samp3_q[2]_i_6/O
INFO: [Physopt 32-662] Processed net hash/samp3_q[1]_i_6_n_0.  Did not re-place instance hash/samp3_q[1]_i_6/O
INFO: [Physopt 32-662] Processed net hash/samp3_q[2]_i_7_0[0].  Did not re-place instance hash/samp3_q[0]_i_1/O
INFO: [Physopt 32-662] Processed net hash/samp2_q[2]_i_4_0.  Did not re-place instance hash/samp2_q[11]_i_1/O
INFO: [Physopt 32-662] Processed net hash/samp3_q[2]_i_7_1.  Did not re-place instance hash/samp3_q[8]_i_1/O
INFO: [Physopt 32-662] Processed net hash/samp3_q[2]_i_7_0[2].  Did not re-place instance hash/samp3_q[2]_i_1/O
INFO: [Physopt 32-662] Processed net hash/samp3_q[2]_i_7_2.  Did not re-place instance hash/samp3_q[7]_i_1/O
INFO: [Physopt 32-662] Processed net hash/samp1_q[2]_i_7_0[2].  Did not re-place instance hash/samp1_q[2]_i_1/O
INFO: [Physopt 32-662] Processed net hash/samp1_q[2]_i_2_n_0.  Did not re-place instance hash/samp1_q[2]_i_2/O
INFO: [Physopt 32-662] Processed net hash/samp1_q[2]_i_7_n_0.  Did not re-place instance hash/samp1_q[2]_i_7/O
INFO: [Physopt 32-662] Processed net hash/samp3_q[2]_i_2_n_0.  Did not re-place instance hash/samp3_q[2]_i_2/O
INFO: [Physopt 32-662] Processed net hash/samp3_q[1]_i_2_n_0.  Did not re-place instance hash/samp3_q[1]_i_2/O
INFO: [Physopt 32-662] Processed net hash/samp1_q[2]_i_7_2.  Did not re-place instance hash/samp1_q[7]_i_1/O
INFO: [Physopt 32-662] Processed net hash/ofifo0_req_r1_reg_6.  Did not re-place instance hash/in1_butt[12]_i_2/O
INFO: [Physopt 32-662] Processed net hash/samp3_q[1]_i_3_n_0.  Did not re-place instance hash/samp3_q[1]_i_3/O
INFO: [Physopt 32-662] Processed net hash/samp3_q[2]_i_6_0.  Did not re-place instance hash/samp3_q[11]_i_1/O
INFO: [Physopt 32-662] Processed net hash/samp1_q[2]_i_6_n_0.  Did not re-place instance hash/samp1_q[2]_i_6/O
INFO: [Physopt 32-662] Processed net hash/samp3_q[2]_i_3_n_0.  Did not re-place instance hash/samp3_q[2]_i_3/O
INFO: [Physopt 32-662] Processed net hash/ofifo0_req_r1_reg_2.  Did not re-place instance hash/in1_butt[1]_i_2/O
INFO: [Physopt 32-662] Processed net hash/ofifo0_req_r1_reg_10.  Did not re-place instance hash/in1_butt[15]_i_2/O
INFO: [Physopt 32-662] Processed net hash/samp0_q[2]_i_7_n_0.  Did not re-place instance hash/samp0_q[2]_i_7/O
INFO: [Physopt 32-662] Processed net hash/samp0_q[1]_i_6_n_0.  Did not re-place instance hash/samp0_q[1]_i_6/O
INFO: [Physopt 32-662] Processed net hash/samp2_q[2]_i_6_0[2].  Did not re-place instance hash/samp2_q[2]_i_1/O
INFO: [Physopt 32-662] Processed net hash/samp3_q[2]_i_7_n_0.  Did not re-place instance hash/samp3_q[2]_i_7/O
INFO: [Physopt 32-663] Processed net hash/ofifo0_req_r1_reg_0.  Re-placed instance hash/in1_butt[5]_i_2/O
INFO: [Physopt 32-662] Processed net hash/ofifo0_req_r1_reg_11.  Did not re-place instance hash/in1_butt[22]_i_2/O
INFO: [Physopt 32-662] Processed net hash/ofifo0_req_r1_reg_3.  Did not re-place instance hash/in1_butt[3]_i_2/O
INFO: [Physopt 32-662] Processed net hash/samp0_q[1]_i_5_n_0.  Did not re-place instance hash/samp0_q[1]_i_5/O
INFO: [Physopt 32-662] Processed net hash/ofifo0_req_r1_reg_14.  Did not re-place instance hash/in1_butt[10]_i_2/O
INFO: [Physopt 32-662] Processed net hash/samp3_q[2]_i_5_n_0.  Did not re-place instance hash/samp3_q[2]_i_5/O
INFO: [Physopt 32-662] Processed net hash/ofifo0_req_r1_reg_12.  Did not re-place instance hash/in1_butt[23]_i_2/O
INFO: [Physopt 32-662] Processed net hash/samp3_q[1]_i_5_n_0.  Did not re-place instance hash/samp3_q[1]_i_5/O
INFO: [Physopt 32-662] Processed net hash/ofifo0_req_r1_reg_16.  Did not re-place instance hash/in1_butt[11]_i_2/O
INFO: [Physopt 32-662] Processed net hash/samp1_q[2]_i_5_n_0.  Did not re-place instance hash/samp1_q[2]_i_5/O
INFO: [Physopt 32-662] Processed net hash/samp1_q[1]_i_5_n_0.  Did not re-place instance hash/samp1_q[1]_i_5/O
INFO: [Physopt 32-662] Processed net hash/ofifo0_req_r1_reg_21.  Did not re-place instance hash/in1_butt[6]_i_2/O
INFO: [Physopt 32-662] Processed net hash/ofifo0_req_r1_reg_8.  Did not re-place instance hash/in1_butt[19]_i_2/O
INFO: [Physopt 32-662] Processed net hash/samp0_q[2]_i_5_n_0.  Did not re-place instance hash/samp0_q[2]_i_5/O
INFO: [Physopt 32-663] Processed net hash/samp1_q[2]_i_7_0[1].  Re-placed instance hash/samp1_q[1]_i_1/O
INFO: [Physopt 32-662] Processed net hash/samp2_q[2]_i_3_n_0.  Did not re-place instance hash/samp2_q[2]_i_3/O
INFO: [Physopt 32-662] Processed net hash/ofifo0_req_r1_reg_7.  Did not re-place instance hash/in1_butt[18]_i_2/O
INFO: [Physopt 32-662] Processed net hash/samp1_q[1]_i_3_n_0.  Did not re-place instance hash/samp1_q[1]_i_3/O
INFO: [Physopt 32-662] Processed net hash/samp2_q[2]_i_2_n_0.  Did not re-place instance hash/samp2_q[2]_i_2/O
INFO: [Physopt 32-663] Processed net hash/ofifo0_req_r1_reg_4.  Re-placed instance hash/in1_butt[14]_i_2/O
INFO: [Physopt 32-662] Processed net hash/samp0_q[2]_i_3_n_0.  Did not re-place instance hash/samp0_q[2]_i_3/O
INFO: [Physopt 32-661] Optimized 3 nets.  Re-placed 6 instances.
INFO: [Physopt 32-775] End 1 Pass. Optimized 3 nets or cells. Created 0 new cell, deleted 0 existing cell and moved 6 existing cells
INFO: [Physopt 32-619] Estimated Timing Summary | WNS=-0.447 | TNS=-6.166 |
Netlist sorting complete. Time (s): cpu = 00:00:00 ; elapsed = 00:00:00.004 . Memory (MB): peak = 2239.238 ; gain = 0.000
Phase 5 Multi Cell Placement Optimization | Checksum: 162330227

Time (s): cpu = 00:01:07 ; elapsed = 00:00:47 . Memory (MB): peak = 2239.238 ; gain = 0.000

Phase 6 Rewire
INFO: [Physopt 32-246] Starting Signal Push optimization...
INFO: [Physopt 32-241] No nets found for rewiring () optimization.
INFO: [Physopt 32-232] Optimized 0 net. Created 0 new instance.
INFO: [Physopt 32-775] End 1 Pass. Optimized 0 net or cell. Created 0 new cell, deleted 0 existing cell and moved 0 existing cell
Netlist sorting complete. Time (s): cpu = 00:00:00 ; elapsed = 00:00:00.002 . Memory (MB): peak = 2239.238 ; gain = 0.000
Phase 6 Rewire | Checksum: 162330227

Time (s): cpu = 00:01:07 ; elapsed = 00:00:47 . Memory (MB): peak = 2239.238 ; gain = 0.000

Phase 7 Critical Cell Optimization
INFO: [Physopt 32-46] Identified 30 candidate nets for critical-cell optimization.
INFO: [Physopt 32-81] Processed net hash/ofifo0_req_r1_reg_1. Replicated 1 times.
INFO: [Physopt 32-572] Net hash/samp0_q[2]_i_6_n_0 was not replicated.
Resolution: phys_opt_design can be forced to replicate a net driver using the option -force_replication_on_nets <list of net objects>.
INFO: [Physopt 32-572] Net hash/samp0_q[1]_i_4_n_0 was not replicated.
Resolution: phys_opt_design can be forced to replicate a net driver using the option -force_replication_on_nets <list of net objects>.
INFO: [Physopt 32-572] Net hash/samp0_q[2]_i_2_n_0 was not replicated.
Resolution: phys_opt_design can be forced to replicate a net driver using the option -force_replication_on_nets <list of net objects>.
INFO: [Physopt 32-572] Net hash/samp1_q[2]_i_3_n_0 was not replicated.
Resolution: phys_opt_design can be forced to replicate a net driver using the option -force_replication_on_nets <list of net objects>.
INFO: [Physopt 32-572] Net hash/samp1_q[1]_i_4_n_0 was not replicated.
Resolution: phys_opt_design can be forced to replicate a net driver using the option -force_replication_on_nets <list of net objects>.
INFO: [Physopt 32-571] Net hash/ofifo0_req_r1_reg_20 was not replicated.
INFO: [Physopt 32-572] Net hash/samp2_q[2]_i_4_n_0 was not replicated.
Resolution: phys_opt_design can be forced to replicate a net driver using the option -force_replication_on_nets <list of net objects>.
INFO: [Physopt 32-572] Net hash/ofifo0_req_r1_reg_18 was not replicated.
Resolution: phys_opt_design can be forced to replicate a net driver using the option -force_replication_on_nets <list of net objects>.
INFO: [Physopt 32-572] Net hash/samp2_q[1]_i_4_n_0 was not replicated.
Resolution: phys_opt_design can be forced to replicate a net driver using the option -force_replication_on_nets <list of net objects>.
INFO: [Physopt 32-81] Processed net hash/ofifo0_req_r1_reg_9. Replicated 2 times.
INFO: [Physopt 32-572] Net hash/samp2_q[2]_i_5_n_0 was not replicated.
Resolution: phys_opt_design can be forced to replicate a net driver using the option -force_replication_on_nets <list of net objects>.
INFO: [Physopt 32-572] Net hash/samp3_q[2]_i_6_n_0 was not replicated.
Resolution: phys_opt_design can be forced to replicate a net driver using the option -force_replication_on_nets <list of net objects>.
INFO: [Physopt 32-572] Net hash/samp3_q[1]_i_6_n_0 was not replicated.
Resolution: phys_opt_design can be forced to replicate a net driver using the option -force_replication_on_nets <list of net objects>.
INFO: [Physopt 32-572] Net hash/samp1_q[2]_i_2_n_0 was not replicated.
Resolution: phys_opt_design can be forced to replicate a net driver using the option -force_replication_on_nets <list of net objects>.
INFO: [Physopt 32-572] Net hash/samp1_q[2]_i_7_n_0 was not replicated.
Resolution: phys_opt_design can be forced to replicate a net driver using the option -force_replication_on_nets <list of net objects>.
INFO: [Physopt 32-572] Net hash/samp3_q[2]_i_2_n_0 was not replicated.
Resolution: phys_opt_design can be forced to replicate a net driver using the option -force_replication_on_nets <list of net objects>.
INFO: [Physopt 32-81] Processed net hash/samp3_q[1]_i_2_n_0. Replicated 1 times.
INFO: [Physopt 32-572] Net hash/ofifo0_req_r1_reg_6 was not replicated.
Resolution: phys_opt_design can be forced to replicate a net driver using the option -force_replication_on_nets <list of net objects>.
INFO: [Physopt 32-572] Net hash/samp3_q[1]_i_3_n_0 was not replicated.
Resolution: phys_opt_design can be forced to replicate a net driver using the option -force_replication_on_nets <list of net objects>.
INFO: [Physopt 32-572] Net hash/samp1_q[2]_i_6_n_0 was not replicated.
Resolution: phys_opt_design can be forced to replicate a net driver using the option -force_replication_on_nets <list of net objects>.
INFO: [Physopt 32-572] Net hash/samp3_q[2]_i_3_n_0 was not replicated.
Resolution: phys_opt_design can be forced to replicate a net driver using the option -force_replication_on_nets <list of net objects>.
INFO: [Physopt 32-572] Net hash/ofifo0_req_r1_reg_2 was not replicated.
Resolution: phys_opt_design can be forced to replicate a net driver using the option -force_replication_on_nets <list of net objects>.
INFO: [Physopt 32-572] Net hash/ofifo0_req_r1_reg_10 was not replicated.
Resolution: phys_opt_design can be forced to replicate a net driver using the option -force_replication_on_nets <list of net objects>.
INFO: [Physopt 32-572] Net hash/samp0_q[2]_i_7_n_0 was not replicated.
Resolution: phys_opt_design can be forced to replicate a net driver using the option -force_replication_on_nets <list of net objects>.
INFO: [Physopt 32-571] Net hash/samp0_q[1]_i_6_n_0 was not replicated.
INFO: [Physopt 32-572] Net hash/samp3_q[2]_i_7_n_0 was not replicated.
Resolution: phys_opt_design can be forced to replicate a net driver using the option -force_replication_on_nets <list of net objects>.
INFO: [Physopt 32-572] Net hash/ofifo0_req_r1_reg_11 was not replicated.
Resolution: phys_opt_design can be forced to replicate a net driver using the option -force_replication_on_nets <list of net objects>.
INFO: [Physopt 32-572] Net hash/ofifo0_req_r1_reg_0 was not replicated.
Resolution: phys_opt_design can be forced to replicate a net driver using the option -force_replication_on_nets <list of net objects>.
INFO: [Physopt 32-572] Net hash/ofifo0_req_r1_reg_3 was not replicated.
Resolution: phys_opt_design can be forced to replicate a net driver using the option -force_replication_on_nets <list of net objects>.
INFO: [Physopt 32-232] Optimized 3 nets. Created 4 new instances.
INFO: [Physopt 32-775] End 1 Pass. Optimized 3 nets or cells. Created 4 new cells, deleted 0 existing cell and moved 0 existing cell
INFO: [Physopt 32-619] Estimated Timing Summary | WNS=-0.445 | TNS=-6.009 |
Netlist sorting complete. Time (s): cpu = 00:00:00 ; elapsed = 00:00:00.008 . Memory (MB): peak = 2239.238 ; gain = 0.000
Phase 7 Critical Cell Optimization | Checksum: 202752167

Time (s): cpu = 00:01:13 ; elapsed = 00:00:51 . Memory (MB): peak = 2239.238 ; gain = 0.000

Phase 8 Fanout Optimization
INFO: [Physopt 32-76] Pass 1. Identified 2 candidate nets for fanout optimization.
INFO: [Physopt 32-81] Processed net ntt/ctrl_butt[1]. Replicated 1 times.
INFO: [Physopt 32-572] Net hash/hash/FSM/FSM_sequential_STATE_reg[0]_2[0] was not replicated.
Resolution: phys_opt_design can be forced to replicate a net driver using the option -force_replication_on_nets <list of net objects>.
INFO: [Physopt 32-232] Optimized 1 net. Created 1 new instance.
INFO: [Physopt 32-775] End 1 Pass. Optimized 1 net or cell. Created 1 new cell, deleted 0 existing cell and moved 0 existing cell
INFO: [Physopt 32-619] Estimated Timing Summary | WNS=-0.445 | TNS=-6.009 |
Netlist sorting complete. Time (s): cpu = 00:00:00 ; elapsed = 00:00:00.054 . Memory (MB): peak = 2239.238 ; gain = 0.000
Phase 8 Fanout Optimization | Checksum: 217a9b3eb

Time (s): cpu = 00:01:18 ; elapsed = 00:00:54 . Memory (MB): peak = 2239.238 ; gain = 0.000

Phase 9 Single Cell Placement Optimization
INFO: [Physopt 32-660] Identified 102 candidate nets for placement-based optimization.
INFO: [Physopt 32-662] Processed net hash/samp0_q[2]_i_6_n_0.  Did not re-place instance hash/samp0_q[2]_i_6
INFO: [Physopt 32-662] Processed net hash/samp0_q[1]_i_4_n_0.  Did not re-place instance hash/samp0_q[1]_i_4
INFO: [Physopt 32-662] Processed net hash/ofifo0_req_r1_reg_1_repN.  Did not re-place instance hash/in1_butt[4]_i_2_replica
INFO: [Physopt 32-662] Processed net hash/D[2].  Did not re-place instance hash/samp0_q[2]_i_1
INFO: [Physopt 32-662] Processed net ntt/samp0_q[2].  Did not re-place instance ntt/samp0_q_reg[2]
INFO: [Physopt 32-662] Processed net hash/samp0_q[2]_i_2_n_0.  Did not re-place instance hash/samp0_q[2]_i_2
INFO: [Physopt 32-662] Processed net hash/D[0].  Did not re-place instance hash/samp0_q[0]_i_1
INFO: [Physopt 32-662] Processed net ntt/samp0_q[0].  Did not re-place instance ntt/samp0_q_reg[0]
INFO: [Physopt 32-662] Processed net hash/samp0_q[2]_i_7_1.  Did not re-place instance hash/samp0_q[7]_i_1
INFO: [Physopt 32-662] Processed net ntt/samp0_q[7].  Did not re-place instance ntt/samp0_q_reg[7]
INFO: [Physopt 32-662] Processed net hash/p_1_in0.  Did not re-place instance hash/samp0_q[11]_i_1
INFO: [Physopt 32-662] Processed net ntt/samp0_q[11].  Did not re-place instance ntt/samp0_q_reg[11]
INFO: [Physopt 32-662] Processed net hash/samp0_q[2]_i_7_0.  Did not re-place instance hash/samp0_q[8]_i_1
INFO: [Physopt 32-662] Processed net ntt/samp0_q[8].  Did not re-place instance ntt/samp0_q_reg[8]
INFO: [Physopt 32-662] Processed net hash/samp1_q[2]_i_3_n_0.  Did not re-place instance hash/samp1_q[2]_i_3
INFO: [Physopt 32-662] Processed net hash/samp1_q[1]_i_4_n_0.  Did not re-place instance hash/samp1_q[1]_i_4
INFO: [Physopt 32-662] Processed net hash/ofifo0_req_r1_reg_20.  Did not re-place instance hash/in1_butt[7]_i_2
INFO: [Physopt 32-662] Processed net hash/samp1_q[2]_i_7_0[0].  Did not re-place instance hash/samp1_q[0]_i_1
INFO: [Physopt 32-662] Processed net ntt/samp1_q[0].  Did not re-place instance ntt/samp1_q_reg[0]
INFO: [Physopt 32-662] Processed net hash/samp1_q[2]_i_7_1.  Did not re-place instance hash/samp1_q[8]_i_1
INFO: [Physopt 32-662] Processed net ntt/samp1_q[8].  Did not re-place instance ntt/samp1_q_reg[8]
INFO: [Physopt 32-662] Processed net hash/samp1_q[2]_i_6_0.  Did not re-place instance hash/samp1_q[11]_i_1
INFO: [Physopt 32-662] Processed net ntt/samp1_q[11].  Did not re-place instance ntt/samp1_q_reg[11]
INFO: [Physopt 32-662] Processed net hash/samp2_q[2]_i_4_n_0.  Did not re-place instance hash/samp2_q[2]_i_4
INFO: [Physopt 32-662] Processed net hash/ofifo0_req_r1_reg_18.  Did not re-place instance hash/in1_butt[9]_i_2
INFO: [Physopt 32-662] Processed net hash/samp2_q[1]_i_4_n_0.  Did not re-place instance hash/samp2_q[1]_i_4
INFO: [Physopt 32-662] Processed net hash/samp2_q[2]_i_6_2.  Did not re-place instance hash/samp2_q[7]_i_1
INFO: [Physopt 32-662] Processed net ntt/samp2_q[7].  Did not re-place instance ntt/samp2_q_reg[7]
INFO: [Physopt 32-662] Processed net hash/samp2_q[2]_i_6_1.  Did not re-place instance hash/samp2_q[8]_i_1
INFO: [Physopt 32-662] Processed net ntt/samp2_q[8].  Did not re-place instance ntt/samp2_q_reg[8]
INFO: [Physopt 32-662] Processed net hash/samp2_q[2]_i_5_n_0.  Did not re-place instance hash/samp2_q[2]_i_5
INFO: [Physopt 32-662] Processed net hash/samp2_q[2]_i_6_0[0].  Did not re-place instance hash/samp2_q[0]_i_1
INFO: [Physopt 32-662] Processed net ntt/samp2_q[0].  Did not re-place instance ntt/samp2_q_reg[0]
INFO: [Physopt 32-662] Processed net hash/samp2_q[2]_i_4_0.  Did not re-place instance hash/samp2_q[11]_i_1
INFO: [Physopt 32-662] Processed net ntt/samp2_q[11].  Did not re-place instance ntt/samp2_q_reg[11]
INFO: [Physopt 32-662] Processed net hash/samp1_q[2]_i_7_0[2].  Did not re-place instance hash/samp1_q[2]_i_1
INFO: [Physopt 32-662] Processed net ntt/samp1_q[2].  Did not re-place instance ntt/samp1_q_reg[2]
INFO: [Physopt 32-662] Processed net hash/samp1_q[2]_i_2_n_0.  Did not re-place instance hash/samp1_q[2]_i_2
INFO: [Physopt 32-662] Processed net hash/samp1_q[2]_i_7_n_0.  Did not re-place instance hash/samp1_q[2]_i_7
INFO: [Physopt 32-662] Processed net hash/samp3_q[2]_i_2_n_0.  Did not re-place instance hash/samp3_q[2]_i_2
INFO: [Physopt 32-662] Processed net hash/ofifo0_req_r1_reg_9_repN_1.  Did not re-place instance hash/in1_butt[13]_i_2_replica_1
INFO: [Physopt 32-662] Processed net hash/samp3_q[1]_i_2_n_0_repN.  Did not re-place instance hash/samp3_q[1]_i_2_replica
INFO: [Physopt 32-662] Processed net hash/samp3_q[2]_i_7_1.  Did not re-place instance hash/samp3_q[8]_i_1
INFO: [Physopt 32-662] Processed net ntt/samp3_q[8].  Did not re-place instance ntt/samp3_q_reg[8]
INFO: [Physopt 32-662] Processed net hash/samp3_q[2]_i_7_0[0].  Did not re-place instance hash/samp3_q[0]_i_1
INFO: [Physopt 32-662] Processed net ntt/samp3_q[0].  Did not re-place instance ntt/samp3_q_reg[0]
INFO: [Physopt 32-662] Processed net hash/samp3_q[2]_i_7_2.  Did not re-place instance hash/samp3_q[7]_i_1
INFO: [Physopt 32-662] Processed net ntt/samp3_q[7].  Did not re-place instance ntt/samp3_q_reg[7]
INFO: [Physopt 32-662] Processed net hash/ofifo0_req_r1_reg_8.  Did not re-place instance hash/in1_butt[19]_i_2
INFO: [Physopt 32-662] Processed net hash/samp1_q[2]_i_7_2.  Did not re-place instance hash/samp1_q[7]_i_1
INFO: [Physopt 32-662] Processed net ntt/samp1_q[7].  Did not re-place instance ntt/samp1_q_reg[7]
INFO: [Physopt 32-662] Processed net hash/samp3_q[2]_i_7_0[2].  Did not re-place instance hash/samp3_q[2]_i_1
INFO: [Physopt 32-662] Processed net ntt/samp3_q[2].  Did not re-place instance ntt/samp3_q_reg[2]
INFO: [Physopt 32-662] Processed net hash/ofifo0_req_r1_reg_6.  Did not re-place instance hash/in1_butt[12]_i_2
INFO: [Physopt 32-662] Processed net hash/samp3_q[1]_i_3_n_0.  Did not re-place instance hash/samp3_q[1]_i_3
INFO: [Physopt 32-662] Processed net hash/samp1_q[2]_i_6_n_0.  Did not re-place instance hash/samp1_q[2]_i_6
INFO: [Physopt 32-662] Processed net hash/samp3_q[2]_i_6_0.  Did not re-place instance hash/samp3_q[11]_i_1
INFO: [Physopt 32-662] Processed net ntt/samp3_q[11].  Did not re-place instance ntt/samp3_q_reg[11]
INFO: [Physopt 32-662] Processed net hash/ofifo0_req_r1_reg_2.  Did not re-place instance hash/in1_butt[1]_i_2
INFO: [Physopt 32-662] Processed net hash/ofifo0_req_r1_reg_10.  Did not re-place instance hash/in1_butt[15]_i_2
INFO: [Physopt 32-662] Processed net hash/samp3_q[2]_i_6_n_0.  Did not re-place instance hash/samp3_q[2]_i_6
INFO: [Physopt 32-662] Processed net hash/samp3_q[1]_i_6_n_0.  Did not re-place instance hash/samp3_q[1]_i_6
INFO: [Physopt 32-662] Processed net hash/samp0_q[2]_i_7_n_0.  Did not re-place instance hash/samp0_q[2]_i_7
INFO: [Physopt 32-662] Processed net hash/samp0_q[1]_i_6_n_0.  Did not re-place instance hash/samp0_q[1]_i_6
INFO: [Physopt 32-662] Processed net hash/samp2_q[2]_i_6_0[2].  Did not re-place instance hash/samp2_q[2]_i_1
INFO: [Physopt 32-662] Processed net ntt/samp2_q[2].  Did not re-place instance ntt/samp2_q_reg[2]
INFO: [Physopt 32-662] Processed net hash/ofifo0_req_r1_reg_9_repN.  Did not re-place instance hash/in1_butt[13]_i_2_replica
INFO: [Physopt 32-662] Processed net hash/samp3_q[2]_i_3_n_0.  Did not re-place instance hash/samp3_q[2]_i_3
INFO: [Physopt 32-662] Processed net hash/ofifo0_req_r1_reg_11.  Did not re-place instance hash/in1_butt[22]_i_2
INFO: [Physopt 32-662] Processed net hash/ofifo0_req_r1_reg_0.  Did not re-place instance hash/in1_butt[5]_i_2
INFO: [Physopt 32-662] Processed net hash/ofifo0_req_r1_reg_3.  Did not re-place instance hash/in1_butt[3]_i_2
INFO: [Physopt 32-662] Processed net hash/samp0_q[1]_i_5_n_0.  Did not re-place instance hash/samp0_q[1]_i_5
INFO: [Physopt 32-662] Processed net hash/samp3_q[2]_i_5_n_0.  Did not re-place instance hash/samp3_q[2]_i_5
INFO: [Physopt 32-662] Processed net hash/ofifo0_req_r1_reg_14.  Did not re-place instance hash/in1_butt[10]_i_2
INFO: [Physopt 32-662] Processed net hash/ofifo0_req_r1_reg_12.  Did not re-place instance hash/in1_butt[23]_i_2
INFO: [Physopt 32-662] Processed net hash/samp3_q[2]_i_7_n_0.  Did not re-place instance hash/samp3_q[2]_i_7
INFO: [Physopt 32-662] Processed net hash/samp3_q[1]_i_5_n_0.  Did not re-place instance hash/samp3_q[1]_i_5
INFO: [Physopt 32-662] Processed net hash/ofifo0_req_r1_reg_16.  Did not re-place instance hash/in1_butt[11]_i_2
INFO: [Physopt 32-662] Processed net hash/samp1_q[2]_i_5_n_0.  Did not re-place instance hash/samp1_q[2]_i_5
INFO: [Physopt 32-662] Processed net hash/samp1_q[1]_i_5_n_0.  Did not re-place instance hash/samp1_q[1]_i_5
INFO: [Physopt 32-663] Processed net hash/ofifo0_req_r1_reg_21.  Re-placed instance hash/in1_butt[6]_i_2
INFO: [Physopt 32-662] Processed net hash/samp0_q[2]_i_5_n_0.  Did not re-place instance hash/samp0_q[2]_i_5
INFO: [Physopt 32-662] Processed net hash/samp2_q[2]_i_3_n_0.  Did not re-place instance hash/samp2_q[2]_i_3
INFO: [Physopt 32-662] Processed net hash/ofifo0_req_r1_reg_7.  Did not re-place instance hash/in1_butt[18]_i_2
INFO: [Physopt 32-663] Processed net hash/samp1_q[1]_i_3_n_0.  Re-placed instance hash/samp1_q[1]_i_3
INFO: [Physopt 32-662] Processed net hash/samp2_q[2]_i_2_n_0.  Did not re-place instance hash/samp2_q[2]_i_2
INFO: [Physopt 32-662] Processed net hash/samp0_q[2]_i_3_n_0.  Did not re-place instance hash/samp0_q[2]_i_3
INFO: [Physopt 32-662] Processed net hash/ofifo0_req_r1_reg_4.  Did not re-place instance hash/in1_butt[14]_i_2
INFO: [Physopt 32-662] Processed net hash/samp1_q[2]_i_4_n_0.  Did not re-place instance hash/samp1_q[2]_i_4
INFO: [Physopt 32-662] Processed net hash/samp1_q[1]_i_6_n_0.  Did not re-place instance hash/samp1_q[1]_i_6
INFO: [Physopt 32-662] Processed net hash/samp0_q[2]_i_8_n_0_repN.  Did not re-place instance hash/samp0_q[2]_i_8_replica
INFO: [Physopt 32-662] Processed net hash/samp3_q[1]_i_2_n_0.  Did not re-place instance hash/samp3_q[1]_i_2
INFO: [Physopt 32-662] Processed net hash/samp0_q[2]_i_8_n_0_repN_1.  Did not re-place instance hash/samp0_q[2]_i_8_replica_1
INFO: [Physopt 32-662] Processed net ntt/in1_butt_reg_n_0_[9].  Did not re-place instance ntt/in1_butt_reg[9]
INFO: [Physopt 32-662] Processed net ntt/BU/sum_in1__0_carry__1_i_3_n_0.  Did not re-place instance ntt/BU/sum_in1__0_carry__1_i_3
INFO: [Physopt 32-662] Processed net ntt/BU/sum_in1_q_carry_i_1_n_0.  Did not re-place instance ntt/BU/sum_in1_q_carry_i_1
INFO: [Physopt 32-662] Processed net ntt/BU/sum_in1_reg[11]_i_1_n_0.  Did not re-place instance ntt/BU/sum_in1_reg[11]_i_1
INFO: [Physopt 32-662] Processed net ntt/BU/sum_in1_reg[11].  Did not re-place instance ntt/BU/sum_in1_reg_reg[11]
INFO: [Physopt 32-662] Processed net hash/samp1_q[2]_i_7_0[1].  Did not re-place instance hash/samp1_q[1]_i_1
INFO: [Physopt 32-662] Processed net ntt/samp1_q[1].  Did not re-place instance ntt/samp1_q_reg[1]
INFO: [Physopt 32-662] Processed net ntt/ctrl_butt[2]_repN.  Did not re-place instance ntt/ctrl_butt_reg[2]_replica
INFO: [Physopt 32-662] Processed net ntt/BU/sum_in1__0_carry_i_3_n_0.  Did not re-place instance ntt/BU/sum_in1__0_carry_i_3
INFO: [Physopt 32-661] Optimized 2 nets.  Re-placed 2 instances.
INFO: [Physopt 32-775] End 1 Pass. Optimized 2 nets or cells. Created 0 new cell, deleted 0 existing cell and moved 2 existing cells
INFO: [Physopt 32-619] Estimated Timing Summary | WNS=-0.445 | TNS=-6.009 |
Netlist sorting complete. Time (s): cpu = 00:00:00 ; elapsed = 00:00:00.004 . Memory (MB): peak = 2239.238 ; gain = 0.000
Phase 9 Single Cell Placement Optimization | Checksum: 21ade9f92

Time (s): cpu = 00:01:35 ; elapsed = 00:01:22 . Memory (MB): peak = 2239.238 ; gain = 0.000

Phase 10 Multi Cell Placement Optimization
INFO: [Physopt 32-660] Identified 100 candidate nets for placement-based optimization.
INFO: [Physopt 32-662] Processed net hash/samp0_q[2]_i_6_n_0.  Did not re-place instance hash/samp0_q[2]_i_6/O
INFO: [Physopt 32-662] Processed net hash/samp0_q[1]_i_4_n_0.  Did not re-place instance hash/samp0_q[1]_i_4/O
INFO: [Physopt 32-662] Processed net hash/ofifo0_req_r1_reg_1_repN.  Did not re-place instance hash/in1_butt[4]_i_2_replica/O
INFO: [Physopt 32-662] Processed net hash/D[2].  Did not re-place instance hash/samp0_q[2]_i_1/O
INFO: [Physopt 32-662] Processed net hash/samp0_q[2]_i_2_n_0.  Did not re-place instance hash/samp0_q[2]_i_2/O
INFO: [Physopt 32-662] Processed net hash/D[0].  Did not re-place instance hash/samp0_q[0]_i_1/O
INFO: [Physopt 32-662] Processed net hash/samp0_q[2]_i_7_1.  Did not re-place instance hash/samp0_q[7]_i_1/O
INFO: [Physopt 32-662] Processed net hash/p_1_in0.  Did not re-place instance hash/samp0_q[11]_i_1/O
INFO: [Physopt 32-662] Processed net hash/samp0_q[2]_i_7_0.  Did not re-place instance hash/samp0_q[8]_i_1/O
INFO: [Physopt 32-662] Processed net hash/samp1_q[2]_i_3_n_0.  Did not re-place instance hash/samp1_q[2]_i_3/O
INFO: [Physopt 32-662] Processed net hash/samp1_q[1]_i_4_n_0.  Did not re-place instance hash/samp1_q[1]_i_4/O
INFO: [Physopt 32-662] Processed net hash/ofifo0_req_r1_reg_20.  Did not re-place instance hash/in1_butt[7]_i_2/O
INFO: [Physopt 32-662] Processed net hash/samp1_q[2]_i_7_0[0].  Did not re-place instance hash/samp1_q[0]_i_1/O
INFO: [Physopt 32-662] Processed net hash/samp1_q[2]_i_7_1.  Did not re-place instance hash/samp1_q[8]_i_1/O
INFO: [Physopt 32-662] Processed net hash/samp1_q[2]_i_6_0.  Did not re-place instance hash/samp1_q[11]_i_1/O
INFO: [Physopt 32-662] Processed net hash/samp2_q[2]_i_4_n_0.  Did not re-place instance hash/samp2_q[2]_i_4/O
INFO: [Physopt 32-662] Processed net hash/ofifo0_req_r1_reg_18.  Did not re-place instance hash/in1_butt[9]_i_2/O
INFO: [Physopt 32-662] Processed net hash/samp2_q[1]_i_4_n_0.  Did not re-place instance hash/samp2_q[1]_i_4/O
INFO: [Physopt 32-662] Processed net hash/samp2_q[2]_i_6_2.  Did not re-place instance hash/samp2_q[7]_i_1/O
INFO: [Physopt 32-662] Processed net hash/samp2_q[2]_i_6_1.  Did not re-place instance hash/samp2_q[8]_i_1/O
INFO: [Physopt 32-662] Processed net hash/samp2_q[2]_i_5_n_0.  Did not re-place instance hash/samp2_q[2]_i_5/O
INFO: [Physopt 32-662] Processed net hash/samp2_q[2]_i_6_0[0].  Did not re-place instance hash/samp2_q[0]_i_1/O
INFO: [Physopt 32-662] Processed net hash/samp2_q[2]_i_4_0.  Did not re-place instance hash/samp2_q[11]_i_1/O
INFO: [Physopt 32-662] Processed net hash/samp1_q[2]_i_7_0[2].  Did not re-place instance hash/samp1_q[2]_i_1/O
INFO: [Physopt 32-662] Processed net hash/samp1_q[2]_i_2_n_0.  Did not re-place instance hash/samp1_q[2]_i_2/O
INFO: [Physopt 32-662] Processed net hash/samp1_q[2]_i_7_n_0.  Did not re-place instance hash/samp1_q[2]_i_7/O
INFO: [Physopt 32-662] Processed net hash/samp3_q[2]_i_2_n_0.  Did not re-place instance hash/samp3_q[2]_i_2/O
INFO: [Physopt 32-663] Processed net hash/ofifo0_req_r1_reg_9_repN_1.  Re-placed instance hash/in1_butt[13]_i_2_replica_1/O
INFO: [Physopt 32-663] Processed net hash/samp3_q[1]_i_2_n_0_repN.  Re-placed instance hash/samp3_q[1]_i_2_replica/O
INFO: [Physopt 32-662] Processed net hash/samp3_q[2]_i_7_1.  Did not re-place instance hash/samp3_q[8]_i_1/O
INFO: [Physopt 32-662] Processed net hash/samp3_q[2]_i_7_0[0].  Did not re-place instance hash/samp3_q[0]_i_1/O
INFO: [Physopt 32-662] Processed net hash/samp3_q[2]_i_7_2.  Did not re-place instance hash/samp3_q[7]_i_1/O
INFO: [Physopt 32-662] Processed net hash/ofifo0_req_r1_reg_8.  Did not re-place instance hash/in1_butt[19]_i_2/O
INFO: [Physopt 32-662] Processed net hash/samp1_q[2]_i_7_2.  Did not re-place instance hash/samp1_q[7]_i_1/O
INFO: [Physopt 32-662] Processed net hash/samp3_q[2]_i_7_0[2].  Did not re-place instance hash/samp3_q[2]_i_1/O
INFO: [Physopt 32-663] Processed net hash/ofifo0_req_r1_reg_6.  Re-placed instance hash/in1_butt[12]_i_2/O
INFO: [Physopt 32-663] Processed net hash/samp3_q[1]_i_3_n_0.  Re-placed instance hash/samp3_q[1]_i_3/O
INFO: [Physopt 32-662] Processed net hash/samp1_q[2]_i_6_n_0.  Did not re-place instance hash/samp1_q[2]_i_6/O
INFO: [Physopt 32-662] Processed net hash/samp3_q[2]_i_6_0.  Did not re-place instance hash/samp3_q[11]_i_1/O
INFO: [Physopt 32-662] Processed net hash/ofifo0_req_r1_reg_2.  Did not re-place instance hash/in1_butt[1]_i_2/O
INFO: [Physopt 32-662] Processed net hash/ofifo0_req_r1_reg_10.  Did not re-place instance hash/in1_butt[15]_i_2/O
INFO: [Physopt 32-662] Processed net hash/samp3_q[2]_i_6_n_0.  Did not re-place instance hash/samp3_q[2]_i_6/O
INFO: [Physopt 32-662] Processed net hash/samp3_q[1]_i_6_n_0.  Did not re-place instance hash/samp3_q[1]_i_6/O
INFO: [Physopt 32-662] Processed net hash/samp0_q[2]_i_7_n_0.  Did not re-place instance hash/samp0_q[2]_i_7/O
INFO: [Physopt 32-662] Processed net hash/samp0_q[1]_i_6_n_0.  Did not re-place instance hash/samp0_q[1]_i_6/O
INFO: [Physopt 32-662] Processed net hash/samp2_q[2]_i_6_0[2].  Did not re-place instance hash/samp2_q[2]_i_1/O
INFO: [Physopt 32-662] Processed net hash/ofifo0_req_r1_reg_9_repN.  Did not re-place instance hash/in1_butt[13]_i_2_replica/O
INFO: [Physopt 32-662] Processed net hash/samp3_q[2]_i_3_n_0.  Did not re-place instance hash/samp3_q[2]_i_3/O
INFO: [Physopt 32-662] Processed net hash/ofifo0_req_r1_reg_11.  Did not re-place instance hash/in1_butt[22]_i_2/O
INFO: [Physopt 32-662] Processed net hash/ofifo0_req_r1_reg_0.  Did not re-place instance hash/in1_butt[5]_i_2/O
INFO: [Physopt 32-662] Processed net hash/ofifo0_req_r1_reg_3.  Did not re-place instance hash/in1_butt[3]_i_2/O
INFO: [Physopt 32-662] Processed net hash/samp0_q[1]_i_5_n_0.  Did not re-place instance hash/samp0_q[1]_i_5/O
INFO: [Physopt 32-662] Processed net hash/samp3_q[2]_i_5_n_0.  Did not re-place instance hash/samp3_q[2]_i_5/O
INFO: [Physopt 32-663] Processed net hash/ofifo0_req_r1_reg_14.  Re-placed instance hash/in1_butt[10]_i_2/O
INFO: [Physopt 32-662] Processed net hash/ofifo0_req_r1_reg_12.  Did not re-place instance hash/in1_butt[23]_i_2/O
INFO: [Physopt 32-662] Processed net hash/samp3_q[2]_i_7_n_0.  Did not re-place instance hash/samp3_q[2]_i_7/O
INFO: [Physopt 32-662] Processed net hash/samp3_q[1]_i_5_n_0.  Did not re-place instance hash/samp3_q[1]_i_5/O
INFO: [Physopt 32-662] Processed net hash/ofifo0_req_r1_reg_16.  Did not re-place instance hash/in1_butt[11]_i_2/O
INFO: [Physopt 32-662] Processed net hash/samp0_q[2]_i_5_n_0.  Did not re-place instance hash/samp0_q[2]_i_5/O
INFO: [Physopt 32-662] Processed net hash/samp2_q[2]_i_3_n_0.  Did not re-place instance hash/samp2_q[2]_i_3/O
INFO: [Physopt 32-663] Processed net hash/ofifo0_req_r1_reg_7.  Re-placed instance hash/in1_butt[18]_i_2/O
INFO: [Physopt 32-662] Processed net hash/samp2_q[2]_i_2_n_0.  Did not re-place instance hash/samp2_q[2]_i_2/O
INFO: [Physopt 32-662] Processed net hash/samp0_q[2]_i_3_n_0.  Did not re-place instance hash/samp0_q[2]_i_3/O
INFO: [Physopt 32-662] Processed net hash/samp1_q[2]_i_5_n_0.  Did not re-place instance hash/samp1_q[2]_i_5/O
INFO: [Physopt 32-662] Processed net hash/samp1_q[1]_i_5_n_0.  Did not re-place instance hash/samp1_q[1]_i_5/O
INFO: [Physopt 32-662] Processed net hash/ofifo0_req_r1_reg_21.  Did not re-place instance hash/in1_butt[6]_i_2/O
INFO: [Physopt 32-662] Processed net hash/samp0_q[2]_i_8_n_0_repN.  Did not re-place instance hash/samp0_q[2]_i_8_replica/O
INFO: [Physopt 32-661] Optimized 6 nets.  Re-placed 12 instances.
INFO: [Physopt 32-775] End 1 Pass. Optimized 6 nets or cells. Created 0 new cell, deleted 0 existing cell and moved 12 existing cells
INFO: [Physopt 32-619] Estimated Timing Summary | WNS=-0.445 | TNS=-6.483 |
Netlist sorting complete. Time (s): cpu = 00:00:00 ; elapsed = 00:00:00.003 . Memory (MB): peak = 2239.238 ; gain = 0.000
Phase 10 Multi Cell Placement Optimization | Checksum: 187eb5b9b

Time (s): cpu = 00:02:16 ; elapsed = 00:01:51 . Memory (MB): peak = 2239.238 ; gain = 0.000

Phase 11 Rewire
INFO: [Physopt 32-246] Starting Signal Push optimization...
INFO: [Physopt 32-241] No nets found for rewiring () optimization.
INFO: [Physopt 32-232] Optimized 0 net. Created 0 new instance.
INFO: [Physopt 32-775] End 1 Pass. Optimized 0 net or cell. Created 0 new cell, deleted 0 existing cell and moved 0 existing cell
Netlist sorting complete. Time (s): cpu = 00:00:00 ; elapsed = 00:00:00.004 . Memory (MB): peak = 2239.238 ; gain = 0.000
Phase 11 Rewire | Checksum: 187eb5b9b

Time (s): cpu = 00:02:16 ; elapsed = 00:01:51 . Memory (MB): peak = 2239.238 ; gain = 0.000

Phase 12 Critical Cell Optimization
INFO: [Physopt 32-46] Identified 21 candidate nets for critical-cell optimization.
INFO: [Physopt 32-572] Net hash/samp0_q[2]_i_6_n_0 was not replicated.
Resolution: phys_opt_design can be forced to replicate a net driver using the option -force_replication_on_nets <list of net objects>.
INFO: [Physopt 32-572] Net hash/samp0_q[1]_i_4_n_0 was not replicated.
Resolution: phys_opt_design can be forced to replicate a net driver using the option -force_replication_on_nets <list of net objects>.
INFO: [Physopt 32-572] Net hash/ofifo0_req_r1_reg_1_repN was not replicated.
Resolution: phys_opt_design can be forced to replicate a net driver using the option -force_replication_on_nets <list of net objects>.
INFO: [Physopt 32-81] Processed net hash/samp3_q[1]_i_3_n_0. Replicated 1 times.
INFO: [Physopt 32-572] Net hash/samp3_q[2]_i_7_n_0 was not replicated.
Resolution: phys_opt_design can be forced to replicate a net driver using the option -force_replication_on_nets <list of net objects>.
INFO: [Physopt 32-572] Net hash/ofifo0_req_r1_reg_7 was not replicated.
Resolution: phys_opt_design can be forced to replicate a net driver using the option -force_replication_on_nets <list of net objects>.
INFO: [Physopt 32-572] Net hash/samp1_q[1]_i_4_n_0 was not replicated.
Resolution: phys_opt_design can be forced to replicate a net driver using the option -force_replication_on_nets <list of net objects>.
INFO: [Physopt 32-571] Net hash/ofifo0_req_r1_reg_20 was not replicated.
INFO: [Physopt 32-572] Net hash/ofifo0_req_r1_reg_18 was not replicated.
Resolution: phys_opt_design can be forced to replicate a net driver using the option -force_replication_on_nets <list of net objects>.
INFO: [Physopt 32-572] Net hash/samp2_q[1]_i_4_n_0 was not replicated.
Resolution: phys_opt_design can be forced to replicate a net driver using the option -force_replication_on_nets <list of net objects>.
INFO: [Physopt 32-572] Net hash/samp3_q[2]_i_2_n_0 was not replicated.
Resolution: phys_opt_design can be forced to replicate a net driver using the option -force_replication_on_nets <list of net objects>.
INFO: [Physopt 32-572] Net hash/samp1_q[2]_i_2_n_0 was not replicated.
Resolution: phys_opt_design can be forced to replicate a net driver using the option -force_replication_on_nets <list of net objects>.
INFO: [Physopt 32-572] Net hash/samp1_q[2]_i_7_n_0 was not replicated.
Resolution: phys_opt_design can be forced to replicate a net driver using the option -force_replication_on_nets <list of net objects>.
INFO: [Physopt 32-572] Net hash/samp3_q[2]_i_6_n_0 was not replicated.
Resolution: phys_opt_design can be forced to replicate a net driver using the option -force_replication_on_nets <list of net objects>.
INFO: [Physopt 32-81] Processed net hash/samp3_q[1]_i_6_n_0. Replicated 1 times.
INFO: [Physopt 32-572] Net hash/samp3_q[2]_i_5_n_0 was not replicated.
Resolution: phys_opt_design can be forced to replicate a net driver using the option -force_replication_on_nets <list of net objects>.
INFO: [Physopt 32-572] Net hash/ofifo0_req_r1_reg_9_repN_1 was not replicated.
Resolution: phys_opt_design can be forced to replicate a net driver using the option -force_replication_on_nets <list of net objects>.
INFO: [Physopt 32-572] Net hash/samp3_q[1]_i_2_n_0_repN was not replicated.
Resolution: phys_opt_design can be forced to replicate a net driver using the option -force_replication_on_nets <list of net objects>.
INFO: [Physopt 32-81] Processed net hash/ofifo0_req_r1_reg_6. Replicated 1 times.
INFO: [Physopt 32-572] Net hash/samp0_q[1]_i_5_n_0 was not replicated.
Resolution: phys_opt_design can be forced to replicate a net driver using the option -force_replication_on_nets <list of net objects>.
INFO: [Physopt 32-572] Net hash/ofifo0_req_r1_reg_8 was not replicated.
Resolution: phys_opt_design can be forced to replicate a net driver using the option -force_replication_on_nets <list of net objects>.
INFO: [Physopt 32-232] Optimized 3 nets. Created 3 new instances.
INFO: [Physopt 32-775] End 1 Pass. Optimized 3 nets or cells. Created 3 new cells, deleted 0 existing cell and moved 0 existing cell
INFO: [Physopt 32-619] Estimated Timing Summary | WNS=-0.445 | TNS=-6.611 |
Netlist sorting complete. Time (s): cpu = 00:00:00 ; elapsed = 00:00:00.006 . Memory (MB): peak = 2239.238 ; gain = 0.000
Phase 12 Critical Cell Optimization | Checksum: 125b9c16d

Time (s): cpu = 00:02:20 ; elapsed = 00:01:54 . Memory (MB): peak = 2239.238 ; gain = 0.000

Phase 13 SLR Crossing Optimization
Phase 13 SLR Crossing Optimization | Checksum: 125b9c16d

Time (s): cpu = 00:02:20 ; elapsed = 00:01:54 . Memory (MB): peak = 2239.238 ; gain = 0.000

Phase 14 Fanout Optimization
INFO: [Physopt 32-64] No nets found for fanout-optimization.
INFO: [Physopt 32-232] Optimized 0 net. Created 0 new instance.
INFO: [Physopt 32-775] End 1 Pass. Optimized 0 net or cell. Created 0 new cell, deleted 0 existing cell and moved 0 existing cell
Phase 14 Fanout Optimization | Checksum: 125b9c16d

Time (s): cpu = 00:02:20 ; elapsed = 00:01:54 . Memory (MB): peak = 2239.238 ; gain = 0.000

Phase 15 Single Cell Placement Optimization
INFO: [Physopt 32-660] Identified 106 candidate nets for placement-based optimization.
INFO: [Physopt 32-662] Processed net hash/samp0_q[2]_i_6_n_0.  Did not re-place instance hash/samp0_q[2]_i_6
INFO: [Physopt 32-662] Processed net hash/samp0_q[1]_i_4_n_0.  Did not re-place instance hash/samp0_q[1]_i_4
INFO: [Physopt 32-662] Processed net hash/ofifo0_req_r1_reg_1_repN.  Did not re-place instance hash/in1_butt[4]_i_2_replica
INFO: [Physopt 32-662] Processed net hash/D[2].  Did not re-place instance hash/samp0_q[2]_i_1
INFO: [Physopt 32-662] Processed net ntt/samp0_q[2].  Did not re-place instance ntt/samp0_q_reg[2]
INFO: [Physopt 32-662] Processed net hash/samp0_q[2]_i_2_n_0.  Did not re-place instance hash/samp0_q[2]_i_2
INFO: [Physopt 32-662] Processed net hash/D[0].  Did not re-place instance hash/samp0_q[0]_i_1
INFO: [Physopt 32-662] Processed net ntt/samp0_q[0].  Did not re-place instance ntt/samp0_q_reg[0]
INFO: [Physopt 32-662] Processed net hash/samp0_q[2]_i_7_1.  Did not re-place instance hash/samp0_q[7]_i_1
INFO: [Physopt 32-662] Processed net ntt/samp0_q[7].  Did not re-place instance ntt/samp0_q_reg[7]
INFO: [Physopt 32-662] Processed net hash/p_1_in0.  Did not re-place instance hash/samp0_q[11]_i_1
INFO: [Physopt 32-662] Processed net ntt/samp0_q[11].  Did not re-place instance ntt/samp0_q_reg[11]
INFO: [Physopt 32-662] Processed net hash/samp0_q[2]_i_7_0.  Did not re-place instance hash/samp0_q[8]_i_1
INFO: [Physopt 32-662] Processed net ntt/samp0_q[8].  Did not re-place instance ntt/samp0_q_reg[8]
INFO: [Physopt 32-662] Processed net hash/samp3_q[2]_i_3_n_0.  Did not re-place instance hash/samp3_q[2]_i_3
INFO: [Physopt 32-662] Processed net hash/ofifo0_req_r1_reg_11.  Did not re-place instance hash/in1_butt[22]_i_2
INFO: [Physopt 32-662] Processed net hash/samp3_q[1]_i_6_n_0_repN.  Did not re-place instance hash/samp3_q[1]_i_6_replica
INFO: [Physopt 32-662] Processed net hash/samp3_q[2]_i_7_0[2].  Did not re-place instance hash/samp3_q[2]_i_1
INFO: [Physopt 32-662] Processed net ntt/samp3_q[2].  Did not re-place instance ntt/samp3_q_reg[2]
INFO: [Physopt 32-662] Processed net hash/samp3_q[2]_i_7_2.  Did not re-place instance hash/samp3_q[7]_i_1
INFO: [Physopt 32-662] Processed net ntt/samp3_q[7].  Did not re-place instance ntt/samp3_q_reg[7]
INFO: [Physopt 32-662] Processed net hash/samp3_q[2]_i_7_0[0].  Did not re-place instance hash/samp3_q[0]_i_1
INFO: [Physopt 32-662] Processed net ntt/samp3_q[0].  Did not re-place instance ntt/samp3_q_reg[0]
INFO: [Physopt 32-662] Processed net hash/samp3_q[2]_i_7_1.  Did not re-place instance hash/samp3_q[8]_i_1
INFO: [Physopt 32-662] Processed net ntt/samp3_q[8].  Did not re-place instance ntt/samp3_q_reg[8]
INFO: [Physopt 32-662] Processed net hash/samp1_q[2]_i_3_n_0.  Did not re-place instance hash/samp1_q[2]_i_3
INFO: [Physopt 32-662] Processed net hash/samp1_q[1]_i_4_n_0.  Did not re-place instance hash/samp1_q[1]_i_4
INFO: [Physopt 32-662] Processed net hash/ofifo0_req_r1_reg_20.  Did not re-place instance hash/in1_butt[7]_i_2
INFO: [Physopt 32-662] Processed net hash/samp1_q[2]_i_7_0[0].  Did not re-place instance hash/samp1_q[0]_i_1
INFO: [Physopt 32-662] Processed net hash/samp3_q[2]_i_6_0.  Did not re-place instance hash/samp3_q[11]_i_1
INFO: [Physopt 32-662] Processed net ntt/samp3_q[11].  Did not re-place instance ntt/samp3_q_reg[11]
INFO: [Physopt 32-662] Processed net ntt/samp1_q[0].  Did not re-place instance ntt/samp1_q_reg[0]
INFO: [Physopt 32-662] Processed net hash/samp1_q[2]_i_7_1.  Did not re-place instance hash/samp1_q[8]_i_1
INFO: [Physopt 32-662] Processed net ntt/samp1_q[8].  Did not re-place instance ntt/samp1_q_reg[8]
INFO: [Physopt 32-662] Processed net hash/ofifo0_req_r1_reg_10.  Did not re-place instance hash/in1_butt[15]_i_2
INFO: [Physopt 32-662] Processed net hash/samp1_q[2]_i_6_0.  Did not re-place instance hash/samp1_q[11]_i_1
INFO: [Physopt 32-662] Processed net ntt/samp1_q[11].  Did not re-place instance ntt/samp1_q_reg[11]
INFO: [Physopt 32-662] Processed net hash/samp2_q[2]_i_4_n_0.  Did not re-place instance hash/samp2_q[2]_i_4
INFO: [Physopt 32-662] Processed net hash/ofifo0_req_r1_reg_18.  Did not re-place instance hash/in1_butt[9]_i_2
INFO: [Physopt 32-662] Processed net hash/samp2_q[1]_i_4_n_0.  Did not re-place instance hash/samp2_q[1]_i_4
INFO: [Physopt 32-662] Processed net hash/samp2_q[2]_i_6_2.  Did not re-place instance hash/samp2_q[7]_i_1
INFO: [Physopt 32-662] Processed net ntt/samp2_q[7].  Did not re-place instance ntt/samp2_q_reg[7]
INFO: [Physopt 32-662] Processed net hash/samp2_q[2]_i_6_1.  Did not re-place instance hash/samp2_q[8]_i_1
INFO: [Physopt 32-662] Processed net ntt/samp2_q[8].  Did not re-place instance ntt/samp2_q_reg[8]
INFO: [Physopt 32-662] Processed net hash/samp2_q[2]_i_5_n_0.  Did not re-place instance hash/samp2_q[2]_i_5
INFO: [Physopt 32-662] Processed net hash/samp2_q[2]_i_6_0[0].  Did not re-place instance hash/samp2_q[0]_i_1
INFO: [Physopt 32-662] Processed net ntt/samp2_q[0].  Did not re-place instance ntt/samp2_q_reg[0]
INFO: [Physopt 32-662] Processed net hash/samp2_q[2]_i_4_0.  Did not re-place instance hash/samp2_q[11]_i_1
INFO: [Physopt 32-662] Processed net ntt/samp2_q[11].  Did not re-place instance ntt/samp2_q_reg[11]
INFO: [Physopt 32-662] Processed net hash/samp3_q[2]_i_6_n_0.  Did not re-place instance hash/samp3_q[2]_i_6
INFO: [Physopt 32-662] Processed net hash/samp1_q[2]_i_7_0[2].  Did not re-place instance hash/samp1_q[2]_i_1
INFO: [Physopt 32-662] Processed net ntt/samp1_q[2].  Did not re-place instance ntt/samp1_q_reg[2]
INFO: [Physopt 32-662] Processed net hash/samp1_q[2]_i_2_n_0.  Did not re-place instance hash/samp1_q[2]_i_2
INFO: [Physopt 32-662] Processed net hash/samp1_q[2]_i_7_n_0.  Did not re-place instance hash/samp1_q[2]_i_7
INFO: [Physopt 32-662] Processed net hash/samp3_q[2]_i_2_n_0.  Did not re-place instance hash/samp3_q[2]_i_2
INFO: [Physopt 32-662] Processed net hash/ofifo0_req_r1_reg_7.  Did not re-place instance hash/in1_butt[18]_i_2
INFO: [Physopt 32-662] Processed net hash/samp3_q[1]_i_3_n_0.  Did not re-place instance hash/samp3_q[1]_i_3
INFO: [Physopt 32-662] Processed net hash/samp1_q[2]_i_7_2.  Did not re-place instance hash/samp1_q[7]_i_1
INFO: [Physopt 32-662] Processed net ntt/samp1_q[7].  Did not re-place instance ntt/samp1_q_reg[7]
INFO: [Physopt 32-662] Processed net hash/samp1_q[2]_i_6_n_0.  Did not re-place instance hash/samp1_q[2]_i_6
INFO: [Physopt 32-662] Processed net hash/ofifo0_req_r1_reg_2.  Did not re-place instance hash/in1_butt[1]_i_2
INFO: [Physopt 32-663] Processed net hash/samp3_q[2]_i_5_n_0.  Re-placed instance hash/samp3_q[2]_i_5
INFO: [Physopt 32-662] Processed net hash/ofifo0_req_r1_reg_9_repN_1.  Did not re-place instance hash/in1_butt[13]_i_2_replica_1
INFO: [Physopt 32-662] Processed net hash/samp3_q[1]_i_2_n_0_repN.  Did not re-place instance hash/samp3_q[1]_i_2_replica
INFO: [Physopt 32-662] Processed net hash/samp0_q[2]_i_7_n_0.  Did not re-place instance hash/samp0_q[2]_i_7
INFO: [Physopt 32-662] Processed net hash/samp0_q[1]_i_6_n_0.  Did not re-place instance hash/samp0_q[1]_i_6
INFO: [Physopt 32-662] Processed net hash/samp2_q[2]_i_6_0[2].  Did not re-place instance hash/samp2_q[2]_i_1
INFO: [Physopt 32-662] Processed net ntt/samp2_q[2].  Did not re-place instance ntt/samp2_q_reg[2]
INFO: [Physopt 32-662] Processed net hash/ofifo0_req_r1_reg_9_repN.  Did not re-place instance hash/in1_butt[13]_i_2_replica
INFO: [Physopt 32-662] Processed net hash/samp3_q[1]_i_3_n_0_repN.  Did not re-place instance hash/samp3_q[1]_i_3_replica
INFO: [Physopt 32-662] Processed net hash/samp3_q[2]_i_7_n_0.  Did not re-place instance hash/samp3_q[2]_i_7
INFO: [Physopt 32-662] Processed net hash/ofifo0_req_r1_reg_6_repN.  Did not re-place instance hash/in1_butt[12]_i_2_replica
INFO: [Physopt 32-662] Processed net hash/ofifo0_req_r1_reg_0.  Did not re-place instance hash/in1_butt[5]_i_2
INFO: [Physopt 32-662] Processed net hash/ofifo0_req_r1_reg_8.  Did not re-place instance hash/in1_butt[19]_i_2
INFO: [Physopt 32-662] Processed net hash/ofifo0_req_r1_reg_3.  Did not re-place instance hash/in1_butt[3]_i_2
INFO: [Physopt 32-662] Processed net hash/samp0_q[1]_i_5_n_0.  Did not re-place instance hash/samp0_q[1]_i_5
INFO: [Physopt 32-662] Processed net hash/samp3_q[1]_i_6_n_0.  Did not re-place instance hash/samp3_q[1]_i_6
INFO: [Physopt 32-662] Processed net hash/ofifo0_req_r1_reg_12.  Did not re-place instance hash/in1_butt[23]_i_2
INFO: [Physopt 32-662] Processed net hash/samp3_q[1]_i_5_n_0.  Did not re-place instance hash/samp3_q[1]_i_5
INFO: [Physopt 32-663] Processed net hash/ofifo0_req_r1_reg_16.  Re-placed instance hash/in1_butt[11]_i_2
INFO: [Physopt 32-662] Processed net hash/samp2_q[2]_i_3_n_0.  Did not re-place instance hash/samp2_q[2]_i_3
INFO: [Physopt 32-662] Processed net hash/ofifo0_req_r1_reg_6.  Did not re-place instance hash/in1_butt[12]_i_2
INFO: [Physopt 32-663] Processed net hash/samp0_q[2]_i_5_n_0.  Re-placed instance hash/samp0_q[2]_i_5
INFO: [Physopt 32-662] Processed net hash/ofifo0_req_r1_reg_4.  Did not re-place instance hash/in1_butt[14]_i_2
INFO: [Physopt 32-662] Processed net hash/samp3_q[2]_i_7_0[1].  Did not re-place instance hash/samp3_q[1]_i_1
INFO: [Physopt 32-662] Processed net ntt/samp3_q[1].  Did not re-place instance ntt/samp3_q_reg[1]
INFO: [Physopt 32-663] Processed net hash/samp2_q[2]_i_2_n_0.  Re-placed instance hash/samp2_q[2]_i_2
INFO: [Physopt 32-662] Processed net hash/samp0_q[2]_i_3_n_0.  Did not re-place instance hash/samp0_q[2]_i_3
INFO: [Physopt 32-662] Processed net hash/samp1_q[2]_i_5_n_0.  Did not re-place instance hash/samp1_q[2]_i_5
INFO: [Physopt 32-662] Processed net hash/samp1_q[1]_i_5_n_0.  Did not re-place instance hash/samp1_q[1]_i_5
INFO: [Physopt 32-662] Processed net hash/ofifo0_req_r1_reg_21.  Did not re-place instance hash/in1_butt[6]_i_2
INFO: [Physopt 32-662] Processed net hash/samp1_q[2]_i_4_n_0.  Did not re-place instance hash/samp1_q[2]_i_4
INFO: [Physopt 32-662] Processed net hash/ofifo0_req_r1_reg_14.  Did not re-place instance hash/in1_butt[10]_i_2
INFO: [Physopt 32-662] Processed net hash/samp1_q[1]_i_6_n_0.  Did not re-place instance hash/samp1_q[1]_i_6
INFO: [Physopt 32-662] Processed net hash/samp0_q[2]_i_8_n_0_repN.  Did not re-place instance hash/samp0_q[2]_i_8_replica
INFO: [Physopt 32-662] Processed net hash/samp0_q[2]_i_8_n_0_repN_1.  Did not re-place instance hash/samp0_q[2]_i_8_replica_1
INFO: [Physopt 32-662] Processed net ntt/in1_butt_reg_n_0_[9].  Did not re-place instance ntt/in1_butt_reg[9]
INFO: [Physopt 32-662] Processed net ntt/BU/sum_in1__0_carry__1_i_3_n_0.  Did not re-place instance ntt/BU/sum_in1__0_carry__1_i_3
INFO: [Physopt 32-662] Processed net ntt/BU/sum_in1_q_carry_i_1_n_0.  Did not re-place instance ntt/BU/sum_in1_q_carry_i_1
INFO: [Physopt 32-662] Processed net ntt/BU/sum_in1_reg[11]_i_1_n_0.  Did not re-place instance ntt/BU/sum_in1_reg[11]_i_1
INFO: [Physopt 32-662] Processed net ntt/BU/sum_in1_reg[11].  Did not re-place instance ntt/BU/sum_in1_reg_reg[11]
INFO: [Physopt 32-662] Processed net hash/samp1_q[2]_i_7_0[1].  Did not re-place instance hash/samp1_q[1]_i_1
INFO: [Physopt 32-662] Processed net ntt/samp1_q[1].  Did not re-place instance ntt/samp1_q_reg[1]
INFO: [Physopt 32-663] Processed net hash/samp1_q[1]_i_3_n_0.  Re-placed instance hash/samp1_q[1]_i_3
INFO: [Physopt 32-662] Processed net ntt/ctrl_butt[2]_repN.  Did not re-place instance ntt/ctrl_butt_reg[2]_replica
INFO: [Physopt 32-662] Processed net ntt/BU/sum_in1__0_carry_i_3_n_0.  Did not re-place instance ntt/BU/sum_in1__0_carry_i_3
INFO: [Physopt 32-661] Optimized 5 nets.  Re-placed 5 instances.
INFO: [Physopt 32-775] End 1 Pass. Optimized 5 nets or cells. Created 0 new cell, deleted 0 existing cell and moved 5 existing cells
INFO: [Physopt 32-619] Estimated Timing Summary | WNS=-0.445 | TNS=-6.611 |
Netlist sorting complete. Time (s): cpu = 00:00:00 ; elapsed = 00:00:00.005 . Memory (MB): peak = 2239.238 ; gain = 0.000
Phase 15 Single Cell Placement Optimization | Checksum: 1df9dac81

Time (s): cpu = 00:02:31 ; elapsed = 00:02:02 . Memory (MB): peak = 2239.238 ; gain = 0.000

Phase 16 Multi Cell Placement Optimization
INFO: [Physopt 32-660] Identified 100 candidate nets for placement-based optimization.
INFO: [Physopt 32-662] Processed net hash/samp0_q[2]_i_6_n_0.  Did not re-place instance hash/samp0_q[2]_i_6/O
INFO: [Physopt 32-662] Processed net hash/samp0_q[1]_i_4_n_0.  Did not re-place instance hash/samp0_q[1]_i_4/O
INFO: [Physopt 32-662] Processed net hash/ofifo0_req_r1_reg_1_repN.  Did not re-place instance hash/in1_butt[4]_i_2_replica/O
INFO: [Physopt 32-662] Processed net hash/D[2].  Did not re-place instance hash/samp0_q[2]_i_1/O
INFO: [Physopt 32-662] Processed net hash/samp0_q[2]_i_2_n_0.  Did not re-place instance hash/samp0_q[2]_i_2/O
INFO: [Physopt 32-662] Processed net hash/D[0].  Did not re-place instance hash/samp0_q[0]_i_1/O
INFO: [Physopt 32-662] Processed net hash/samp0_q[2]_i_7_1.  Did not re-place instance hash/samp0_q[7]_i_1/O
INFO: [Physopt 32-662] Processed net hash/p_1_in0.  Did not re-place instance hash/samp0_q[11]_i_1/O
INFO: [Physopt 32-662] Processed net hash/samp0_q[2]_i_7_0.  Did not re-place instance hash/samp0_q[8]_i_1/O
INFO: [Physopt 32-662] Processed net hash/samp3_q[2]_i_3_n_0.  Did not re-place instance hash/samp3_q[2]_i_3/O
INFO: [Physopt 32-662] Processed net hash/ofifo0_req_r1_reg_11.  Did not re-place instance hash/in1_butt[22]_i_2/O
INFO: [Physopt 32-662] Processed net hash/samp3_q[1]_i_6_n_0_repN.  Did not re-place instance hash/samp3_q[1]_i_6_replica/O
INFO: [Physopt 32-662] Processed net hash/samp3_q[2]_i_7_0[2].  Did not re-place instance hash/samp3_q[2]_i_1/O
INFO: [Physopt 32-662] Processed net hash/samp3_q[2]_i_7_2.  Did not re-place instance hash/samp3_q[7]_i_1/O
INFO: [Physopt 32-662] Processed net hash/samp3_q[2]_i_7_0[0].  Did not re-place instance hash/samp3_q[0]_i_1/O
INFO: [Physopt 32-662] Processed net hash/samp3_q[2]_i_7_1.  Did not re-place instance hash/samp3_q[8]_i_1/O
INFO: [Physopt 32-662] Processed net hash/samp1_q[2]_i_3_n_0.  Did not re-place instance hash/samp1_q[2]_i_3/O
INFO: [Physopt 32-662] Processed net hash/samp1_q[1]_i_4_n_0.  Did not re-place instance hash/samp1_q[1]_i_4/O
INFO: [Physopt 32-662] Processed net hash/ofifo0_req_r1_reg_20.  Did not re-place instance hash/in1_butt[7]_i_2/O
INFO: [Physopt 32-662] Processed net hash/samp1_q[2]_i_7_0[0].  Did not re-place instance hash/samp1_q[0]_i_1/O
INFO: [Physopt 32-662] Processed net hash/samp3_q[2]_i_6_0.  Did not re-place instance hash/samp3_q[11]_i_1/O
INFO: [Physopt 32-662] Processed net hash/samp1_q[2]_i_7_1.  Did not re-place instance hash/samp1_q[8]_i_1/O
INFO: [Physopt 32-662] Processed net hash/ofifo0_req_r1_reg_10.  Did not re-place instance hash/in1_butt[15]_i_2/O
INFO: [Physopt 32-662] Processed net hash/samp1_q[2]_i_6_0.  Did not re-place instance hash/samp1_q[11]_i_1/O
INFO: [Physopt 32-662] Processed net hash/samp2_q[2]_i_4_n_0.  Did not re-place instance hash/samp2_q[2]_i_4/O
INFO: [Physopt 32-662] Processed net hash/ofifo0_req_r1_reg_18.  Did not re-place instance hash/in1_butt[9]_i_2/O
INFO: [Physopt 32-662] Processed net hash/samp2_q[1]_i_4_n_0.  Did not re-place instance hash/samp2_q[1]_i_4/O
INFO: [Physopt 32-662] Processed net hash/samp2_q[2]_i_6_2.  Did not re-place instance hash/samp2_q[7]_i_1/O
INFO: [Physopt 32-662] Processed net hash/samp2_q[2]_i_6_1.  Did not re-place instance hash/samp2_q[8]_i_1/O
INFO: [Physopt 32-662] Processed net hash/samp2_q[2]_i_5_n_0.  Did not re-place instance hash/samp2_q[2]_i_5/O
INFO: [Physopt 32-662] Processed net hash/samp2_q[2]_i_6_0[0].  Did not re-place instance hash/samp2_q[0]_i_1/O
INFO: [Physopt 32-662] Processed net hash/samp2_q[2]_i_4_0.  Did not re-place instance hash/samp2_q[11]_i_1/O
INFO: [Physopt 32-662] Processed net hash/samp3_q[2]_i_6_n_0.  Did not re-place instance hash/samp3_q[2]_i_6/O
INFO: [Physopt 32-662] Processed net hash/samp1_q[2]_i_7_0[2].  Did not re-place instance hash/samp1_q[2]_i_1/O
INFO: [Physopt 32-662] Processed net hash/samp1_q[2]_i_2_n_0.  Did not re-place instance hash/samp1_q[2]_i_2/O
INFO: [Physopt 32-662] Processed net hash/samp1_q[2]_i_7_n_0.  Did not re-place instance hash/samp1_q[2]_i_7/O
INFO: [Physopt 32-662] Processed net hash/samp3_q[2]_i_2_n_0.  Did not re-place instance hash/samp3_q[2]_i_2/O
INFO: [Physopt 32-662] Processed net hash/ofifo0_req_r1_reg_7.  Did not re-place instance hash/in1_butt[18]_i_2/O
INFO: [Physopt 32-662] Processed net hash/samp3_q[1]_i_3_n_0.  Did not re-place instance hash/samp3_q[1]_i_3/O
INFO: [Physopt 32-662] Processed net hash/samp1_q[2]_i_7_2.  Did not re-place instance hash/samp1_q[7]_i_1/O
INFO: [Physopt 32-662] Processed net hash/samp1_q[2]_i_6_n_0.  Did not re-place instance hash/samp1_q[2]_i_6/O
INFO: [Physopt 32-662] Processed net hash/ofifo0_req_r1_reg_2.  Did not re-place instance hash/in1_butt[1]_i_2/O
INFO: [Physopt 32-662] Processed net hash/samp0_q[2]_i_7_n_0.  Did not re-place instance hash/samp0_q[2]_i_7/O
INFO: [Physopt 32-662] Processed net hash/samp0_q[1]_i_6_n_0.  Did not re-place instance hash/samp0_q[1]_i_6/O
INFO: [Physopt 32-662] Processed net hash/samp2_q[2]_i_6_0[2].  Did not re-place instance hash/samp2_q[2]_i_1/O
INFO: [Physopt 32-662] Processed net hash/samp3_q[2]_i_5_n_0.  Did not re-place instance hash/samp3_q[2]_i_5/O
INFO: [Physopt 32-662] Processed net hash/ofifo0_req_r1_reg_9_repN_1.  Did not re-place instance hash/in1_butt[13]_i_2_replica_1/O
INFO: [Physopt 32-662] Processed net hash/samp3_q[1]_i_2_n_0_repN.  Did not re-place instance hash/samp3_q[1]_i_2_replica/O
INFO: [Physopt 32-662] Processed net hash/ofifo0_req_r1_reg_9_repN.  Did not re-place instance hash/in1_butt[13]_i_2_replica/O
INFO: [Physopt 32-662] Processed net hash/samp3_q[1]_i_3_n_0_repN.  Did not re-place instance hash/samp3_q[1]_i_3_replica/O
INFO: [Physopt 32-662] Processed net hash/samp3_q[2]_i_7_n_0.  Did not re-place instance hash/samp3_q[2]_i_7/O
INFO: [Physopt 32-662] Processed net hash/ofifo0_req_r1_reg_6_repN.  Did not re-place instance hash/in1_butt[12]_i_2_replica/O
INFO: [Physopt 32-662] Processed net hash/ofifo0_req_r1_reg_0.  Did not re-place instance hash/in1_butt[5]_i_2/O
INFO: [Physopt 32-662] Processed net hash/ofifo0_req_r1_reg_3.  Did not re-place instance hash/in1_butt[3]_i_2/O
INFO: [Physopt 32-662] Processed net hash/samp0_q[1]_i_5_n_0.  Did not re-place instance hash/samp0_q[1]_i_5/O
INFO: [Physopt 32-662] Processed net hash/samp3_q[1]_i_6_n_0.  Did not re-place instance hash/samp3_q[1]_i_6/O
INFO: [Physopt 32-662] Processed net hash/ofifo0_req_r1_reg_12.  Did not re-place instance hash/in1_butt[23]_i_2/O
INFO: [Physopt 32-663] Processed net hash/samp3_q[1]_i_5_n_0.  Re-placed instance hash/samp3_q[1]_i_5/O
INFO: [Physopt 32-662] Processed net hash/ofifo0_req_r1_reg_8.  Did not re-place instance hash/in1_butt[19]_i_2/O
INFO: [Physopt 32-662] Processed net hash/samp2_q[2]_i_3_n_0.  Did not re-place instance hash/samp2_q[2]_i_3/O
INFO: [Physopt 32-662] Processed net hash/ofifo0_req_r1_reg_6.  Did not re-place instance hash/in1_butt[12]_i_2/O
INFO: [Physopt 32-662] Processed net hash/samp0_q[2]_i_5_n_0.  Did not re-place instance hash/samp0_q[2]_i_5/O
INFO: [Physopt 32-663] Processed net hash/ofifo0_req_r1_reg_4.  Re-placed instance hash/in1_butt[14]_i_2/O
INFO: [Physopt 32-663] Processed net hash/samp3_q[2]_i_7_0[1].  Re-placed instance hash/samp3_q[1]_i_1/O
INFO: [Physopt 32-662] Processed net hash/samp0_q[2]_i_3_n_0.  Did not re-place instance hash/samp0_q[2]_i_3/O
INFO: [Physopt 32-662] Processed net hash/samp1_q[2]_i_5_n_0.  Did not re-place instance hash/samp1_q[2]_i_5/O
INFO: [Physopt 32-662] Processed net hash/samp1_q[1]_i_5_n_0.  Did not re-place instance hash/samp1_q[1]_i_5/O
INFO: [Physopt 32-662] Processed net hash/ofifo0_req_r1_reg_21.  Did not re-place instance hash/in1_butt[6]_i_2/O
INFO: [Physopt 32-662] Processed net hash/samp0_q[2]_i_8_n_0_repN.  Did not re-place instance hash/samp0_q[2]_i_8_replica/O
INFO: [Physopt 32-661] Optimized 3 nets.  Re-placed 6 instances.
INFO: [Physopt 32-775] End 1 Pass. Optimized 3 nets or cells. Created 0 new cell, deleted 0 existing cell and moved 6 existing cells
INFO: [Physopt 32-619] Estimated Timing Summary | WNS=-0.445 | TNS=-6.566 |
Netlist sorting complete. Time (s): cpu = 00:00:00 ; elapsed = 00:00:00.003 . Memory (MB): peak = 2239.238 ; gain = 0.000
Phase 16 Multi Cell Placement Optimization | Checksum: 1c6acdf3c

Time (s): cpu = 00:03:09 ; elapsed = 00:02:28 . Memory (MB): peak = 2239.238 ; gain = 0.000

Phase 17 Rewire
INFO: [Physopt 32-246] Starting Signal Push optimization...
INFO: [Physopt 32-241] No nets found for rewiring () optimization.
INFO: [Physopt 32-232] Optimized 0 net. Created 0 new instance.
INFO: [Physopt 32-775] End 1 Pass. Optimized 0 net or cell. Created 0 new cell, deleted 0 existing cell and moved 0 existing cell
Netlist sorting complete. Time (s): cpu = 00:00:00 ; elapsed = 00:00:00.005 . Memory (MB): peak = 2239.238 ; gain = 0.000
Phase 17 Rewire | Checksum: 1c6acdf3c

Time (s): cpu = 00:03:09 ; elapsed = 00:02:28 . Memory (MB): peak = 2239.238 ; gain = 0.000

Phase 18 Critical Cell Optimization
INFO: [Physopt 32-46] Identified 27 candidate nets for critical-cell optimization.
INFO: [Physopt 32-572] Net hash/samp0_q[2]_i_6_n_0 was not replicated.
Resolution: phys_opt_design can be forced to replicate a net driver using the option -force_replication_on_nets <list of net objects>.
INFO: [Physopt 32-572] Net hash/samp0_q[1]_i_4_n_0 was not replicated.
Resolution: phys_opt_design can be forced to replicate a net driver using the option -force_replication_on_nets <list of net objects>.
INFO: [Physopt 32-572] Net hash/ofifo0_req_r1_reg_1_repN was not replicated.
Resolution: phys_opt_design can be forced to replicate a net driver using the option -force_replication_on_nets <list of net objects>.
INFO: [Physopt 32-572] Net hash/samp3_q[2]_i_3_n_0 was not replicated.
Resolution: phys_opt_design can be forced to replicate a net driver using the option -force_replication_on_nets <list of net objects>.
INFO: [Physopt 32-572] Net hash/ofifo0_req_r1_reg_11 was not replicated.
Resolution: phys_opt_design can be forced to replicate a net driver using the option -force_replication_on_nets <list of net objects>.
INFO: [Physopt 32-81] Processed net hash/samp3_q[1]_i_6_n_0_repN. Replicated 1 times.
INFO: [Physopt 32-572] Net hash/samp1_q[2]_i_3_n_0 was not replicated.
Resolution: phys_opt_design can be forced to replicate a net driver using the option -force_replication_on_nets <list of net objects>.
INFO: [Physopt 32-571] Net hash/ofifo0_req_r1_reg_20 was not replicated.
INFO: [Physopt 32-572] Net hash/ofifo0_req_r1_reg_10 was not replicated.
Resolution: phys_opt_design can be forced to replicate a net driver using the option -force_replication_on_nets <list of net objects>.
INFO: [Physopt 32-572] Net hash/samp2_q[2]_i_4_n_0 was not replicated.
Resolution: phys_opt_design can be forced to replicate a net driver using the option -force_replication_on_nets <list of net objects>.
INFO: [Physopt 32-81] Processed net hash/ofifo0_req_r1_reg_18. Replicated 1 times.
INFO: [Physopt 32-572] Net hash/samp2_q[1]_i_4_n_0 was not replicated.
Resolution: phys_opt_design can be forced to replicate a net driver using the option -force_replication_on_nets <list of net objects>.
INFO: [Physopt 32-572] Net hash/samp2_q[2]_i_5_n_0 was not replicated.
Resolution: phys_opt_design can be forced to replicate a net driver using the option -force_replication_on_nets <list of net objects>.
INFO: [Physopt 32-601] Processed net hash/samp3_q[2]_i_6_n_0. Net driver hash/samp3_q[2]_i_6 was replaced.
INFO: [Physopt 32-572] Net hash/samp3_q[1]_i_3_n_0_repN was not replicated.
Resolution: phys_opt_design can be forced to replicate a net driver using the option -force_replication_on_nets <list of net objects>.
INFO: [Physopt 32-601] Processed net hash/samp3_q[2]_i_7_n_0. Net driver hash/samp3_q[2]_i_7 was replaced.
INFO: [Physopt 32-571] Net hash/ofifo0_req_r1_reg_6_repN was not replicated.
INFO: [Physopt 32-572] Net hash/ofifo0_req_r1_reg_7 was not replicated.
Resolution: phys_opt_design can be forced to replicate a net driver using the option -force_replication_on_nets <list of net objects>.
INFO: [Physopt 32-572] Net hash/samp3_q[1]_i_6_n_0 was not replicated.
Resolution: phys_opt_design can be forced to replicate a net driver using the option -force_replication_on_nets <list of net objects>.
INFO: [Physopt 32-572] Net hash/samp1_q[2]_i_7_n_0 was not replicated.
Resolution: phys_opt_design can be forced to replicate a net driver using the option -force_replication_on_nets <list of net objects>.
INFO: [Physopt 32-572] Net hash/samp3_q[2]_i_2_n_0 was not replicated.
Resolution: phys_opt_design can be forced to replicate a net driver using the option -force_replication_on_nets <list of net objects>.
INFO: [Physopt 32-572] Net hash/samp1_q[2]_i_6_n_0 was not replicated.
Resolution: phys_opt_design can be forced to replicate a net driver using the option -force_replication_on_nets <list of net objects>.
INFO: [Physopt 32-81] Processed net hash/ofifo0_req_r1_reg_9_repN_1. Replicated 1 times.
INFO: [Physopt 32-571] Net hash/samp0_q[1]_i_6_n_0 was not replicated.
INFO: [Physopt 32-572] Net hash/samp3_q[2]_i_5_n_0 was not replicated.
Resolution: phys_opt_design can be forced to replicate a net driver using the option -force_replication_on_nets <list of net objects>.
INFO: [Physopt 32-572] Net hash/samp3_q[1]_i_2_n_0_repN was not replicated.
Resolution: phys_opt_design can be forced to replicate a net driver using the option -force_replication_on_nets <list of net objects>.
INFO: [Physopt 32-572] Net hash/ofifo0_req_r1_reg_0 was not replicated.
Resolution: phys_opt_design can be forced to replicate a net driver using the option -force_replication_on_nets <list of net objects>.
INFO: [Physopt 32-232] Optimized 5 nets. Created 3 new instances.
INFO: [Physopt 32-775] End 1 Pass. Optimized 5 nets or cells. Created 3 new cells, deleted 0 existing cell and moved 0 existing cell
INFO: [Physopt 32-619] Estimated Timing Summary | WNS=-0.445 | TNS=-6.100 |
Netlist sorting complete. Time (s): cpu = 00:00:00 ; elapsed = 00:00:00.007 . Memory (MB): peak = 2239.238 ; gain = 0.000
Phase 18 Critical Cell Optimization | Checksum: 1b26347c0

Time (s): cpu = 00:03:14 ; elapsed = 00:02:32 . Memory (MB): peak = 2239.238 ; gain = 0.000

Phase 19 DSP Register Optimization
INFO: [Physopt 32-456] No candidate cells for DSP register optimization found in the design.
INFO: [Physopt 32-775] End 1 Pass. Optimized 0 net or cell. Created 0 new cell, deleted 0 existing cell and moved 0 existing cell
Phase 19 DSP Register Optimization | Checksum: 1b26347c0

Time (s): cpu = 00:03:14 ; elapsed = 00:02:32 . Memory (MB): peak = 2239.238 ; gain = 0.000

Phase 20 BRAM Register Optimization
INFO: [Physopt 32-526] No candidate cells for BRAM register optimization found in the design
INFO: [Physopt 32-775] End 1 Pass. Optimized 0 net or cell. Created 0 new cell, deleted 0 existing cell and moved 0 existing cell
Phase 20 BRAM Register Optimization | Checksum: 1b26347c0

Time (s): cpu = 00:03:14 ; elapsed = 00:02:32 . Memory (MB): peak = 2239.238 ; gain = 0.000

Phase 21 URAM Register Optimization
INFO: [Physopt 32-846] No candidate cells for URAM register optimization found in the design
INFO: [Physopt 32-775] End 1 Pass. Optimized 0 net or cell. Created 0 new cell, deleted 0 existing cell and moved 0 existing cell
INFO: [Physopt 32-846] No candidate cells for URAM register optimization found in the design
INFO: [Physopt 32-775] End 1 Pass. Optimized 0 net or cell. Created 0 new cell, deleted 0 existing cell and moved 0 existing cell
Phase 21 URAM Register Optimization | Checksum: 1b26347c0

Time (s): cpu = 00:03:14 ; elapsed = 00:02:32 . Memory (MB): peak = 2239.238 ; gain = 0.000

Phase 22 Shift Register Optimization
INFO: [Physopt 32-1401] No candidate cells found for Shift Register optimization.
INFO: [Physopt 32-677] No candidate cells for Shift Register optimization found in the design
INFO: [Physopt 32-775] End 1 Pass. Optimized 0 net or cell. Created 0 new cell, deleted 0 existing cell and moved 0 existing cell
Phase 22 Shift Register Optimization | Checksum: 1b26347c0

Time (s): cpu = 00:03:14 ; elapsed = 00:02:32 . Memory (MB): peak = 2239.238 ; gain = 0.000

Phase 23 DSP Register Optimization
INFO: [Physopt 32-456] No candidate cells for DSP register optimization found in the design.
INFO: [Physopt 32-775] End 1 Pass. Optimized 0 net or cell. Created 0 new cell, deleted 0 existing cell and moved 0 existing cell
Phase 23 DSP Register Optimization | Checksum: 1b26347c0

Time (s): cpu = 00:03:14 ; elapsed = 00:02:32 . Memory (MB): peak = 2239.238 ; gain = 0.000

Phase 24 BRAM Register Optimization
INFO: [Physopt 32-526] No candidate cells for BRAM register optimization found in the design
INFO: [Physopt 32-775] End 1 Pass. Optimized 0 net or cell. Created 0 new cell, deleted 0 existing cell and moved 0 existing cell
Phase 24 BRAM Register Optimization | Checksum: 1b26347c0

Time (s): cpu = 00:03:14 ; elapsed = 00:02:32 . Memory (MB): peak = 2239.238 ; gain = 0.000

Phase 25 URAM Register Optimization
INFO: [Physopt 32-846] No candidate cells for URAM register optimization found in the design
INFO: [Physopt 32-775] End 1 Pass. Optimized 0 net or cell. Created 0 new cell, deleted 0 existing cell and moved 0 existing cell
INFO: [Physopt 32-846] No candidate cells for URAM register optimization found in the design
INFO: [Physopt 32-775] End 1 Pass. Optimized 0 net or cell. Created 0 new cell, deleted 0 existing cell and moved 0 existing cell
Phase 25 URAM Register Optimization | Checksum: 1b26347c0

Time (s): cpu = 00:03:14 ; elapsed = 00:02:32 . Memory (MB): peak = 2239.238 ; gain = 0.000

Phase 26 Shift Register Optimization
INFO: [Physopt 32-1401] No candidate cells found for Shift Register optimization.
INFO: [Physopt 32-677] No candidate cells for Shift Register optimization found in the design
INFO: [Physopt 32-775] End 1 Pass. Optimized 0 net or cell. Created 0 new cell, deleted 0 existing cell and moved 0 existing cell
Phase 26 Shift Register Optimization | Checksum: 1b26347c0

Time (s): cpu = 00:03:14 ; elapsed = 00:02:32 . Memory (MB): peak = 2239.238 ; gain = 0.000

Phase 27 Critical Pin Optimization
INFO: [Physopt 32-606] Identified 31 candidate nets for critical-pin optimization.
INFO: [Physopt 32-608] Optimized 21 nets.  Swapped 454 pins.
INFO: [Physopt 32-775] End 1 Pass. Optimized 21 nets or cells. Created 0 new cell, deleted 0 existing cell and moved 454 existing cells
INFO: [Physopt 32-619] Estimated Timing Summary | WNS=-0.270 | TNS=-3.021 |
Netlist sorting complete. Time (s): cpu = 00:00:00 ; elapsed = 00:00:00.007 . Memory (MB): peak = 2239.238 ; gain = 0.000
Phase 27 Critical Pin Optimization | Checksum: 1b26347c0

Time (s): cpu = 00:03:14 ; elapsed = 00:02:32 . Memory (MB): peak = 2239.238 ; gain = 0.000

Phase 28 Very High Fanout Optimization
INFO: [Physopt 32-1408] Pass 1. Identified 5 candidate nets for high-fanout optimization.
INFO: [Physopt 32-81] Processed net hash/hash/RoundFunction/Reg/pad_flag_reg. Replicated 4 times.
INFO: [Physopt 32-572] Net hash/hash/FSM/FSM_sequential_STATE_reg[0]_2[0] was not replicated.
Resolution: phys_opt_design can be forced to replicate a net driver using the option -force_replication_on_nets <list of net objects>.
INFO: [Physopt 32-572] Net hash/hash/FSM/FSM_sequential_STATE_reg[1]_1[0] was not replicated.
Resolution: phys_opt_design can be forced to replicate a net driver using the option -force_replication_on_nets <list of net objects>.
INFO: [Physopt 32-232] Optimized 1 net. Created 4 new instances.
INFO: [Physopt 32-775] End 1 Pass. Optimized 1 net or cell. Created 4 new cells, deleted 0 existing cell and moved 0 existing cell
INFO: [Physopt 32-619] Estimated Timing Summary | WNS=-0.270 | TNS=-3.021 |
Netlist sorting complete. Time (s): cpu = 00:00:00 ; elapsed = 00:00:00.040 . Memory (MB): peak = 2239.238 ; gain = 0.000
Phase 28 Very High Fanout Optimization | Checksum: 1283e0614

Time (s): cpu = 00:03:29 ; elapsed = 00:02:43 . Memory (MB): peak = 2239.238 ; gain = 0.000

Phase 29 Single Cell Placement Optimization
INFO: [Physopt 32-660] Identified 250 candidate nets for placement-based optimization.
INFO: [Physopt 32-663] Processed net hash/samp3_q[2]_i_5_n_0.  Re-placed instance hash/samp3_q[2]_i_5
INFO: [Physopt 32-662] Processed net hash/samp3_q[1]_i_2_n_0_repN.  Did not re-place instance hash/samp3_q[1]_i_2_replica
INFO: [Physopt 32-662] Processed net hash/ofifo0_req_r1_reg_9_repN_1.  Did not re-place instance hash/in1_butt[13]_i_2_replica_1
INFO: [Physopt 32-662] Processed net hash/samp3_q[2]_i_7_2.  Did not re-place instance hash/samp3_q[7]_i_1
INFO: [Physopt 32-662] Processed net ntt/samp3_q[7].  Did not re-place instance ntt/samp3_q_reg[7]
INFO: [Physopt 32-662] Processed net hash/samp3_q[1]_i_3_n_0_repN.  Did not re-place instance hash/samp3_q[1]_i_3_replica
INFO: [Physopt 32-662] Processed net hash/ofifo0_req_r1_reg_6_repN.  Did not re-place instance hash/in1_butt[12]_i_2_replica
INFO: [Physopt 32-662] Processed net hash/ofifo0_req_r1_reg_7.  Did not re-place instance hash/in1_butt[18]_i_2
INFO: [Physopt 32-662] Processed net hash/samp3_q[2]_i_2_n_0.  Did not re-place instance hash/samp3_q[2]_i_2
INFO: [Physopt 32-662] Processed net hash/samp3_q[1]_i_3_n_0.  Did not re-place instance hash/samp3_q[1]_i_3
INFO: [Physopt 32-662] Processed net hash/samp3_q[2]_i_7_1.  Did not re-place instance hash/samp3_q[8]_i_1
INFO: [Physopt 32-662] Processed net ntt/samp3_q[8].  Did not re-place instance ntt/samp3_q_reg[8]
INFO: [Physopt 32-662] Processed net hash/samp3_q[2]_i_7_0[0].  Did not re-place instance hash/samp3_q[0]_i_1
INFO: [Physopt 32-662] Processed net ntt/samp3_q[0].  Did not re-place instance ntt/samp3_q_reg[0]
INFO: [Physopt 32-662] Processed net hash/samp3_q[2]_i_7_0[2].  Did not re-place instance hash/samp3_q[2]_i_1
INFO: [Physopt 32-662] Processed net ntt/samp3_q[2].  Did not re-place instance ntt/samp3_q_reg[2]
INFO: [Physopt 32-662] Processed net hash/samp3_q[2]_i_6_0.  Did not re-place instance hash/samp3_q[11]_i_1
INFO: [Physopt 32-662] Processed net ntt/samp3_q[11].  Did not re-place instance ntt/samp3_q_reg[11]
INFO: [Physopt 32-662] Processed net hash/ofifo0_req_r1_reg_8.  Did not re-place instance hash/in1_butt[19]_i_2
INFO: [Physopt 32-662] Processed net hash/samp2_q[2]_i_4_n_0.  Did not re-place instance hash/samp2_q[2]_i_4
INFO: [Physopt 32-662] Processed net hash/ofifo0_req_r1_reg_18_repN.  Did not re-place instance hash/in1_butt[9]_i_2_replica
INFO: [Physopt 32-662] Processed net hash/samp2_q[1]_i_4_n_0.  Did not re-place instance hash/samp2_q[1]_i_4
INFO: [Physopt 32-662] Processed net hash/samp2_q[2]_i_6_2.  Did not re-place instance hash/samp2_q[7]_i_1
INFO: [Physopt 32-662] Processed net ntt/samp2_q[7].  Did not re-place instance ntt/samp2_q_reg[7]
INFO: [Physopt 32-663] Processed net hash/samp0_q[2]_i_8_n_0_repN.  Re-placed instance hash/samp0_q[2]_i_8_replica
INFO: [Physopt 32-662] Processed net hash/samp3_q[2]_i_7_n_0.  Did not re-place instance hash/samp3_q[2]_i_7
INFO: [Physopt 32-663] Processed net hash/samp3_q[1]_i_4_n_0.  Re-placed instance hash/samp3_q[1]_i_4
INFO: [Physopt 32-662] Processed net hash/samp2_q[2]_i_6_1.  Did not re-place instance hash/samp2_q[8]_i_1
INFO: [Physopt 32-662] Processed net ntt/samp2_q[8].  Did not re-place instance ntt/samp2_q_reg[8]
INFO: [Physopt 32-662] Processed net hash/ofifo0_req_r1_reg_9_repN.  Did not re-place instance hash/in1_butt[13]_i_2_replica
INFO: [Physopt 32-662] Processed net hash/samp1_q[2]_i_2_n_0.  Did not re-place instance hash/samp1_q[2]_i_2
INFO: [Physopt 32-662] Processed net hash/samp1_q[2]_i_7_n_0.  Did not re-place instance hash/samp1_q[2]_i_7
INFO: [Physopt 32-662] Processed net hash/samp1_q[2]_i_7_1.  Did not re-place instance hash/samp1_q[8]_i_1
INFO: [Physopt 32-662] Processed net ntt/samp1_q[8].  Did not re-place instance ntt/samp1_q_reg[8]
INFO: [Physopt 32-662] Processed net hash/samp2_q[2]_i_5_n_0.  Did not re-place instance hash/samp2_q[2]_i_5
INFO: [Physopt 32-662] Processed net hash/samp2_q[2]_i_6_0[0].  Did not re-place instance hash/samp2_q[0]_i_1
INFO: [Physopt 32-662] Processed net ntt/samp2_q[0].  Did not re-place instance ntt/samp2_q_reg[0]
INFO: [Physopt 32-662] Processed net hash/ofifo0_req_r1_reg_10.  Did not re-place instance hash/in1_butt[15]_i_2
INFO: [Physopt 32-663] Processed net hash/samp3_q[1]_i_6_n_0.  Re-placed instance hash/samp3_q[1]_i_6
INFO: [Physopt 32-662] Processed net hash/samp1_q[2]_i_7_2.  Did not re-place instance hash/samp1_q[7]_i_1
INFO: [Physopt 32-662] Processed net hash/samp2_q[2]_i_4_0.  Did not re-place instance hash/samp2_q[11]_i_1
INFO: [Physopt 32-662] Processed net ntt/samp1_q[7].  Did not re-place instance ntt/samp1_q_reg[7]
INFO: [Physopt 32-662] Processed net ntt/samp2_q[11].  Did not re-place instance ntt/samp2_q_reg[11]
INFO: [Physopt 32-662] Processed net hash/ofifo0_req_r1_reg_3.  Did not re-place instance hash/in1_butt[3]_i_2
INFO: [Physopt 32-662] Processed net hash/samp0_q[2]_i_3_n_0.  Did not re-place instance hash/samp0_q[2]_i_3
INFO: [Physopt 32-662] Processed net hash/samp0_q[1]_i_5_n_0.  Did not re-place instance hash/samp0_q[1]_i_5
INFO: [Physopt 32-662] Processed net hash/D[2].  Did not re-place instance hash/samp0_q[2]_i_1
INFO: [Physopt 32-662] Processed net ntt/samp0_q[2].  Did not re-place instance ntt/samp0_q_reg[2]
INFO: [Physopt 32-662] Processed net hash/samp0_q[2]_i_7_n_0.  Did not re-place instance hash/samp0_q[2]_i_7
INFO: [Physopt 32-662] Processed net hash/samp0_q[2]_i_5_n_0.  Did not re-place instance hash/samp0_q[2]_i_5
INFO: [Physopt 32-662] Processed net hash/D[0].  Did not re-place instance hash/samp0_q[0]_i_1
INFO: [Physopt 32-662] Processed net ntt/samp0_q[0].  Did not re-place instance ntt/samp0_q_reg[0]
INFO: [Physopt 32-662] Processed net hash/ofifo0_req_r1_reg_1_repN.  Did not re-place instance hash/in1_butt[4]_i_2_replica
INFO: [Physopt 32-662] Processed net hash/samp0_q[1]_i_6_n_0.  Did not re-place instance hash/samp0_q[1]_i_6
INFO: [Physopt 32-663] Processed net hash/ofifo0_req_r1_reg_4.  Re-placed instance hash/in1_butt[14]_i_2
INFO: [Physopt 32-662] Processed net hash/samp0_q[2]_i_7_1.  Did not re-place instance hash/samp0_q[7]_i_1
INFO: [Physopt 32-662] Processed net ntt/samp0_q[7].  Did not re-place instance ntt/samp0_q_reg[7]
INFO: [Physopt 32-662] Processed net hash/p_1_in0.  Did not re-place instance hash/samp0_q[11]_i_1
INFO: [Physopt 32-662] Processed net ntt/samp0_q[11].  Did not re-place instance ntt/samp0_q_reg[11]
INFO: [Physopt 32-662] Processed net hash/samp1_q[2]_i_7_0[2].  Did not re-place instance hash/samp1_q[2]_i_1
INFO: [Physopt 32-662] Processed net ntt/samp1_q[2].  Did not re-place instance ntt/samp1_q_reg[2]
INFO: [Physopt 32-662] Processed net hash/samp0_q[2]_i_7_0.  Did not re-place instance hash/samp0_q[8]_i_1
INFO: [Physopt 32-662] Processed net ntt/samp0_q[8].  Did not re-place instance ntt/samp0_q_reg[8]
INFO: [Physopt 32-662] Processed net hash/samp0_q[2]_i_6_n_0.  Did not re-place instance hash/samp0_q[2]_i_6
INFO: [Physopt 32-662] Processed net hash/samp0_q[1]_i_4_n_0.  Did not re-place instance hash/samp0_q[1]_i_4
INFO: [Physopt 32-662] Processed net hash/samp2_q[2]_i_3_n_0.  Did not re-place instance hash/samp2_q[2]_i_3
INFO: [Physopt 32-662] Processed net hash/ofifo0_req_r1_reg_6.  Did not re-place instance hash/in1_butt[12]_i_2
INFO: [Physopt 32-662] Processed net hash/samp2_q[2]_i_6_0[2].  Did not re-place instance hash/samp2_q[2]_i_1
INFO: [Physopt 32-662] Processed net ntt/samp2_q[2].  Did not re-place instance ntt/samp2_q_reg[2]
INFO: [Physopt 32-663] Processed net hash/samp0_q[2]_i_8_n_0_repN_1.  Re-placed instance hash/samp0_q[2]_i_8_replica_1
INFO: [Physopt 32-662] Processed net hash/samp0_q[2]_i_2_n_0.  Did not re-place instance hash/samp0_q[2]_i_2
INFO: [Physopt 32-662] Processed net hash/samp1_q[2]_i_3_n_0.  Did not re-place instance hash/samp1_q[2]_i_3
INFO: [Physopt 32-662] Processed net hash/samp1_q[1]_i_4_n_0.  Did not re-place instance hash/samp1_q[1]_i_4
INFO: [Physopt 32-662] Processed net hash/samp1_q[2]_i_7_0[0].  Did not re-place instance hash/samp1_q[0]_i_1
INFO: [Physopt 32-662] Processed net ntt/samp1_q[0].  Did not re-place instance ntt/samp1_q_reg[0]
INFO: [Physopt 32-662] Processed net hash/ofifo0_req_r1_reg_13.  Did not re-place instance hash/in1_butt[20]_i_2
INFO: [Physopt 32-662] Processed net hash/samp1_q[2]_i_6_0.  Did not re-place instance hash/samp1_q[11]_i_1
INFO: [Physopt 32-662] Processed net ntt/samp1_q[11].  Did not re-place instance ntt/samp1_q_reg[11]
INFO: [Physopt 32-662] Processed net hash/samp3_q[2]_i_6_n_0.  Did not re-place instance hash/samp3_q[2]_i_6
INFO: [Physopt 32-662] Processed net hash/ofifo0_req_r1_reg_11.  Did not re-place instance hash/in1_butt[22]_i_2
INFO: [Physopt 32-662] Processed net hash/samp3_q[1]_i_6_n_0_repN_1.  Did not re-place instance hash/samp3_q[1]_i_6_replica_1
INFO: [Physopt 32-662] Processed net hash/ofifo0_req_r1_reg_14.  Did not re-place instance hash/in1_butt[10]_i_2
INFO: [Physopt 32-662] Processed net hash/ofifo0_req_r1_reg_9_repN_2.  Did not re-place instance hash/in1_butt[13]_i_2_replica_2
INFO: [Physopt 32-662] Processed net hash/ofifo0_req_r1_reg_12.  Did not re-place instance hash/in1_butt[23]_i_2
INFO: [Physopt 32-662] Processed net hash/samp3_q[1]_i_5_n_0.  Did not re-place instance hash/samp3_q[1]_i_5
INFO: [Physopt 32-662] Processed net hash/samp1_q[2]_i_5_n_0.  Did not re-place instance hash/samp1_q[2]_i_5
INFO: [Physopt 32-662] Processed net hash/samp1_q[1]_i_5_n_0.  Did not re-place instance hash/samp1_q[1]_i_5
INFO: [Physopt 32-662] Processed net hash/ofifo0_req_r1_reg_21.  Did not re-place instance hash/in1_butt[6]_i_2
INFO: [Physopt 32-662] Processed net hash/samp1_q[2]_i_4_n_0.  Did not re-place instance hash/samp1_q[2]_i_4
INFO: [Physopt 32-662] Processed net hash/samp1_q[1]_i_6_n_0.  Did not re-place instance hash/samp1_q[1]_i_6
INFO: [Physopt 32-662] Processed net hash/samp1_q[2]_i_6_n_0.  Did not re-place instance hash/samp1_q[2]_i_6
INFO: [Physopt 32-662] Processed net hash/ofifo0_req_r1_reg_16.  Did not re-place instance hash/in1_butt[11]_i_2
INFO: [Physopt 32-662] Processed net ntt/in1_butt_reg_n_0_[9].  Did not re-place instance ntt/in1_butt_reg[9]
INFO: [Physopt 32-662] Processed net ntt/BU/sum_in1__0_carry__1_i_3_n_0.  Did not re-place instance ntt/BU/sum_in1__0_carry__1_i_3
INFO: [Physopt 32-662] Processed net ntt/BU/sum_in1_q_carry_i_1_n_0.  Did not re-place instance ntt/BU/sum_in1_q_carry_i_1
INFO: [Physopt 32-662] Processed net ntt/BU/sum_in1_reg[11]_i_1_n_0.  Did not re-place instance ntt/BU/sum_in1_reg[11]_i_1
INFO: [Physopt 32-662] Processed net ntt/BU/sum_in1_reg[11].  Did not re-place instance ntt/BU/sum_in1_reg_reg[11]
INFO: [Physopt 32-662] Processed net hash/samp2_q[2]_i_2_n_0.  Did not re-place instance hash/samp2_q[2]_i_2
INFO: [Physopt 32-662] Processed net hash/ofifo0_req_r1_reg_17.  Did not re-place instance hash/in1_butt[16]_i_2
INFO: [Physopt 32-662] Processed net hash/samp2_q[2]_i_6_0[1].  Did not re-place instance hash/samp2_q[1]_i_1
INFO: [Physopt 32-662] Processed net ntt/samp2_q[1].  Did not re-place instance ntt/samp2_q_reg[1]
INFO: [Physopt 32-662] Processed net hash/ofifo0_req_r1_reg_2.  Did not re-place instance hash/in1_butt[1]_i_2
INFO: [Physopt 32-663] Processed net hash/ofifo0_req_r1_reg_22.  Re-placed instance hash/in1_butt[0]_i_2
INFO: [Physopt 32-662] Processed net ntt/ctrl_butt[2]_repN.  Did not re-place instance ntt/ctrl_butt_reg[2]_replica
INFO: [Physopt 32-662] Processed net ntt/BU/sum_in1__0_carry_i_3_n_0.  Did not re-place instance ntt/BU/sum_in1__0_carry_i_3
INFO: [Physopt 32-662] Processed net hash/samp3_q[2]_i_4_n_0.  Did not re-place instance hash/samp3_q[2]_i_4
INFO: [Physopt 32-662] Processed net hash/fifo0_i_137_n_0.  Did not re-place instance hash/fifo0_i_137
INFO: [Physopt 32-662] Processed net hash/fifo0_i_73_n_0.  Did not re-place instance hash/fifo0_i_73
INFO: [Physopt 32-662] Processed net hash/ififo_din[17].  Did not re-place instance hash/fifo0_i_17
INFO: [Physopt 32-662] Processed net hash/fifo0_i_134_n_0.  Did not re-place instance hash/fifo0_i_134
INFO: [Physopt 32-662] Processed net hash/fifo0_i_65_n_0.  Did not re-place instance hash/fifo0_i_65
INFO: [Physopt 32-662] Processed net hash/ififo_din[20].  Did not re-place instance hash/fifo0_i_14
INFO: [Physopt 32-663] Processed net ntt/in0_butt_reg_n_0_[16].  Re-placed instance ntt/in0_butt_reg[16]
INFO: [Physopt 32-662] Processed net ntt/BU/sum_in1__0_carry__0_i_3_n_0.  Did not re-place instance ntt/BU/sum_in1__0_carry__0_i_3
INFO: [Physopt 32-662] Processed net ntt/BU/sum_in1__0_carry__1_i_7_n_0.  Did not re-place instance ntt/BU/sum_in1__0_carry__1_i_7
INFO: [Physopt 32-662] Processed net ntt/BU/sum_in1__0_carry__1_i_9_n_0.  Did not re-place instance ntt/BU/sum_in1__0_carry__1_i_9
INFO: [Physopt 32-662] Processed net hash/hash/RoundFunction/T/TMP1[1082].  Did not re-place instance hash/hash/RoundFunction/T/Q_buf[551]_i_2
INFO: [Physopt 32-662] Processed net hash/hash/RoundFunction/T/p_6_in[57].  Did not re-place instance hash/hash/RoundFunction/T/Q_buf[1596]_i_10
INFO: [Physopt 32-663] Processed net hash/hash/RoundFunction/Reg/Q[1145].  Re-placed instance hash/hash/RoundFunction/Reg/Q_buf_reg[1145]
INFO: [Physopt 32-663] Processed net hash/hash/RoundFunction/Reg/p_2_in_0[487].  Re-placed instance hash/hash/RoundFunction/Reg/Q_buf[487]_i_1
INFO: [Physopt 32-662] Processed net hash/hash/RoundFunction/Reg/Q[487].  Did not re-place instance hash/hash/RoundFunction/Reg/Q_buf_reg[487]
INFO: [Physopt 32-663] Processed net hash/hash/RoundFunction/T/TMP1[1084].  Re-placed instance hash/hash/RoundFunction/T/Q_buf[553]_i_2
INFO: [Physopt 32-662] Processed net hash/hash/RoundFunction/T/p_6_in[59].  Did not re-place instance hash/hash/RoundFunction/T/Q_buf[1598]_i_10
INFO: [Physopt 32-663] Processed net hash/hash/RoundFunction/Reg/Q[1147].  Re-placed instance hash/hash/RoundFunction/Reg/Q_buf_reg[1147]
INFO: [Physopt 32-662] Processed net hash/fifo0_i_54_n_0.  Did not re-place instance hash/fifo0_i_54
INFO: [Physopt 32-663] Processed net hash/hash/RoundFunction/Reg/p_2_in_0[489].  Re-placed instance hash/hash/RoundFunction/Reg/Q_buf[489]_i_1
INFO: [Physopt 32-662] Processed net hash/hash/RoundFunction/Reg/Q[489].  Did not re-place instance hash/hash/RoundFunction/Reg/Q_buf_reg[489]
INFO: [Physopt 32-662] Processed net hash/fifo0_i_138_n_0.  Did not re-place instance hash/fifo0_i_138
INFO: [Physopt 32-662] Processed net hash/fifo0_i_75_n_0.  Did not re-place instance hash/fifo0_i_75
INFO: [Physopt 32-662] Processed net hash/ififo_din[16].  Did not re-place instance hash/fifo0_i_18
INFO: [Physopt 32-662] Processed net hash/fifo0_i_136_n_0.  Did not re-place instance hash/fifo0_i_136
INFO: [Physopt 32-662] Processed net hash/fifo0_i_71_n_0.  Did not re-place instance hash/fifo0_i_71
INFO: [Physopt 32-662] Processed net hash/ififo_din[18].  Did not re-place instance hash/fifo0_i_16
INFO: [Physopt 32-662] Processed net hash/ofifo0_req_r1_reg.  Did not re-place instance hash/in1_butt[2]_i_2
INFO: [Physopt 32-663] Processed net hash/hash/RoundFunction/Reg/Din_mux[25].  Re-placed instance hash/hash/RoundFunction/Reg/Q_buf[1593]_i_2
INFO: [Physopt 32-662] Processed net hash/hash/RoundFunction/Reg/p_2_in_0[1593].  Did not re-place instance hash/hash/RoundFunction/Reg/Q_buf[1593]_i_1
INFO: [Physopt 32-662] Processed net hash/hash/RoundFunction/Reg/Q[1593].  Did not re-place instance hash/hash/RoundFunction/Reg/Q_buf_reg[1593]
INFO: [Physopt 32-663] Processed net ntt/BU/sum_in0__0_carry__1_i_4_n_0.  Re-placed instance ntt/BU/sum_in0__0_carry__1_i_4
INFO: [Physopt 32-663] Processed net ntt/in0_butt_reg_n_0_[7].  Re-placed instance ntt/in0_butt_reg[7]
INFO: [Physopt 32-662] Processed net ntt/BU/sum_in0__0_carry__1_i_8_n_0.  Did not re-place instance ntt/BU/sum_in0__0_carry__1_i_8
INFO: [Physopt 32-662] Processed net ntt/BU/sum_in0_q_carry_i_2_n_0.  Did not re-place instance ntt/BU/sum_in0_q_carry_i_2
INFO: [Physopt 32-662] Processed net ntt/BU/sum_in0_reg[9]_i_1_n_0.  Did not re-place instance ntt/BU/sum_in0_reg[9]_i_1
INFO: [Physopt 32-662] Processed net ntt/BU/sum_in0_reg[9].  Did not re-place instance ntt/BU/sum_in0_reg_reg[9]
INFO: [Physopt 32-663] Processed net hash/hash/RoundFunction/T/TMP1[1469].  Re-placed instance hash/hash/RoundFunction/T/Q_buf[634]_i_4
INFO: [Physopt 32-662] Processed net hash/hash/RoundFunction/T/p_31_in[61].  Did not re-place instance hash/hash/RoundFunction/T/Q_buf[1595]_i_6
INFO: [Physopt 32-663] Processed net hash/hash/RoundFunction/Reg/Q[1212].  Re-placed instance hash/hash/RoundFunction/Reg/Q_buf_reg[1212]
INFO: [Physopt 32-662] Processed net hash/hash/RoundFunction/Reg/p_2_in_0[570].  Did not re-place instance hash/hash/RoundFunction/Reg/Q_buf[570]_i_1
INFO: [Physopt 32-662] Processed net hash/hash/RoundFunction/Reg/Q[570].  Did not re-place instance hash/hash/RoundFunction/Reg/Q_buf_reg[570]
INFO: [Physopt 32-662] Processed net ntt/BU/sum_in1__0_carry_i_7_n_0.  Did not re-place instance ntt/BU/sum_in1__0_carry_i_7
INFO: [Physopt 32-662] Processed net ntt/BU/sum_in1__0_carry__0_i_7_n_0.  Did not re-place instance ntt/BU/sum_in1__0_carry__0_i_7
INFO: [Physopt 32-663] Processed net hash/hash/RoundFunction/Reg/Din_mux[21].  Re-placed instance hash/hash/RoundFunction/Reg/Q_buf[1589]_i_2
INFO: [Physopt 32-662] Processed net hash/hash/RoundFunction/Reg/p_2_in_0[1589].  Did not re-place instance hash/hash/RoundFunction/Reg/Q_buf[1589]_i_1
INFO: [Physopt 32-662] Processed net hash/hash/RoundFunction/Reg/Q[1589].  Did not re-place instance hash/hash/RoundFunction/Reg/Q_buf_reg[1589]
INFO: [Physopt 32-662] Processed net hash/fifo0_i_135_n_0.  Did not re-place instance hash/fifo0_i_135
INFO: [Physopt 32-662] Processed net hash/fifo0_i_69_n_0.  Did not re-place instance hash/fifo0_i_69
INFO: [Physopt 32-662] Processed net hash/ififo_din[19].  Did not re-place instance hash/fifo0_i_15
INFO: [Physopt 32-662] Processed net hash/ofifo0_req_r1_reg_15.  Did not re-place instance hash/in1_butt[8]_i_2
INFO: [Physopt 32-662] Processed net hash/hash/FSM/FSM_sequential_STATE_reg[0]_2[0].  Did not re-place instance hash/hash/FSM/Q_buf[1599]_i_2
INFO: [Physopt 32-663] Processed net state[2].  Re-placed instance state_reg[2]
INFO: [Physopt 32-662] Processed net hash/hash/RoundFunction/Reg/state_reg[4].  Did not re-place instance hash/hash/RoundFunction/Reg/extend_r1_i_1
INFO: [Physopt 32-663] Processed net hash/hash/RoundFunction/T/TMP1[1052].  Re-placed instance hash/hash/RoundFunction/T/Q_buf[521]_i_2
INFO: [Physopt 32-662] Processed net ntt/in1_butt_reg_n_0_[21].  Did not re-place instance ntt/in1_butt_reg[21]
INFO: [Physopt 32-662] Processed net hash/hash/RoundFunction/Reg/pad_flag_reg_repN.  Did not re-place instance hash/hash/RoundFunction/Reg/squeeze_ctr[5]_i_2_replica
INFO: [Physopt 32-663] Processed net hash/hash/RoundFunction/T/p_6_in[27].  Re-placed instance hash/hash/RoundFunction/T/Q_buf[1566]_i_8
INFO: [Physopt 32-663] Processed net hash/hash/RoundFunction/Reg/Q[1115].  Re-placed instance hash/hash/RoundFunction/Reg/Q_buf_reg[1115]
INFO: [Physopt 32-663] Processed net hash/hash/RoundFunction/Reg/state_reg[2].  Re-placed instance hash/hash/RoundFunction/Reg/extend_r1_i_2
INFO: [Physopt 32-663] Processed net hash/hash/RoundFunction/Reg/p_2_in_0[457].  Re-placed instance hash/hash/RoundFunction/Reg/Q_buf[457]_i_1
INFO: [Physopt 32-663] Processed net hash/hash/RoundFunction/Reg/Q[442].  Re-placed instance hash/hash/RoundFunction/Reg/Q_buf_reg[442]
INFO: [Physopt 32-663] Processed net hash/hash/RoundFunction/Reg/Q[457].  Re-placed instance hash/hash/RoundFunction/Reg/Q_buf_reg[457]
INFO: [Physopt 32-662] Processed net ntt/rdata_RAM_mux0[7].  Did not re-place instance ntt/rdata_RAM_mux0_r1[7]_i_1
INFO: [Physopt 32-662] Processed net ntt/in1_butt_reg_n_0_[7].  Did not re-place instance ntt/in1_butt_reg[7]
INFO: [Physopt 32-662] Processed net ntt/in1_butt[7].  Did not re-place instance ntt/in1_butt[7]_i_1
INFO: [Physopt 32-663] Processed net ntt/rdata_RAM_mux0_r1[7]_i_2_n_0.  Re-placed instance ntt/rdata_RAM_mux0_r1[7]_i_2
INFO: [Physopt 32-663] Processed net ntt/in0_butt_reg_n_0_[0].  Re-placed instance ntt/in0_butt_reg[0]
INFO: [Physopt 32-662] Processed net ntt/BU/sum_in0__0_carry_i_3_n_0.  Did not re-place instance ntt/BU/sum_in0__0_carry_i_3
INFO: [Physopt 32-662] Processed net ntt/BU/sum_in0__0_carry_i_7_n_0.  Did not re-place instance ntt/BU/sum_in0__0_carry_i_7
INFO: [Physopt 32-662] Processed net ntt/BU/sum_in0_reg[11]_i_1_n_0.  Did not re-place instance ntt/BU/sum_in0_reg[11]_i_1
INFO: [Physopt 32-662] Processed net hash/hash/RoundFunction/Reg/Q[165].  Did not re-place instance hash/hash/RoundFunction/Reg/Q_buf_reg[165]
INFO: [Physopt 32-663] Processed net hash/hash/RoundFunction/Reg/Q[229].  Re-placed instance hash/hash/RoundFunction/Reg/Q_buf_reg[229]
INFO: [Physopt 32-663] Processed net hash/hash/RoundFunction/Reg/Q[293].  Re-placed instance hash/hash/RoundFunction/Reg/Q_buf_reg[293]
INFO: [Physopt 32-663] Processed net hash/hash/RoundFunction/Reg/Q[37].  Re-placed instance hash/hash/RoundFunction/Reg/Q_buf_reg[37]
INFO: [Physopt 32-662] Processed net ntt/BU/sum_in0_reg[11].  Did not re-place instance ntt/BU/sum_in0_reg_reg[11]
INFO: [Physopt 32-662] Processed net hash/samp0_q[2]_i_4_n_0.  Did not re-place instance hash/samp0_q[2]_i_4
INFO: [Physopt 32-662] Processed net ntt/ctrl_butt[1]_repN.  Did not re-place instance ntt/ctrl_butt_reg[1]_replica
INFO: [Physopt 32-663] Processed net ntt/BU/sum_in0__0_carry__0_i_3_n_0.  Re-placed instance ntt/BU/sum_in0__0_carry__0_i_3
INFO: [Common 17-14] Message 'Physopt 32-663' appears 100 times and further instances of the messages will be disabled. Use the Tcl command set_msg_config to change the current settings.
INFO: [Physopt 32-662] Processed net hash/ififo_req.  Did not re-place instance hash/fifo0_i_36
INFO: [Physopt 32-662] Processed net hash/fifo0/U0/inst_fifo_gen/gconvfifo.rf/grf.rf/gntv_or_sync_fifo.gl0.rd/rpntr/ram_full_fb_i_reg.  Did not re-place instance hash/fifo0/U0/inst_fifo_gen/gconvfifo.rf/grf.rf/gntv_or_sync_fifo.gl0.rd/rpntr/ram_full_fb_i_i_1
INFO: [Physopt 32-662] Processed net hash/fifo0/U0/inst_fifo_gen/gconvfifo.rf/grf.rf/gntv_or_sync_fifo.gl0.rd/grss.rsts/E[0].  Did not re-place instance hash/fifo0/U0/inst_fifo_gen/gconvfifo.rf/grf.rf/gntv_or_sync_fifo.gl0.rd/grss.rsts/gc0.count_d1[7]_i_1
INFO: [Physopt 32-662] Processed net hash/ofifo0_req_r1_reg_0.  Did not re-place instance hash/in1_butt[5]_i_2
INFO: [Physopt 32-662] Processed net hash/hash/RoundFunction/T/p_29_in[45].  Did not re-place instance hash/hash/RoundFunction/T/Q_buf[1578]_i_7
INFO: [Physopt 32-662] Processed net hash/hash/RoundFunction/Reg/p_2_in_0[1578].  Did not re-place instance hash/hash/RoundFunction/Reg/Q_buf[1578]_i_1
INFO: [Physopt 32-662] Processed net hash/hash/RoundFunction/Reg/Q[1578].  Did not re-place instance hash/hash/RoundFunction/Reg/Q_buf_reg[1578]
INFO: [Physopt 32-662] Processed net hash/fifo0_i_84_n_0.  Did not re-place instance hash/fifo0_i_84
INFO: [Physopt 32-662] Processed net hash/hash/RoundFunction/Reg/p_2_in_0[1430].  Did not re-place instance hash/hash/RoundFunction/Reg/Q_buf[1430]_i_1
INFO: [Physopt 32-662] Processed net hash/hash/RoundFunction/Reg/Q[1430].  Did not re-place instance hash/hash/RoundFunction/Reg/Q_buf_reg[1430]
INFO: [Physopt 32-662] Processed net hash/fifo0_i_46_n_0.  Did not re-place instance hash/fifo0_i_46
INFO: [Physopt 32-662] Processed net hash/fifo0_i_52_n_0.  Did not re-place instance hash/fifo0_i_52
INFO: [Physopt 32-662] Processed net ntt/rdata_RAM_mux0[21].  Did not re-place instance ntt/rdata_RAM_mux0_r1[21]_i_1
INFO: [Physopt 32-662] Processed net ntt/in1_butt[21].  Did not re-place instance ntt/in1_butt[21]_i_1
INFO: [Physopt 32-662] Processed net ntt/BU/sum_in0__0_carry__0_i_7_n_0.  Did not re-place instance ntt/BU/sum_in0__0_carry__0_i_7
INFO: [Physopt 32-662] Processed net hash/samp1_q[2]_i_7_0[1].  Did not re-place instance hash/samp1_q[1]_i_1
INFO: [Physopt 32-662] Processed net ntt/samp1_q[1].  Did not re-place instance ntt/samp1_q_reg[1]
INFO: [Physopt 32-662] Processed net hash/samp1_q[1]_i_2_n_0.  Did not re-place instance hash/samp1_q[1]_i_2
INFO: [Physopt 32-662] Processed net hash/samp3_q[1]_i_2_n_0.  Did not re-place instance hash/samp3_q[1]_i_2
INFO: [Physopt 32-662] Processed net ntt/in1_butt_reg_n_0_[4].  Did not re-place instance ntt/in1_butt_reg[4]
INFO: [Physopt 32-662] Processed net ntt/rdata_RAM_mux0_r1[7].  Did not re-place instance ntt/rdata_RAM_mux0_r1_reg[7]
INFO: [Physopt 32-662] Processed net ntt/BU/sum_in0_reg[7]_i_1_n_0.  Did not re-place instance ntt/BU/sum_in0_reg[7]_i_1
INFO: [Physopt 32-662] Processed net ntt/BU/sum_in0_reg[7].  Did not re-place instance ntt/BU/sum_in0_reg_reg[7]
INFO: [Physopt 32-662] Processed net hash/hash/RoundFunction/Reg/Q[1467].  Did not re-place instance hash/hash/RoundFunction/Reg/Q_buf_reg[1467]
INFO: [Physopt 32-662] Processed net ntt/BU/sum_in0__0_carry__1_i_3_n_0.  Did not re-place instance ntt/BU/sum_in0__0_carry__1_i_3
INFO: [Physopt 32-662] Processed net hash/hash/RoundFunction/Reg/p_2_in_0[1494].  Did not re-place instance hash/hash/RoundFunction/Reg/Q_buf[1494]_i_1
INFO: [Physopt 32-662] Processed net hash/fifo0_i_82_n_0.  Did not re-place instance hash/fifo0_i_82
INFO: [Physopt 32-662] Processed net state[0].  Did not re-place instance state_reg[0]
INFO: [Physopt 32-662] Processed net hash/hash/RoundFunction/Reg/extend_r1_i_3_n_0.  Did not re-place instance hash/hash/RoundFunction/Reg/extend_r1_i_3
INFO: [Physopt 32-662] Processed net hash/hash/RoundFunction/Reg/extend_r1_i_4_n_0.  Did not re-place instance hash/hash/RoundFunction/Reg/extend_r1_i_4
INFO: [Physopt 32-662] Processed net ntt/BU/sum_in1_reg[7]_i_1_n_0.  Did not re-place instance ntt/BU/sum_in1_reg[7]_i_1
INFO: [Physopt 32-662] Processed net hash/hash/RoundFunction/Reg/Q[983].  Did not re-place instance hash/hash/RoundFunction/Reg/Q_buf_reg[983]
INFO: [Physopt 32-662] Processed net ntt/BU/sum_in1_reg[7].  Did not re-place instance ntt/BU/sum_in1_reg_reg[7]
INFO: [Physopt 32-662] Processed net ntt/ctr_j[5]_i_4_n_0.  Did not re-place instance ntt/ctr_j[5]_i_4
INFO: [Physopt 32-662] Processed net ntt/ctr_i[6]_i_5_n_0.  Did not re-place instance ntt/ctr_i[6]_i_5
INFO: [Physopt 32-662] Processed net ntt/ctr_i[6]_i_3_n_0.  Did not re-place instance ntt/ctr_i[6]_i_3
INFO: [Physopt 32-662] Processed net ntt/ctr_j[5]_i_8_n_0.  Did not re-place instance ntt/ctr_j[5]_i_8
INFO: [Physopt 32-662] Processed net ntt/ctrl_butt[0].  Did not re-place instance ntt/ctrl_butt_reg[0]
INFO: [Physopt 32-662] Processed net hash/fifo0/U0/inst_fifo_gen/gconvfifo.rf/grf.rf/gntv_or_sync_fifo.gl0.rd/grss.rsts/enb.  Did not re-place instance hash/fifo0/U0/inst_fifo_gen/gconvfifo.rf/grf.rf/gntv_or_sync_fifo.gl0.rd/grss.rsts/gbm.gbmg.gbmga.ngecc.bmg_i_2
INFO: [Physopt 32-662] Processed net hash/hash/RoundFunction/T/p_32_in[16].  Did not re-place instance hash/hash/RoundFunction/T/Q_buf[1543]_i_7
INFO: [Physopt 32-662] Processed net hash/hash/RoundFunction/Reg/p_2_in_0[556].  Did not re-place instance hash/hash/RoundFunction/Reg/Q_buf[556]_i_1
INFO: [Physopt 32-662] Processed net hash/hash/RoundFunction/Reg/Q[556].  Did not re-place instance hash/hash/RoundFunction/Reg/Q_buf_reg[556]
INFO: [Physopt 32-662] Processed net ntt/BU/sum_in0__0_carry__0_i_4_n_0.  Did not re-place instance ntt/BU/sum_in0__0_carry__0_i_4
INFO: [Physopt 32-662] Processed net ntt/BU/sum_in0__0_carry__0_i_8_n_0.  Did not re-place instance ntt/BU/sum_in0__0_carry__0_i_8
INFO: [Physopt 32-662] Processed net ntt/BU/sum_in0_reg[5]_i_1_n_0.  Did not re-place instance ntt/BU/sum_in0_reg[5]_i_1
INFO: [Physopt 32-661] Optimized 53 nets.  Re-placed 53 instances.
INFO: [Physopt 32-775] End 1 Pass. Optimized 53 nets or cells. Created 0 new cell, deleted 0 existing cell and moved 53 existing cells
INFO: [Physopt 32-619] Estimated Timing Summary | WNS=-0.246 | TNS=-2.941 |
Netlist sorting complete. Time (s): cpu = 00:00:00 ; elapsed = 00:00:00.003 . Memory (MB): peak = 2239.238 ; gain = 0.000
Phase 29 Single Cell Placement Optimization | Checksum: 137a4a7ea

Time (s): cpu = 00:03:50 ; elapsed = 00:02:57 . Memory (MB): peak = 2239.238 ; gain = 0.000

Phase 30 Multi Cell Placement Optimization
INFO: [Physopt 32-660] Identified 100 candidate nets for placement-based optimization.
INFO: [Physopt 32-662] Processed net hash/samp3_q[2]_i_5_n_0.  Did not re-place instance hash/samp3_q[2]_i_5/O
INFO: [Physopt 32-662] Processed net hash/ofifo0_req_r1_reg_9_repN_1.  Did not re-place instance hash/in1_butt[13]_i_2_replica_1/O
INFO: [Physopt 32-662] Processed net hash/samp3_q[2]_i_7_2.  Did not re-place instance hash/samp3_q[7]_i_1/O
INFO: [Physopt 32-662] Processed net hash/samp3_q[2]_i_2_n_0.  Did not re-place instance hash/samp3_q[2]_i_2/O
INFO: [Physopt 32-662] Processed net hash/ofifo0_req_r1_reg_7.  Did not re-place instance hash/in1_butt[18]_i_2/O
INFO: [Physopt 32-662] Processed net hash/samp3_q[1]_i_3_n_0.  Did not re-place instance hash/samp3_q[1]_i_3/O
INFO: [Physopt 32-662] Processed net hash/samp3_q[2]_i_7_1.  Did not re-place instance hash/samp3_q[8]_i_1/O
INFO: [Physopt 32-662] Processed net hash/samp3_q[2]_i_7_0[0].  Did not re-place instance hash/samp3_q[0]_i_1/O
INFO: [Physopt 32-662] Processed net hash/samp3_q[2]_i_7_0[2].  Did not re-place instance hash/samp3_q[2]_i_1/O
INFO: [Physopt 32-662] Processed net hash/samp3_q[2]_i_6_0.  Did not re-place instance hash/samp3_q[11]_i_1/O
INFO: [Physopt 32-662] Processed net hash/samp3_q[1]_i_3_n_0_repN.  Did not re-place instance hash/samp3_q[1]_i_3_replica/O
INFO: [Physopt 32-662] Processed net hash/ofifo0_req_r1_reg_6_repN.  Did not re-place instance hash/in1_butt[12]_i_2_replica/O
INFO: [Physopt 32-662] Processed net hash/ofifo0_req_r1_reg_8.  Did not re-place instance hash/in1_butt[19]_i_2/O
INFO: [Physopt 32-662] Processed net hash/samp2_q[2]_i_4_n_0.  Did not re-place instance hash/samp2_q[2]_i_4/O
INFO: [Physopt 32-662] Processed net hash/ofifo0_req_r1_reg_18_repN.  Did not re-place instance hash/in1_butt[9]_i_2_replica/O
INFO: [Physopt 32-662] Processed net hash/samp2_q[1]_i_4_n_0.  Did not re-place instance hash/samp2_q[1]_i_4/O
INFO: [Physopt 32-662] Processed net hash/samp2_q[2]_i_6_2.  Did not re-place instance hash/samp2_q[7]_i_1/O
INFO: [Physopt 32-662] Processed net hash/samp2_q[2]_i_6_1.  Did not re-place instance hash/samp2_q[8]_i_1/O
INFO: [Physopt 32-662] Processed net hash/ofifo0_req_r1_reg_9_repN.  Did not re-place instance hash/in1_butt[13]_i_2_replica/O
INFO: [Physopt 32-662] Processed net hash/samp1_q[2]_i_2_n_0.  Did not re-place instance hash/samp1_q[2]_i_2/O
INFO: [Physopt 32-662] Processed net hash/samp1_q[2]_i_7_n_0.  Did not re-place instance hash/samp1_q[2]_i_7/O
INFO: [Physopt 32-662] Processed net hash/samp1_q[2]_i_7_1.  Did not re-place instance hash/samp1_q[8]_i_1/O
INFO: [Physopt 32-662] Processed net hash/samp2_q[2]_i_5_n_0.  Did not re-place instance hash/samp2_q[2]_i_5/O
INFO: [Physopt 32-662] Processed net hash/samp2_q[2]_i_6_0[0].  Did not re-place instance hash/samp2_q[0]_i_1/O
INFO: [Physopt 32-662] Processed net hash/samp1_q[2]_i_7_2.  Did not re-place instance hash/samp1_q[7]_i_1/O
INFO: [Physopt 32-662] Processed net hash/samp2_q[2]_i_4_0.  Did not re-place instance hash/samp2_q[11]_i_1/O
INFO: [Physopt 32-662] Processed net hash/ofifo0_req_r1_reg_3.  Did not re-place instance hash/in1_butt[3]_i_2/O
INFO: [Physopt 32-662] Processed net hash/samp0_q[2]_i_3_n_0.  Did not re-place instance hash/samp0_q[2]_i_3/O
INFO: [Physopt 32-662] Processed net hash/samp0_q[1]_i_5_n_0.  Did not re-place instance hash/samp0_q[1]_i_5/O
INFO: [Physopt 32-662] Processed net hash/D[2].  Did not re-place instance hash/samp0_q[2]_i_1/O
INFO: [Physopt 32-662] Processed net hash/samp3_q[2]_i_7_n_0.  Did not re-place instance hash/samp3_q[2]_i_7/O
INFO: [Physopt 32-662] Processed net hash/samp0_q[2]_i_7_n_0.  Did not re-place instance hash/samp0_q[2]_i_7/O
INFO: [Physopt 32-662] Processed net hash/samp0_q[2]_i_5_n_0.  Did not re-place instance hash/samp0_q[2]_i_5/O
INFO: [Physopt 32-662] Processed net hash/D[0].  Did not re-place instance hash/samp0_q[0]_i_1/O
INFO: [Physopt 32-662] Processed net hash/ofifo0_req_r1_reg_1_repN.  Did not re-place instance hash/in1_butt[4]_i_2_replica/O
INFO: [Physopt 32-662] Processed net hash/samp0_q[1]_i_6_n_0.  Did not re-place instance hash/samp0_q[1]_i_6/O
INFO: [Physopt 32-662] Processed net hash/samp0_q[2]_i_7_1.  Did not re-place instance hash/samp0_q[7]_i_1/O
INFO: [Physopt 32-662] Processed net hash/p_1_in0.  Did not re-place instance hash/samp0_q[11]_i_1/O
INFO: [Physopt 32-662] Processed net hash/samp1_q[2]_i_7_0[2].  Did not re-place instance hash/samp1_q[2]_i_1/O
INFO: [Physopt 32-662] Processed net hash/samp0_q[2]_i_7_0.  Did not re-place instance hash/samp0_q[8]_i_1/O
INFO: [Physopt 32-662] Processed net hash/samp0_q[2]_i_6_n_0.  Did not re-place instance hash/samp0_q[2]_i_6/O
INFO: [Physopt 32-662] Processed net hash/samp0_q[1]_i_4_n_0.  Did not re-place instance hash/samp0_q[1]_i_4/O
INFO: [Physopt 32-662] Processed net hash/samp2_q[2]_i_3_n_0.  Did not re-place instance hash/samp2_q[2]_i_3/O
INFO: [Physopt 32-662] Processed net hash/ofifo0_req_r1_reg_6.  Did not re-place instance hash/in1_butt[12]_i_2/O
INFO: [Physopt 32-662] Processed net hash/samp2_q[2]_i_6_0[2].  Did not re-place instance hash/samp2_q[2]_i_1/O
INFO: [Physopt 32-662] Processed net hash/samp0_q[2]_i_2_n_0.  Did not re-place instance hash/samp0_q[2]_i_2/O
INFO: [Physopt 32-662] Processed net hash/ofifo0_req_r1_reg_4.  Did not re-place instance hash/in1_butt[14]_i_2/O
INFO: [Physopt 32-662] Processed net hash/samp3_q[2]_i_6_n_0.  Did not re-place instance hash/samp3_q[2]_i_6/O
INFO: [Physopt 32-662] Processed net hash/ofifo0_req_r1_reg_11.  Did not re-place instance hash/in1_butt[22]_i_2/O
INFO: [Physopt 32-662] Processed net hash/samp3_q[1]_i_6_n_0_repN_1.  Did not re-place instance hash/samp3_q[1]_i_6_replica_1/O
INFO: [Physopt 32-662] Processed net hash/ofifo0_req_r1_reg_10.  Did not re-place instance hash/in1_butt[15]_i_2/O
INFO: [Physopt 32-662] Processed net hash/samp0_q[2]_i_8_n_0_repN_1.  Did not re-place instance hash/samp0_q[2]_i_8_replica_1/O
INFO: [Physopt 32-662] Processed net hash/samp1_q[2]_i_3_n_0.  Did not re-place instance hash/samp1_q[2]_i_3/O
INFO: [Physopt 32-662] Processed net hash/ofifo0_req_r1_reg_14.  Did not re-place instance hash/in1_butt[10]_i_2/O
INFO: [Physopt 32-662] Processed net hash/samp1_q[1]_i_4_n_0.  Did not re-place instance hash/samp1_q[1]_i_4/O
INFO: [Physopt 32-662] Processed net hash/samp1_q[2]_i_7_0[0].  Did not re-place instance hash/samp1_q[0]_i_1/O
INFO: [Physopt 32-662] Processed net hash/samp1_q[2]_i_6_0.  Did not re-place instance hash/samp1_q[11]_i_1/O
INFO: [Physopt 32-662] Processed net hash/ofifo0_req_r1_reg_12.  Did not re-place instance hash/in1_butt[23]_i_2/O
INFO: [Physopt 32-662] Processed net hash/samp3_q[1]_i_5_n_0.  Did not re-place instance hash/samp3_q[1]_i_5/O
INFO: [Physopt 32-662] Processed net hash/samp3_q[1]_i_6_n_0.  Did not re-place instance hash/samp3_q[1]_i_6/O
INFO: [Physopt 32-662] Processed net hash/samp1_q[2]_i_5_n_0.  Did not re-place instance hash/samp1_q[2]_i_5/O
INFO: [Physopt 32-662] Processed net hash/samp1_q[1]_i_5_n_0.  Did not re-place instance hash/samp1_q[1]_i_5/O
INFO: [Physopt 32-662] Processed net hash/ofifo0_req_r1_reg_21.  Did not re-place instance hash/in1_butt[6]_i_2/O
INFO: [Physopt 32-662] Processed net hash/samp0_q[2]_i_8_n_0_repN.  Did not re-place instance hash/samp0_q[2]_i_8_replica/O
INFO: [Physopt 32-662] Processed net hash/samp3_q[1]_i_4_n_0.  Did not re-place instance hash/samp3_q[1]_i_4/O
INFO: [Physopt 32-661] Optimized 2 nets.  Re-placed 4 instances.
INFO: [Physopt 32-775] End 1 Pass. Optimized 2 nets or cells. Created 0 new cell, deleted 0 existing cell and moved 4 existing cells
INFO: [Physopt 32-619] Estimated Timing Summary | WNS=-0.245 | TNS=-2.936 |
Netlist sorting complete. Time (s): cpu = 00:00:00 ; elapsed = 00:00:00.003 . Memory (MB): peak = 2239.238 ; gain = 0.000
Phase 30 Multi Cell Placement Optimization | Checksum: 193741b80

Time (s): cpu = 00:04:19 ; elapsed = 00:03:17 . Memory (MB): peak = 2239.238 ; gain = 0.000

Phase 31 SLR Crossing Optimization
Phase 31 SLR Crossing Optimization | Checksum: 193741b80

Time (s): cpu = 00:04:19 ; elapsed = 00:03:17 . Memory (MB): peak = 2239.238 ; gain = 0.000

Phase 32 Critical Path Optimization
INFO: [Physopt 32-619] Estimated Timing Summary | WNS=-0.245 | TNS=-2.936 |
INFO: [Physopt 32-702] Processed net ntt/samp3_q[8]. Optimizations did not improve timing on the net.
INFO: [Physopt 32-702] Processed net DFIFO/U0/inst_fifo_gen/gconvfifo.rf/grf.rf/gntv_or_sync_fifo.mem/gbm.gbmg.gbmga.ngecc.bmg/inst_blk_mem_gen/gnbram.gnativebmg.native_blk_mem_gen/valid.cstr/ramloop[0].ram.r/prim_noinit.ram/doutb[18]. Optimizations did not improve timing on the net.
INFO: [Physopt 32-702] Processed net hash/samp3_q[2]_i_2_n_0. Optimizations did not improve timing on the net.
INFO: [Physopt 32-710] Processed net hash/samp3_q[2]_i_2_n_0. Critical path length was reduced through logic transformation on cell hash/samp3_q[2]_i_2_comp.
INFO: [Physopt 32-735] Processed net hash/samp3_q[1]_i_3_n_0. Optimization improves timing on the net.
INFO: [Physopt 32-619] Estimated Timing Summary | WNS=-0.188 | TNS=-2.556 |
INFO: [Physopt 32-702] Processed net hash/fifo2/U0/inst_fifo_gen/gconvfifo.rf/grf.rf/gntv_or_sync_fifo.mem/gbm.gbmg.gbmga.ngecc.bmg/inst_blk_mem_gen/gnbram.gnativebmg.native_blk_mem_gen/valid.cstr/ramloop[0].ram.r/prim_noinit.ram/doutb[13]. Optimizations did not improve timing on the net.
INFO: [Physopt 32-702] Processed net hash/samp3_q[2]_i_5_n_0. Optimizations did not improve timing on the net.
INFO: [Physopt 32-710] Processed net hash/samp3_q[2]_i_5_n_0. Critical path length was reduced through logic transformation on cell hash/samp3_q[2]_i_5_comp.
INFO: [Physopt 32-735] Processed net hash/samp3_q[1]_i_2_n_0_repN. Optimization improves timing on the net.
INFO: [Physopt 32-619] Estimated Timing Summary | WNS=-0.176 | TNS=-2.532 |
INFO: [Physopt 32-702] Processed net ntt/samp2_q[7]. Optimizations did not improve timing on the net.
INFO: [Physopt 32-702] Processed net DFIFO/U0/inst_fifo_gen/gconvfifo.rf/grf.rf/gntv_or_sync_fifo.mem/gbm.gbmg.gbmga.ngecc.bmg/inst_blk_mem_gen/gnbram.gnativebmg.native_blk_mem_gen/valid.cstr/ramloop[0].ram.r/prim_noinit.ram/doutb[9]. Optimizations did not improve timing on the net.
INFO: [Physopt 32-608] Optimized 1 net.  Swapped 22 pins.
INFO: [Physopt 32-735] Processed net hash/samp2_q[2]_i_4_n_0. Optimization improves timing on the net.
INFO: [Physopt 32-619] Estimated Timing Summary | WNS=-0.170 | TNS=-2.336 |
INFO: [Physopt 32-702] Processed net DFIFO/U0/inst_fifo_gen/gconvfifo.rf/grf.rf/gntv_or_sync_fifo.mem/gbm.gbmg.gbmga.ngecc.bmg/inst_blk_mem_gen/gnbram.gnativebmg.native_blk_mem_gen/valid.cstr/ramloop[0].ram.r/prim_noinit.ram/doutb[12]. Optimizations did not improve timing on the net.
INFO: [Physopt 32-608] Optimized 1 net.  Swapped 28 pins.
INFO: [Physopt 32-735] Processed net hash/samp3_q[1]_i_3_n_0_repN. Optimization improves timing on the net.
INFO: [Physopt 32-619] Estimated Timing Summary | WNS=-0.161 | TNS=-2.320 |
INFO: [Physopt 32-608] Optimized 1 net.  Swapped 18 pins.
INFO: [Physopt 32-735] Processed net hash/samp3_q[1]_i_2_n_0_repN. Optimization improves timing on the net.
INFO: [Physopt 32-619] Estimated Timing Summary | WNS=-0.155 | TNS=-2.094 |
INFO: [Physopt 32-702] Processed net ntt/samp1_q[8]. Optimizations did not improve timing on the net.
INFO: [Physopt 32-702] Processed net hash/samp1_q[2]_i_7_n_0. Optimizations did not improve timing on the net.
INFO: [Physopt 32-571] Net hash/samp1_q[2]_i_2_n_0 was not replicated.
INFO: [Physopt 32-608] Optimized 1 net.  Swapped 21 pins.
INFO: [Physopt 32-735] Processed net hash/samp1_q[2]_i_2_n_0. Optimization improves timing on the net.
INFO: [Physopt 32-619] Estimated Timing Summary | WNS=-0.154 | TNS=-1.759 |
INFO: [Physopt 32-702] Processed net ntt/samp2_q[0]. Optimizations did not improve timing on the net.
INFO: [Physopt 32-608] Optimized 1 net.  Swapped 21 pins.
INFO: [Physopt 32-735] Processed net hash/samp2_q[2]_i_5_n_0. Optimization improves timing on the net.
INFO: [Physopt 32-619] Estimated Timing Summary | WNS=-0.143 | TNS=-1.581 |
INFO: [Physopt 32-702] Processed net hash/fifo2/U0/inst_fifo_gen/gconvfifo.rf/grf.rf/gntv_or_sync_fifo.mem/gbm.gbmg.gbmga.ngecc.bmg/inst_blk_mem_gen/gnbram.gnativebmg.native_blk_mem_gen/valid.cstr/ramloop[0].ram.r/prim_noinit.ram/doutb[24]. Optimizations did not improve timing on the net.
INFO: [Physopt 32-702] Processed net hash/samp3_q[1]_i_3_n_0_repN. Optimizations did not improve timing on the net.
INFO: [Physopt 32-608] Optimized 1 net.  Swapped 22 pins.
INFO: [Physopt 32-735] Processed net hash/samp0_q[2]_i_8_n_0_repN. Optimization improves timing on the net.
INFO: [Physopt 32-619] Estimated Timing Summary | WNS=-0.142 | TNS=-1.525 |
INFO: [Physopt 32-702] Processed net ntt/samp0_q[2]. Optimizations did not improve timing on the net.
INFO: [Physopt 32-702] Processed net hash/fifo2/U0/inst_fifo_gen/gconvfifo.rf/grf.rf/gntv_or_sync_fifo.mem/gbm.gbmg.gbmga.ngecc.bmg/inst_blk_mem_gen/gnbram.gnativebmg.native_blk_mem_gen/valid.cstr/ramloop[0].ram.r/prim_noinit.ram/doutb[3]. Optimizations did not improve timing on the net.
INFO: [Physopt 32-702] Processed net hash/samp0_q[2]_i_3_n_0. Optimizations did not improve timing on the net.
INFO: [Physopt 32-710] Processed net hash/samp0_q[2]_i_3_n_0. Critical path length was reduced through logic transformation on cell hash/samp0_q[2]_i_3_comp.
INFO: [Physopt 32-735] Processed net hash/samp0_q[1]_i_5_n_0. Optimization improves timing on the net.
INFO: [Physopt 32-619] Estimated Timing Summary | WNS=-0.124 | TNS=-1.483 |
INFO: [Physopt 32-702] Processed net hash/samp0_q[2]_i_7_n_0. Optimizations did not improve timing on the net.
INFO: [Physopt 32-702] Processed net hash/samp0_q[1]_i_5_n_0. Optimizations did not improve timing on the net.
INFO: [Physopt 32-710] Processed net hash/samp0_q[1]_i_5_n_0. Critical path length was reduced through logic transformation on cell hash/samp0_q[1]_i_5_comp_1.
INFO: [Physopt 32-735] Processed net hash/ofifo0_req_r1_reg_3. Optimization improves timing on the net.
INFO: [Physopt 32-619] Estimated Timing Summary | WNS=-0.123 | TNS=-1.282 |
INFO: [Physopt 32-735] Processed net hash/ofifo0_req_r1_reg_6_repN. Optimization improves timing on the net.
INFO: [Physopt 32-619] Estimated Timing Summary | WNS=-0.115 | TNS=-1.224 |
INFO: [Physopt 32-702] Processed net DFIFO/U0/inst_fifo_gen/gconvfifo.rf/grf.rf/gntv_or_sync_fifo.mem/gbm.gbmg.gbmga.ngecc.bmg/inst_blk_mem_gen/gnbram.gnativebmg.native_blk_mem_gen/valid.cstr/ramloop[0].ram.r/prim_noinit.ram/doutb[4]. Optimizations did not improve timing on the net.
INFO: [Physopt 32-571] Net hash/samp0_q[1]_i_6_n_0 was not replicated.
INFO: [Physopt 32-608] Optimized 1 net.  Swapped 23 pins.
INFO: [Physopt 32-735] Processed net hash/samp0_q[1]_i_6_n_0. Optimization improves timing on the net.
INFO: [Physopt 32-619] Estimated Timing Summary | WNS=-0.093 | TNS=-1.095 |
INFO: [Physopt 32-702] Processed net DFIFO/U0/inst_fifo_gen/gconvfifo.rf/grf.rf/gntv_or_sync_fifo.mem/gbm.gbmg.gbmga.ngecc.bmg/inst_blk_mem_gen/gnbram.gnativebmg.native_blk_mem_gen/valid.cstr/ramloop[0].ram.r/prim_noinit.ram/doutb[19]. Optimizations did not improve timing on the net.
INFO: [Physopt 32-608] Optimized 1 net.  Swapped 18 pins.
INFO: [Physopt 32-735] Processed net hash/samp3_q[1]_i_2_n_0_repN. Optimization improves timing on the net.
INFO: [Physopt 32-619] Estimated Timing Summary | WNS=-0.087 | TNS=-0.980 |
INFO: [Physopt 32-702] Processed net hash/samp0_q[2]_i_6_n_0. Optimizations did not improve timing on the net.
INFO: [Physopt 32-702] Processed net hash/samp0_q[1]_i_4_n_0. Optimizations did not improve timing on the net.
INFO: [Physopt 32-702] Processed net hash/ofifo0_req_r1_reg_1_repN. Optimizations did not improve timing on the net.
INFO: [Physopt 32-702] Processed net hash/D[2]. Optimizations did not improve timing on the net.
INFO: [Physopt 32-702] Processed net clk_IBUF. Optimizations did not improve timing on the net.
INFO: [Physopt 32-702] Processed net ntt/samp0_q[2]. Optimizations did not improve timing on the net.
INFO: [Physopt 32-702] Processed net DFIFO/U0/inst_fifo_gen/gconvfifo.rf/grf.rf/gntv_or_sync_fifo.mem/gbm.gbmg.gbmga.ngecc.bmg/inst_blk_mem_gen/gnbram.gnativebmg.native_blk_mem_gen/valid.cstr/ramloop[0].ram.r/prim_noinit.ram/doutb[4]. Optimizations did not improve timing on the net.
INFO: [Physopt 32-702] Processed net hash/samp0_q[2]_i_6_n_0. Optimizations did not improve timing on the net.
INFO: [Physopt 32-702] Processed net hash/samp0_q[1]_i_4_n_0. Optimizations did not improve timing on the net.
INFO: [Physopt 32-702] Processed net hash/ofifo0_req_r1_reg_1_repN. Optimizations did not improve timing on the net.
INFO: [Physopt 32-702] Processed net hash/D[2]. Optimizations did not improve timing on the net.
INFO: [Physopt 32-702] Processed net clk_IBUF. Optimizations did not improve timing on the net.
INFO: [Physopt 32-619] Estimated Timing Summary | WNS=-0.087 | TNS=-0.980 |
Netlist sorting complete. Time (s): cpu = 00:00:00 ; elapsed = 00:00:00.009 . Memory (MB): peak = 2239.238 ; gain = 0.000
Phase 32 Critical Path Optimization | Checksum: 193741b80

Time (s): cpu = 00:04:44 ; elapsed = 00:03:35 . Memory (MB): peak = 2239.238 ; gain = 0.000

Phase 33 Critical Path Optimization
INFO: [Physopt 32-619] Estimated Timing Summary | WNS=-0.087 | TNS=-0.980 |
INFO: [Physopt 32-702] Processed net ntt/samp0_q[2]. Optimizations did not improve timing on the net.
INFO: [Physopt 32-702] Processed net DFIFO/U0/inst_fifo_gen/gconvfifo.rf/grf.rf/gntv_or_sync_fifo.mem/gbm.gbmg.gbmga.ngecc.bmg/inst_blk_mem_gen/gnbram.gnativebmg.native_blk_mem_gen/valid.cstr/ramloop[0].ram.r/prim_noinit.ram/doutb[4]. Optimizations did not improve timing on the net.
INFO: [Physopt 32-702] Processed net hash/samp0_q[2]_i_6_n_0. Optimizations did not improve timing on the net.
INFO: [Physopt 32-702] Processed net hash/samp0_q[1]_i_4_n_0. Optimizations did not improve timing on the net.
INFO: [Physopt 32-702] Processed net hash/ofifo0_req_r1_reg_1_repN. Optimizations did not improve timing on the net.
INFO: [Physopt 32-702] Processed net hash/D[2]. Optimizations did not improve timing on the net.
INFO: [Physopt 32-702] Processed net clk_IBUF. Optimizations did not improve timing on the net.
INFO: [Physopt 32-702] Processed net ntt/samp0_q[2]. Optimizations did not improve timing on the net.
INFO: [Physopt 32-702] Processed net DFIFO/U0/inst_fifo_gen/gconvfifo.rf/grf.rf/gntv_or_sync_fifo.mem/gbm.gbmg.gbmga.ngecc.bmg/inst_blk_mem_gen/gnbram.gnativebmg.native_blk_mem_gen/valid.cstr/ramloop[0].ram.r/prim_noinit.ram/doutb[4]. Optimizations did not improve timing on the net.
INFO: [Physopt 32-702] Processed net hash/samp0_q[2]_i_6_n_0. Optimizations did not improve timing on the net.
INFO: [Physopt 32-702] Processed net hash/samp0_q[1]_i_4_n_0. Optimizations did not improve timing on the net.
INFO: [Physopt 32-702] Processed net hash/ofifo0_req_r1_reg_1_repN. Optimizations did not improve timing on the net.
INFO: [Physopt 32-702] Processed net hash/D[2]. Optimizations did not improve timing on the net.
INFO: [Physopt 32-702] Processed net clk_IBUF. Optimizations did not improve timing on the net.
INFO: [Physopt 32-619] Estimated Timing Summary | WNS=-0.087 | TNS=-0.980 |
Netlist sorting complete. Time (s): cpu = 00:00:00 ; elapsed = 00:00:00.009 . Memory (MB): peak = 2239.238 ; gain = 0.000
Phase 33 Critical Path Optimization | Checksum: 193741b80

Time (s): cpu = 00:04:53 ; elapsed = 00:03:41 . Memory (MB): peak = 2239.238 ; gain = 0.000

Phase 34 BRAM Enable Optimization
Phase 34 BRAM Enable Optimization | Checksum: 193741b80

Time (s): cpu = 00:04:53 ; elapsed = 00:03:41 . Memory (MB): peak = 2239.238 ; gain = 0.000
INFO: [Physopt 32-960] Skip hold-fix as initial WHS does not violate hold threshold 250 ps
Netlist sorting complete. Time (s): cpu = 00:00:00 ; elapsed = 00:00:00.006 . Memory (MB): peak = 2239.238 ; gain = 0.000
INFO: [Physopt 32-603] Post Physical Optimization Timing Summary | WNS=-0.087 | TNS=-0.980 |

Summary of Physical Synthesis Optimizations
============================================


----------------------------------------------------------------------------------------------------------------------------------------------------------------------
|  Optimization            |  WNS Gain (ns)  |  TNS Gain (ns)  |  Added Cells  |  Removed Cells  |  Optimized Cells/Nets  |  Dont Touch  |  Iterations  |  Elapsed   |
----------------------------------------------------------------------------------------------------------------------------------------------------------------------
|  Fanout                  |          0.000  |          0.000  |            4  |              0  |                     3  |           0  |           3  |  00:00:06  |
|  Single Cell Placement   |          0.024  |          0.538  |            0  |              0  |                   108  |           0  |           4  |  00:01:03  |
|  Multi Cell Placement    |          0.001  |         -0.327  |            0  |              0  |                    14  |           0  |           4  |  00:01:45  |
|  Rewire                  |          0.000  |          0.000  |            0  |              0  |                     0  |           0  |           3  |  00:00:00  |
|  Critical Cell           |          0.002  |          0.495  |           10  |              0  |                    11  |           0  |           3  |  00:00:11  |
|  SLR Crossing            |          0.000  |          0.000  |            0  |              0  |                     0  |           0  |           3  |  00:00:00  |
|  DSP Register            |          0.000  |          0.000  |            0  |              0  |                     0  |           0  |           2  |  00:00:00  |
|  BRAM Register           |          0.000  |          0.000  |            0  |              0  |                     0  |           0  |           2  |  00:00:00  |
|  URAM Register           |          0.000  |          0.000  |            0  |              0  |                     0  |           0  |           2  |  00:00:00  |
|  Shift Register          |          0.000  |          0.000  |            0  |              0  |                     0  |           0  |           2  |  00:00:00  |
|  Critical Pin            |          0.175  |          3.079  |            0  |              0  |                    21  |           0  |           1  |  00:00:00  |
|  Very High Fanout        |          0.000  |          0.000  |            4  |              0  |                     1  |           0  |           1  |  00:00:11  |
|  BRAM Enable             |          0.000  |          0.000  |            0  |              0  |                     0  |           0  |           1  |  00:00:00  |
|  Critical Path           |          0.158  |          1.956  |            0  |              0  |                    13  |           0  |           2  |  00:00:24  |
|  Total                   |          0.360  |          5.740  |           18  |              0  |                   171  |           0  |          33  |  00:03:39  |
----------------------------------------------------------------------------------------------------------------------------------------------------------------------


Netlist sorting complete. Time (s): cpu = 00:00:00 ; elapsed = 00:00:00.007 . Memory (MB): peak = 2239.238 ; gain = 0.000
Ending Physical Synthesis Task | Checksum: 264ec507a

Time (s): cpu = 00:04:53 ; elapsed = 00:03:41 . Memory (MB): peak = 2239.238 ; gain = 0.000
INFO: [Common 17-83] Releasing license: Implementation
1259 Infos, 0 Warnings, 0 Critical Warnings and 0 Errors encountered.
phys_opt_design completed successfully
phys_opt_design: Time (s): cpu = 00:04:55 ; elapsed = 00:03:43 . Memory (MB): peak = 2239.238 ; gain = 0.000
Command: route_design -directive Explore
Attempting to get a license for feature 'Implementation' and/or device 'xc7a12t'
INFO: [Common 17-349] Got license for feature 'Implementation' and/or device 'xc7a12t'
INFO: [DRC 23-27] Running DRC with 2 threads
INFO: [Vivado_Tcl 4-198] DRC finished with 0 Errors
INFO: [Vivado_Tcl 4-199] Please refer to the DRC report (report_drc) for more information.


Starting Routing Task
INFO: [Route 35-270] Using Router directive 'Explore'.
INFO: [Route 35-254] Multithreading enabled for route_design using a maximum of 2 CPUs

Phase 1 Build RT Design
Checksum: PlaceDB: 29f40127 ConstDB: 0 ShapeSum: d7070b97 RouteDB: 6dca4706
Post Restoration Checksum: NetGraph: 9f9a1ea3 | NumContArr: 299a8300 | Constraints: c2a8fa9d | Timing: c2a8fa9d
Phase 1 Build RT Design | Checksum: 24e8696dd

Time (s): cpu = 00:00:19 ; elapsed = 00:00:17 . Memory (MB): peak = 2239.238 ; gain = 0.000

Phase 2 Router Initialization

Phase 2.1 Fix Topology Constraints
Phase 2.1 Fix Topology Constraints | Checksum: 24e8696dd

Time (s): cpu = 00:00:19 ; elapsed = 00:00:17 . Memory (MB): peak = 2239.238 ; gain = 0.000

Phase 2.2 Pre Route Cleanup
Phase 2.2 Pre Route Cleanup | Checksum: 24e8696dd

Time (s): cpu = 00:00:19 ; elapsed = 00:00:17 . Memory (MB): peak = 2239.238 ; gain = 0.000
 Number of Nodes with overlaps = 0

Phase 2.3 Update Timing
Phase 2.3 Update Timing | Checksum: 28bf55709

Time (s): cpu = 00:00:23 ; elapsed = 00:00:20 . Memory (MB): peak = 2239.238 ; gain = 0.000
INFO: [Route 35-416] Intermediate Timing Summary | WNS=-0.107 | TNS=-1.195 | WHS=-0.188 | THS=-87.447|


Phase 2.4 Soft Constraint Pins - Fast Budgeting
Phase 2.4 Soft Constraint Pins - Fast Budgeting | Checksum: 2baac7293

Time (s): cpu = 00:00:25 ; elapsed = 00:00:20 . Memory (MB): peak = 2239.238 ; gain = 0.000

Router Utilization Summary
  Global Vertical Routing Utilization    = 0 %
  Global Horizontal Routing Utilization  = 0 %
  Routable Net Status*
  *Does not include unroutable nets such as driverless and loadless.
  Run report_route_status for detailed report.
  Number of Failed Nets               = 7912
    (Failed Nets is the sum of unrouted and partially routed nets)
  Number of Unrouted Nets             = 7912
  Number of Partially Routed Nets     = 0
  Number of Node Overlaps             = 0

Phase 2 Router Initialization | Checksum: 2adc7bdab

Time (s): cpu = 00:00:25 ; elapsed = 00:00:21 . Memory (MB): peak = 2239.238 ; gain = 0.000

Phase 3 Global Routing
Phase 3 Global Routing | Checksum: 2adc7bdab

Time (s): cpu = 00:00:25 ; elapsed = 00:00:21 . Memory (MB): peak = 2239.238 ; gain = 0.000

Phase 4 Initial Routing

Phase 4.1 Initial Net Routing Pass
Phase 4.1 Initial Net Routing Pass | Checksum: 201c01ef4

Time (s): cpu = 00:00:28 ; elapsed = 00:00:23 . Memory (MB): peak = 2239.238 ; gain = 0.000
Phase 4 Initial Routing | Checksum: 201c01ef4

Time (s): cpu = 00:00:28 ; elapsed = 00:00:23 . Memory (MB): peak = 2239.238 ; gain = 0.000
INFO: [Route 35-580] Design has 8 pins with tight setup and hold constraints.

The top 5 pins with tight setup and hold constraints:

+====================+===================+==============================================+
| Launch Setup Clock | Launch Hold Clock | Pin                                          |
+====================+===================+==============================================+
| clk                | clk               | hash/hash/RoundFunction/Reg/Q_buf_reg[486]/D |
| clk                | clk               | ntt/BU/sum_in0_reg_reg[7]/D                  |
| clk                | clk               | ntt/in1_butt_reg[11]/D                       |
| clk                | clk               | hash/hash/RoundFunction/Reg/Q_buf_reg[391]/D |
| clk                | clk               | ntt/BU/sum_in1_reg_reg[7]/D                  |
+--------------------+-------------------+----------------------------------------------+

File with complete list of pins: tight_setup_hold_pins.txt


Phase 5 Rip-up And Reroute

Phase 5.1 Global Iteration 0
 Number of Nodes with overlaps = 2386
 Number of Nodes with overlaps = 536
 Number of Nodes with overlaps = 135
 Number of Nodes with overlaps = 39
 Number of Nodes with overlaps = 12
 Number of Nodes with overlaps = 3
 Number of Nodes with overlaps = 1
 Number of Nodes with overlaps = 0
INFO: [Route 35-416] Intermediate Timing Summary | WNS=-0.593 | TNS=-70.392| WHS=N/A    | THS=N/A    |

Phase 5.1 Global Iteration 0 | Checksum: 22141cfcd

Time (s): cpu = 00:00:49 ; elapsed = 00:00:41 . Memory (MB): peak = 2239.238 ; gain = 0.000

Phase 5.2 Global Iteration 1
 Number of Nodes with overlaps = 241
 Number of Nodes with overlaps = 182
 Number of Nodes with overlaps = 121
 Number of Nodes with overlaps = 50
 Number of Nodes with overlaps = 19
 Number of Nodes with overlaps = 20
 Number of Nodes with overlaps = 13
 Number of Nodes with overlaps = 3
 Number of Nodes with overlaps = 4
 Number of Nodes with overlaps = 0
INFO: [Route 35-416] Intermediate Timing Summary | WNS=-0.221 | TNS=-4.587 | WHS=N/A    | THS=N/A    |

Phase 5.2 Global Iteration 1 | Checksum: 24a243a62

Time (s): cpu = 00:01:01 ; elapsed = 00:00:51 . Memory (MB): peak = 2239.238 ; gain = 0.000

Phase 5.3 Global Iteration 2
 Number of Nodes with overlaps = 239
 Number of Nodes with overlaps = 193
 Number of Nodes with overlaps = 109
 Number of Nodes with overlaps = 42
 Number of Nodes with overlaps = 14
 Number of Nodes with overlaps = 6
 Number of Nodes with overlaps = 5
 Number of Nodes with overlaps = 6
 Number of Nodes with overlaps = 3
 Number of Nodes with overlaps = 3
 Number of Nodes with overlaps = 1
 Number of Nodes with overlaps = 1
 Number of Nodes with overlaps = 0
INFO: [Route 35-416] Intermediate Timing Summary | WNS=-0.217 | TNS=-1.633 | WHS=N/A    | THS=N/A    |

Phase 5.3 Global Iteration 2 | Checksum: 21ba89ef2

Time (s): cpu = 00:01:14 ; elapsed = 00:01:01 . Memory (MB): peak = 2239.238 ; gain = 0.000

Phase 5.4 Global Iteration 3
 Number of Nodes with overlaps = 191
 Number of Nodes with overlaps = 128
 Number of Nodes with overlaps = 25
 Number of Nodes with overlaps = 11
 Number of Nodes with overlaps = 3
 Number of Nodes with overlaps = 2
 Number of Nodes with overlaps = 1
 Number of Nodes with overlaps = 0
INFO: [Route 35-416] Intermediate Timing Summary | WNS=-0.325 | TNS=-2.266 | WHS=N/A    | THS=N/A    |

Phase 5.4 Global Iteration 3 | Checksum: 1ba152d62

Time (s): cpu = 00:01:22 ; elapsed = 00:01:08 . Memory (MB): peak = 2239.238 ; gain = 0.000
Phase 5 Rip-up And Reroute | Checksum: 1ba152d62

Time (s): cpu = 00:01:23 ; elapsed = 00:01:08 . Memory (MB): peak = 2239.238 ; gain = 0.000

Phase 6 Delay and Skew Optimization

Phase 6.1 Delay CleanUp

Phase 6.1.1 Update Timing
Phase 6.1.1 Update Timing | Checksum: 1fa4c852f

Time (s): cpu = 00:01:23 ; elapsed = 00:01:08 . Memory (MB): peak = 2239.238 ; gain = 0.000
INFO: [Route 35-416] Intermediate Timing Summary | WNS=-0.138 | TNS=-0.418 | WHS=N/A    | THS=N/A    |

 Number of Nodes with overlaps = 0
Phase 6.1 Delay CleanUp | Checksum: 3057f30b9

Time (s): cpu = 00:01:23 ; elapsed = 00:01:08 . Memory (MB): peak = 2239.238 ; gain = 0.000

Phase 6.2 Clock Skew Optimization
Phase 6.2 Clock Skew Optimization | Checksum: 3057f30b9

Time (s): cpu = 00:01:24 ; elapsed = 00:01:08 . Memory (MB): peak = 2239.238 ; gain = 0.000
Phase 6 Delay and Skew Optimization | Checksum: 3057f30b9

Time (s): cpu = 00:01:24 ; elapsed = 00:01:08 . Memory (MB): peak = 2239.238 ; gain = 0.000

Phase 7 Post Hold Fix

Phase 7.1 Hold Fix Iter
INFO: [Route 35-416] Intermediate Timing Summary | WNS=-0.138 | TNS=-0.329 | WHS=0.041  | THS=0.000  |

Phase 7.1 Hold Fix Iter | Checksum: 25e2fefa0

Time (s): cpu = 00:01:24 ; elapsed = 00:01:09 . Memory (MB): peak = 2239.238 ; gain = 0.000
Phase 7 Post Hold Fix | Checksum: 25e2fefa0

Time (s): cpu = 00:01:24 ; elapsed = 00:01:09 . Memory (MB): peak = 2239.238 ; gain = 0.000

Phase 8 Timing Verification

Phase 8.1 Update Timing
Phase 8.1 Update Timing | Checksum: 25e2fefa0

Time (s): cpu = 00:01:26 ; elapsed = 00:01:10 . Memory (MB): peak = 2239.238 ; gain = 0.000
INFO: [Route 35-416] Intermediate Timing Summary | WNS=-0.138 | TNS=-0.329 | WHS=0.041  | THS=0.000  |

Phase 8 Timing Verification | Checksum: 25e2fefa0

Time (s): cpu = 00:01:26 ; elapsed = 00:01:10 . Memory (MB): peak = 2239.238 ; gain = 0.000

Phase 9 Route finalize

Router Utilization Summary
  Global Vertical Routing Utilization    = 7.77904 %
  Global Horizontal Routing Utilization  = 11.4621 %
  Routable Net Status*
  *Does not include unroutable nets such as driverless and loadless.
  Run report_route_status for detailed report.
  Number of Failed Nets               = 0
    (Failed Nets is the sum of unrouted and partially routed nets)
  Number of Unrouted Nets             = 0
  Number of Partially Routed Nets     = 0
  Number of Node Overlaps             = 0


--GLOBAL Congestion:
Utilization threshold used for congestion level computation: 0.85
Congestion Report
North Dir 1x1 Area, Max Cong = 72.0721%, No Congested Regions.
South Dir 1x1 Area, Max Cong = 76.5766%, No Congested Regions.
East Dir 1x1 Area, Max Cong = 77.9412%, No Congested Regions.
West Dir 1x1 Area, Max Cong = 83.8235%, No Congested Regions.

------------------------------
Reporting congestion hotspots
------------------------------
Direction: North
----------------
Congested clusters found at Level 0
Effective congestion level: 0 Aspect Ratio: 1 Sparse Ratio: 0
Direction: South
----------------
Congested clusters found at Level 0
Effective congestion level: 0 Aspect Ratio: 1 Sparse Ratio: 0
Direction: East
----------------
Congested clusters found at Level 0
Effective congestion level: 0 Aspect Ratio: 1 Sparse Ratio: 0
Direction: West
----------------
Congested clusters found at Level 0
Effective congestion level: 0 Aspect Ratio: 1 Sparse Ratio: 0

Phase 9 Route finalize | Checksum: 25e2fefa0

Time (s): cpu = 00:01:27 ; elapsed = 00:01:10 . Memory (MB): peak = 2239.238 ; gain = 0.000

Phase 10 Verifying routed nets

 Verification completed successfully
Phase 10 Verifying routed nets | Checksum: 25e2fefa0

Time (s): cpu = 00:01:27 ; elapsed = 00:01:10 . Memory (MB): peak = 2239.238 ; gain = 0.000

Phase 11 Depositing Routes
Phase 11 Depositing Routes | Checksum: 1e0207101

Time (s): cpu = 00:01:30 ; elapsed = 00:01:13 . Memory (MB): peak = 2239.238 ; gain = 0.000

Phase 12 Incr Placement Change
Netlist sorting complete. Time (s): cpu = 00:00:00 ; elapsed = 00:00:00.006 . Memory (MB): peak = 2239.238 ; gain = 0.000
INFO: [Place 30-746] Post Placement Timing Summary WNS=-0.053. For the most accurate timing information please run report_timing.
Ending IncrPlace Task | Checksum: 1fbb58924

Time (s): cpu = 00:00:42 ; elapsed = 00:01:25 . Memory (MB): peak = 2239.238 ; gain = 0.000
Phase 12 Incr Placement Change | Checksum: 1fbb58924

Time (s): cpu = 00:02:12 ; elapsed = 00:02:38 . Memory (MB): peak = 2239.238 ; gain = 0.000

Phase 13 Build RT Design
Checksum: PlaceDB: e0ef675e ConstDB: 0 ShapeSum: 9ae94ae8 RouteDB: 7fdcd6de
Post Restoration Checksum: NetGraph: 346d39c | NumContArr: 7f89a9c9 | Constraints: c2a8fa9d | Timing: c2a8fa9d
Phase 13 Build RT Design | Checksum: 20822729f

Time (s): cpu = 00:02:16 ; elapsed = 00:02:41 . Memory (MB): peak = 2239.238 ; gain = 0.000

Phase 14 Router Initialization

Phase 14.1 Fix Topology Constraints
Phase 14.1 Fix Topology Constraints | Checksum: 20822729f

Time (s): cpu = 00:02:16 ; elapsed = 00:02:41 . Memory (MB): peak = 2239.238 ; gain = 0.000

Phase 14.2 Pre Route Cleanup
Phase 14.2 Pre Route Cleanup | Checksum: 2b9466e32

Time (s): cpu = 00:02:17 ; elapsed = 00:02:41 . Memory (MB): peak = 2239.238 ; gain = 0.000
 Number of Nodes with overlaps = 0

Phase 14.3 Update Timing
Phase 14.3 Update Timing | Checksum: 2a1942a44

Time (s): cpu = 00:02:22 ; elapsed = 00:02:44 . Memory (MB): peak = 2239.238 ; gain = 0.000
INFO: [Route 35-416] Intermediate Timing Summary | WNS=-0.077 | TNS=-0.332 | WHS=-0.188 | THS=-86.943|


Phase 14.4 Soft Constraint Pins - Fast Budgeting
Phase 14.4 Soft Constraint Pins - Fast Budgeting | Checksum: 29b147aa8

Time (s): cpu = 00:02:23 ; elapsed = 00:02:45 . Memory (MB): peak = 2239.238 ; gain = 0.000

Router Utilization Summary
  Global Vertical Routing Utilization    = 7.7389 %
  Global Horizontal Routing Utilization  = 11.4043 %
  Routable Net Status*
  *Does not include unroutable nets such as driverless and loadless.
  Run report_route_status for detailed report.
  Number of Failed Nets               = 145
    (Failed Nets is the sum of unrouted and partially routed nets)
  Number of Unrouted Nets             = 36
  Number of Partially Routed Nets     = 109
  Number of Node Overlaps             = 0

Phase 14 Router Initialization | Checksum: 2d21b7f95

Time (s): cpu = 00:02:23 ; elapsed = 00:02:45 . Memory (MB): peak = 2239.238 ; gain = 0.000

Phase 15 Global Routing
Phase 15 Global Routing | Checksum: 2d21b7f95

Time (s): cpu = 00:02:23 ; elapsed = 00:02:45 . Memory (MB): peak = 2239.238 ; gain = 0.000

Phase 16 Initial Routing

Phase 16.1 Initial Net Routing Pass
Phase 16.1 Initial Net Routing Pass | Checksum: 2ae457768

Time (s): cpu = 00:02:24 ; elapsed = 00:02:46 . Memory (MB): peak = 2239.238 ; gain = 0.000
Phase 16 Initial Routing | Checksum: 2ae457768

Time (s): cpu = 00:02:24 ; elapsed = 00:02:46 . Memory (MB): peak = 2239.238 ; gain = 0.000
INFO: [Route 35-580] Design has 39 pins with tight setup and hold constraints.

The top 5 pins with tight setup and hold constraints:

+====================+===================+===============================================+
| Launch Setup Clock | Launch Hold Clock | Pin                                           |
+====================+===================+===============================================+
| clk                | clk               | ntt/BU/sum_in0_reg_reg[7]/D                   |
| clk                | clk               | ntt/in1_butt_reg[11]/D                        |
| clk                | clk               | hash/hash/RoundFunction/Reg/Q_buf_reg[1334]/D |
| clk                | clk               | hash/hash/RoundFunction/Reg/Q_buf_reg[1136]/D |
| clk                | clk               | ntt/BU/sum_in0_reg_reg[3]/D                   |
+--------------------+-------------------+-----------------------------------------------+

File with complete list of pins: tight_setup_hold_pins.txt


Phase 17 Rip-up And Reroute

Phase 17.1 Global Iteration 0
 Number of Nodes with overlaps = 344
 Number of Nodes with overlaps = 237
 Number of Nodes with overlaps = 135
 Number of Nodes with overlaps = 112
 Number of Nodes with overlaps = 45
 Number of Nodes with overlaps = 27
 Number of Nodes with overlaps = 11
 Number of Nodes with overlaps = 7
 Number of Nodes with overlaps = 1
 Number of Nodes with overlaps = 1
 Number of Nodes with overlaps = 0
INFO: [Route 35-416] Intermediate Timing Summary | WNS=-0.364 | TNS=-3.086 | WHS=N/A    | THS=N/A    |

Phase 17.1 Global Iteration 0 | Checksum: 2315d3405

Time (s): cpu = 00:02:35 ; elapsed = 00:02:54 . Memory (MB): peak = 2239.238 ; gain = 0.000

Phase 17.2 Global Iteration 1
 Number of Nodes with overlaps = 223
 Number of Nodes with overlaps = 83
 Number of Nodes with overlaps = 56
 Number of Nodes with overlaps = 42
 Number of Nodes with overlaps = 23
 Number of Nodes with overlaps = 10
 Number of Nodes with overlaps = 7
 Number of Nodes with overlaps = 1
 Number of Nodes with overlaps = 0
INFO: [Route 35-416] Intermediate Timing Summary | WNS=-0.216 | TNS=-9.110 | WHS=N/A    | THS=N/A    |

Phase 17.2 Global Iteration 1 | Checksum: 243558d7f

Time (s): cpu = 00:02:42 ; elapsed = 00:02:59 . Memory (MB): peak = 2239.238 ; gain = 0.000

Phase 17.3 Global Iteration 2
 Number of Nodes with overlaps = 240
 Number of Nodes with overlaps = 143
 Number of Nodes with overlaps = 53
 Number of Nodes with overlaps = 34
 Number of Nodes with overlaps = 14
 Number of Nodes with overlaps = 18
 Number of Nodes with overlaps = 12
 Number of Nodes with overlaps = 0
INFO: [Route 35-416] Intermediate Timing Summary | WNS=-0.200 | TNS=-1.268 | WHS=N/A    | THS=N/A    |

Phase 17.3 Global Iteration 2 | Checksum: 21007420d

Time (s): cpu = 00:02:49 ; elapsed = 00:03:05 . Memory (MB): peak = 2239.238 ; gain = 0.000

Phase 17.4 Global Iteration 3
 Number of Nodes with overlaps = 232
 Number of Nodes with overlaps = 134
 Number of Nodes with overlaps = 45
 Number of Nodes with overlaps = 26
 Number of Nodes with overlaps = 7
 Number of Nodes with overlaps = 6
 Number of Nodes with overlaps = 3
 Number of Nodes with overlaps = 2
 Number of Nodes with overlaps = 2
 Number of Nodes with overlaps = 4
 Number of Nodes with overlaps = 2
 Number of Nodes with overlaps = 6
 Number of Nodes with overlaps = 0
INFO: [Route 35-416] Intermediate Timing Summary | WNS=-0.412 | TNS=-2.538 | WHS=N/A    | THS=N/A    |

Phase 17.4 Global Iteration 3 | Checksum: 2c381d954

Time (s): cpu = 00:02:57 ; elapsed = 00:03:12 . Memory (MB): peak = 2239.238 ; gain = 0.000
Phase 17 Rip-up And Reroute | Checksum: 2c381d954

Time (s): cpu = 00:02:57 ; elapsed = 00:03:12 . Memory (MB): peak = 2239.238 ; gain = 0.000

Phase 18 Delay and Skew Optimization

Phase 18.1 Delay CleanUp

Phase 18.1.1 Update Timing
Phase 18.1.1 Update Timing | Checksum: 210754e78

Time (s): cpu = 00:02:57 ; elapsed = 00:03:12 . Memory (MB): peak = 2239.238 ; gain = 0.000
INFO: [Route 35-416] Intermediate Timing Summary | WNS=-0.121 | TNS=-0.217 | WHS=N/A    | THS=N/A    |

 Number of Nodes with overlaps = 0
Phase 18.1 Delay CleanUp | Checksum: 29a1cedae

Time (s): cpu = 00:02:57 ; elapsed = 00:03:13 . Memory (MB): peak = 2239.238 ; gain = 0.000

Phase 18.2 Clock Skew Optimization
Phase 18.2 Clock Skew Optimization | Checksum: 29a1cedae

Time (s): cpu = 00:02:57 ; elapsed = 00:03:13 . Memory (MB): peak = 2239.238 ; gain = 0.000
Phase 18 Delay and Skew Optimization | Checksum: 29a1cedae

Time (s): cpu = 00:02:57 ; elapsed = 00:03:13 . Memory (MB): peak = 2239.238 ; gain = 0.000

Phase 19 Post Hold Fix

Phase 19.1 Hold Fix Iter
INFO: [Route 35-416] Intermediate Timing Summary | WNS=-0.112 | TNS=-0.190 | WHS=0.041  | THS=0.000  |

Phase 19.1 Hold Fix Iter | Checksum: 235c2669f

Time (s): cpu = 00:02:58 ; elapsed = 00:03:13 . Memory (MB): peak = 2239.238 ; gain = 0.000
Phase 19 Post Hold Fix | Checksum: 235c2669f

Time (s): cpu = 00:02:58 ; elapsed = 00:03:13 . Memory (MB): peak = 2239.238 ; gain = 0.000

Phase 20 Timing Verification

Phase 20.1 Update Timing
Phase 20.1 Update Timing | Checksum: 235c2669f

Time (s): cpu = 00:02:59 ; elapsed = 00:03:13 . Memory (MB): peak = 2239.238 ; gain = 0.000
INFO: [Route 35-416] Intermediate Timing Summary | WNS=-0.112 | TNS=-0.190 | WHS=0.041  | THS=0.000  |

Phase 20 Timing Verification | Checksum: 235c2669f

Time (s): cpu = 00:02:59 ; elapsed = 00:03:13 . Memory (MB): peak = 2239.238 ; gain = 0.000

Phase 21 Route finalize

Router Utilization Summary
  Global Vertical Routing Utilization    = 7.8312 %
  Global Horizontal Routing Utilization  = 11.5565 %
  Routable Net Status*
  *Does not include unroutable nets such as driverless and loadless.
  Run report_route_status for detailed report.
  Number of Failed Nets               = 0
    (Failed Nets is the sum of unrouted and partially routed nets)
  Number of Unrouted Nets             = 0
  Number of Partially Routed Nets     = 0
  Number of Node Overlaps             = 0


--GLOBAL Congestion:
Utilization threshold used for congestion level computation: 0.85
Congestion Report
North Dir 1x1 Area, Max Cong = 72.0721%, No Congested Regions.
South Dir 1x1 Area, Max Cong = 76.5766%, No Congested Regions.
East Dir 1x1 Area, Max Cong = 79.4118%, No Congested Regions.
West Dir 1x1 Area, Max Cong = 86.7647%, Congestion bounded by tiles (Lower Left Tile -> Upper Right Tile):
   INT_R_X19Y42 -> INT_R_X19Y42

------------------------------
Reporting congestion hotspots
------------------------------
Direction: North
----------------
Congested clusters found at Level 0
Effective congestion level: 0 Aspect Ratio: 1 Sparse Ratio: 0
Direction: South
----------------
Congested clusters found at Level 0
Effective congestion level: 0 Aspect Ratio: 1 Sparse Ratio: 0
Direction: East
----------------
Congested clusters found at Level 0
Effective congestion level: 0 Aspect Ratio: 1 Sparse Ratio: 0
Direction: West
----------------
Congested clusters found at Level 0
Effective congestion level: 0 Aspect Ratio: 1 Sparse Ratio: 1

Phase 21 Route finalize | Checksum: 235c2669f

Time (s): cpu = 00:02:59 ; elapsed = 00:03:14 . Memory (MB): peak = 2239.238 ; gain = 0.000

Phase 22 Verifying routed nets

 Verification completed successfully
Phase 22 Verifying routed nets | Checksum: 235c2669f

Time (s): cpu = 00:02:59 ; elapsed = 00:03:14 . Memory (MB): peak = 2239.238 ; gain = 0.000

Phase 23 Depositing Routes
Phase 23 Depositing Routes | Checksum: 2b652de41

Time (s): cpu = 00:03:01 ; elapsed = 00:03:16 . Memory (MB): peak = 2239.238 ; gain = 0.000

Phase 24 Post Process Routing
Phase 24 Post Process Routing | Checksum: 2b652de41

Time (s): cpu = 00:03:02 ; elapsed = 00:03:16 . Memory (MB): peak = 2239.238 ; gain = 0.000

Phase 25 Post Router Timing
INFO: [Route 35-20] Post Routing Timing Summary | WNS=-0.109 | TNS=-0.179 | WHS=0.041  | THS=0.000  |

Phase 25 Post Router Timing | Checksum: 30af82c54

Time (s): cpu = 00:03:06 ; elapsed = 00:03:18 . Memory (MB): peak = 2239.238 ; gain = 0.000
CRITICAL WARNING: [Route 35-39] The design did not meet timing requirements. Please run report_timing_summary for detailed reports.
Resolution: Verify that the timing was met or had small violations at all previous steps (synthesis, placement, power_opt, and phys_opt). Run report_timing_summary and analyze individual timing paths.
INFO: [Route 35-253] TNS is the sum of the worst slack violation on every endpoint in the design. Review the paths with the biggest WNS violations in the timing reports and modify your constraints or your design to improve both WNS and TNS.
Total Elapsed time in route_design: 198.47 secs

Phase 26 Post-Route Event Processing
Phase 26 Post-Route Event Processing | Checksum: 1d641bd48

Time (s): cpu = 00:03:06 ; elapsed = 00:03:19 . Memory (MB): peak = 2239.238 ; gain = 0.000
INFO: [Route 35-16] Router Completed Successfully
Ending Routing Task | Checksum: 1d641bd48

Time (s): cpu = 00:03:06 ; elapsed = 00:03:19 . Memory (MB): peak = 2239.238 ; gain = 0.000

Routing Is Done.
INFO: [Common 17-83] Releasing license: Implementation
1288 Infos, 0 Warnings, 1 Critical Warnings and 0 Errors encountered.
route_design completed successfully
route_design: Time (s): cpu = 00:03:06 ; elapsed = 00:03:19 . Memory (MB): peak = 2239.238 ; gain = 0.000
Command: phys_opt_design -directive AggressiveExplore
Attempting to get a license for feature 'Implementation' and/or device 'xc7a12t'
INFO: [Common 17-349] Got license for feature 'Implementation' and/or device 'xc7a12t'
INFO: [Vivado_Tcl 4-241] Physical synthesis in post route mode 
INFO: [Vivado_Tcl 4-137] Directive used for phys_opt_design is: AggressiveExplore

Starting Initial Update Timing Task

Time (s): cpu = 00:00:04 ; elapsed = 00:00:02 . Memory (MB): peak = 2239.238 ; gain = 0.000
INFO: [Vivado_Tcl 4-1435] PhysOpt_Tcl_Interface Runtime Before Starting Physical Synthesis Task | CPU: 6.00s |  WALL: 3.50s
INFO: [DRC 23-27] Running DRC with 2 threads
INFO: [Vivado_Tcl 4-198] DRC finished with 0 Errors
INFO: [Vivado_Tcl 4-199] Please refer to the DRC report (report_drc) for more information.
Netlist sorting complete. Time (s): cpu = 00:00:00 ; elapsed = 00:00:00.007 . Memory (MB): peak = 2239.238 ; gain = 0.000

Starting Physical Synthesis Task

Phase 1 Physical Synthesis Initialization
INFO: [Physopt 32-721] Multithreading enabled for phys_opt_design using a maximum of 2 CPUs
INFO: [Physopt 32-668] Current Timing Summary | WNS=-0.109 | TNS=-0.179 | WHS=0.041 | THS=0.000 |
Phase 1 Physical Synthesis Initialization | Checksum: 2b6347088

Time (s): cpu = 00:00:01 ; elapsed = 00:00:00.966 . Memory (MB): peak = 2239.238 ; gain = 0.000

Phase 2 Critical Path Optimization
INFO: [Physopt 32-668] Current Timing Summary | WNS=-0.109 | TNS=-0.179 | WHS=0.041 | THS=0.000 |
INFO: [Physopt 32-953] Path group WNS did not improve. Path group: clk. Processed net: ntt/samp3_q[7].
INFO: [Physopt 32-703] Processed net hash/fifo2/U0/inst_fifo_gen/gconvfifo.rf/grf.rf/gntv_or_sync_fifo.mem/gbm.gbmg.gbmga.ngecc.bmg/inst_blk_mem_gen/gnbram.gnativebmg.native_blk_mem_gen/valid.cstr/ramloop[0].ram.r/prim_noinit.ram/doutb[24]. Clock skew was adjusted for instance hash/fifo2/U0/inst_fifo_gen/gconvfifo.rf/grf.rf/gntv_or_sync_fifo.mem/gbm.gbmg.gbmga.ngecc.bmg/inst_blk_mem_gen/gnbram.gnativebmg.native_blk_mem_gen/valid.cstr/ramloop[0].ram.r/prim_noinit.ram/DEVICE_7SERIES.NO_BMM_INFO.SDP.WIDE_PRIM18.ram.
INFO: [Physopt 32-952] Improved path group WNS = -0.059. Path group: clk. Processed net: hash/fifo2/U0/inst_fifo_gen/gconvfifo.rf/grf.rf/gntv_or_sync_fifo.mem/gbm.gbmg.gbmga.ngecc.bmg/inst_blk_mem_gen/gnbram.gnativebmg.native_blk_mem_gen/valid.cstr/ramloop[0].ram.r/prim_noinit.ram/doutb[24].
INFO: [Physopt 32-703] Processed net DFIFO/U0/inst_fifo_gen/gconvfifo.rf/grf.rf/gntv_or_sync_fifo.mem/gbm.gbmg.gbmga.ngecc.bmg/inst_blk_mem_gen/gnbram.gnativebmg.native_blk_mem_gen/valid.cstr/ramloop[0].ram.r/prim_noinit.ram/doutb[23]. Clock skew was adjusted for instance DFIFO/U0/inst_fifo_gen/gconvfifo.rf/grf.rf/gntv_or_sync_fifo.mem/gbm.gbmg.gbmga.ngecc.bmg/inst_blk_mem_gen/gnbram.gnativebmg.native_blk_mem_gen/valid.cstr/ramloop[0].ram.r/prim_noinit.ram/DEVICE_7SERIES.NO_BMM_INFO.SDP.WIDE_PRIM18.ram.
INFO: [Physopt 32-735] Processed net DFIFO/U0/inst_fifo_gen/gconvfifo.rf/grf.rf/gntv_or_sync_fifo.mem/gbm.gbmg.gbmga.ngecc.bmg/inst_blk_mem_gen/gnbram.gnativebmg.native_blk_mem_gen/valid.cstr/ramloop[0].ram.r/prim_noinit.ram/doutb[23]. Optimization improves timing on the net.
INFO: [Physopt 32-668] Current Timing Summary | WNS=0.006 | TNS=0.000 | WHS=0.029 | THS=0.000 |
INFO: [Physopt 32-668] Current Timing Summary | WNS=0.006 | TNS=0.000 | WHS=0.029 | THS=0.000 |
Netlist sorting complete. Time (s): cpu = 00:00:00 ; elapsed = 00:00:00.003 . Memory (MB): peak = 2239.238 ; gain = 0.000
Phase 2 Critical Path Optimization | Checksum: 2b6347088

Time (s): cpu = 00:00:22 ; elapsed = 00:00:20 . Memory (MB): peak = 2239.238 ; gain = 0.000

Phase 3 Hold Fix Optimization
INFO: [Physopt 32-668] Current Timing Summary | WNS=0.006 | TNS=0.000 | WHS=0.029 | THS=0.000 |
INFO: [Physopt 32-1493] The number of hold_fix net fail limit is 5.
INFO: [Physopt 32-66] No high hold slack nets found for hold slack optimization.
INFO: [Physopt 32-668] Current Timing Summary | WNS=0.006 | TNS=0.000 | WHS=0.029 | THS=0.000 |
Phase 3 Hold Fix Optimization | Checksum: 2b6347088

Time (s): cpu = 00:00:22 ; elapsed = 00:00:20 . Memory (MB): peak = 2239.238 ; gain = 0.000
Netlist sorting complete. Time (s): cpu = 00:00:00 ; elapsed = 00:00:00.008 . Memory (MB): peak = 2239.238 ; gain = 0.000
INFO: [Physopt 32-669] Post Physical Optimization Timing Summary | WNS=0.006 | TNS=0.000 | WHS=0.029 | THS=0.000 |

Summary of Physical Synthesis Optimizations
============================================


-------------------------------------------------------------------------------------------------------------------------------------------------------------
|  Optimization   |  WNS Gain (ns)  |  TNS Gain (ns)  |  Added Cells  |  Removed Cells  |  Optimized Cells/Nets  |  Dont Touch  |  Iterations  |  Elapsed   |
-------------------------------------------------------------------------------------------------------------------------------------------------------------
|  Critical Path  |          0.115  |          0.179  |            0  |              0  |                     2  |           0  |           1  |  00:00:19  |
-------------------------------------------------------------------------------------------------------------------------------------------------------------


Summary of Hold Fix Optimizations
=================================


--------------------------------------------------------------------------------------------------------------------------------------------------------------
|  Optimization               |  WHS Gain (ns)  |  THS Gain (ns)  |  Added LUTs  |  Added FFs  |  Optimized Nets  |  Dont Touch  |  Iterations  |  Elapsed   |
--------------------------------------------------------------------------------------------------------------------------------------------------------------
|  LUT1 and ZHOLD Insertion   |          0.000  |          0.000  |           0  |          0  |               0  |           0  |           0  |  00:00:00  |
|  Total                      |          0.000  |          0.000  |           0  |          0  |               0  |           0  |           0  |  00:00:00  |
--------------------------------------------------------------------------------------------------------------------------------------------------------------


Netlist sorting complete. Time (s): cpu = 00:00:00 ; elapsed = 00:00:00.006 . Memory (MB): peak = 2239.238 ; gain = 0.000
Ending Physical Synthesis Task | Checksum: 19974af13

Time (s): cpu = 00:00:22 ; elapsed = 00:00:20 . Memory (MB): peak = 2239.238 ; gain = 0.000
INFO: [Common 17-83] Releasing license: Implementation
1311 Infos, 0 Warnings, 1 Critical Warnings and 0 Errors encountered.
phys_opt_design completed successfully
phys_opt_design: Time (s): cpu = 00:00:28 ; elapsed = 00:00:24 . Memory (MB): peak = 2239.238 ; gain = 0.000
INFO: [Timing 38-91] UpdateTimingParams: Speed grade: -1, Delay Type: min_max.
INFO: [Timing 38-191] Multithreading enabled for timing update using a maximum of 2 CPUs
INFO: [Timing 38-91] UpdateTimingParams: Speed grade: -1, Delay Type: max.
INFO: [Timing 38-191] Multithreading enabled for timing update using a maximum of 2 CPUs
INFO: [Timing 38-78] ReportTimingParams: -max_paths 10 -nworst 1 -delay_type max -sort_by slack.
INFO: [Timing 38-480] Writing timing data to binary archive.
Wrote PlaceDB: Time (s): cpu = 00:00:00 ; elapsed = 00:00:00.002 . Memory (MB): peak = 2239.238 ; gain = 0.000
Wrote PulsedLatchDB: Time (s): cpu = 00:00:00 ; elapsed = 00:00:00.001 . Memory (MB): peak = 2239.238 ; gain = 0.000
Writing XDEF routing.
Write ShapeDB Complete: Time (s): cpu = 00:00:00 ; elapsed = 00:00:00.047 . Memory (MB): peak = 2239.238 ; gain = 0.000
Writing XDEF routing logical nets.
Writing XDEF routing special nets.
Wrote RouteStorage: Time (s): cpu = 00:00:01 ; elapsed = 00:00:00.211 . Memory (MB): peak = 2239.238 ; gain = 0.000
Wrote PlaceStorage: Time (s): cpu = 00:00:00 ; elapsed = 00:00:00.344 . Memory (MB): peak = 2239.238 ; gain = 0.000
Wrote Netlist Cache: Time (s): cpu = 00:00:00 ; elapsed = 00:00:00.009 . Memory (MB): peak = 2239.238 ; gain = 0.000
Wrote Device Cache: Time (s): cpu = 00:00:00 ; elapsed = 00:00:00.006 . Memory (MB): peak = 2239.238 ; gain = 0.000
Write Physdb Complete: Time (s): cpu = 00:00:01 ; elapsed = 00:00:00.602 . Memory (MB): peak = 2239.238 ; gain = 0.000
INFO: [Common 17-1381] The checkpoint 'C:/Users/aysha/Desktop/project/CRYSTALS-Kyber/Crystals-kyber_CLIENT-DFIFO6-BRAM/client_dfifo6_bram_timing_variants/v5_wlblock/v5_wlblock_impl.dcp' has been generated.
WARNING: [Vivado 12-975] No timing paths matched 'get_timing_paths -setup -slack_lesser_than 0.000 -max_paths 1000'.
WARNING: [Vivado 12-975] No timing paths matched 'get_timing_paths -hold -slack_lesser_than 0.000 -max_paths 1000'.
VARIANT_RESULT v5_wlblock WNS=0.006 TNS=0.0 SETUP_FAILS=0 WHS=0.029 HOLD_FAILS=0 DCP=C:/Users/aysha/Desktop/project/CRYSTALS-Kyber/Crystals-kyber_CLIENT-DFIFO6-BRAM/client_dfifo6_bram_timing_variants/v5_wlblock/v5_wlblock_impl.dcp
VARIANT_CLEAN v5_wlblock DCP=C:/Users/aysha/Desktop/project/CRYSTALS-Kyber/Crystals-kyber_CLIENT-DFIFO6-BRAM/client_dfifo6_bram_timing_variants/v5_wlblock/v5_wlblock_impl.dcp
close_design: Time (s): cpu = 00:00:03 ; elapsed = 00:00:07 . Memory (MB): peak = 2239.238 ; gain = 0.000
# if {!$found_clean} {
#     puts "NO_TIMING_CLEAN_VARIANT_FOUND"
# }
# exit
INFO: [Common 17-206] Exiting Vivado at Wed Sep  2 21:27:04 2026...
