#-----------------------------------------------------------
# Vivado v2025.2 (64-bit)
# SW Build 6299465 on Fri Nov 14 19:35:11 GMT 2025
# IP Build 6300035 on Fri Nov 14 10:48:45 MST 2025
# SharedData Build 6298862 on Thu Nov 13 04:50:51 MST 2025
# Start of session at: Sat Aug 22 17:24:40 2026
# Process ID         : 21332
# Current directory  : C:/Users/aysha/Desktop/project/CRYSTALS-Kyber
# Command line       : vivado.exe -mode batch -source C:\Users\aysha\Desktop\project\CRYSTALS-Kyber\Crystals-kyber\regen_fifo578_ooc_only.tcl -nojournal -log C:\Users\aysha\Desktop\project\CRYSTALS-Kyber\Crystals-kyber\regen_fifo578_ooc_only.log
# Log file           : C:/Users/aysha/Desktop/project/CRYSTALS-Kyber/Crystals-kyber/regen_fifo578_ooc_only.log
# Journal file       : 
# Running On         : Aysha
# Platform           : Windows Server 2016 or Windows 10
# Operating System   : 26200
# Processor Detail   : Intel(R) Core(TM) Ultra 5 225H
# CPU Frequency      : 3686 MHz
# CPU Physical cores : 14
# CPU Logical cores  : 14
# Host memory        : 16574 MB
# Swap memory        : 22548 MB
# Total Virtual      : 39123 MB
# Available Virtual  : 3118 MB
#-----------------------------------------------------------
source {C:\Users\aysha\Desktop\project\CRYSTALS-Kyber\Crystals-kyber\regen_fifo578_ooc_only.tcl}
# set proj {C:/Users/aysha/Desktop/project/CRYSTALS-Kyber/Crystals-kyber/Crystals-kyber.xpr}
# open_project $proj
Scanning sources...
Finished scanning sources
WARNING: [Board 49-26] cannot add Board Part xilinx.com:emb-plus-vpr-4616:part0:1.0 available at C:/Users/aysha/OneDrive/Desktop/2025.2/data/xhub/boards\XilinxBoardStore\boards\Xilinx\emb-plus-vpr-4616\1.0\board.xml as part xcve2302-sfva784-2mp-e-s specified in board_part file is either invalid or not available
WARNING: [Board 49-26] cannot add Board Part xilinx.com:emb-plus-vpr-4616:part0:1.1 available at C:/Users/aysha/OneDrive/Desktop/2025.2/data/xhub/boards\XilinxBoardStore\boards\Xilinx\emb-plus-vpr-4616\1.1\board.xml as part xcve2302-sfva784-2mp-e-s specified in board_part file is either invalid or not available
WARNING: [Board 49-26] cannot add Board Part xilinx.com:k24c:part0:1.0 available at C:/Users/aysha/OneDrive/Desktop/2025.2/data/xhub/boards\XilinxBoardStore\boards\Xilinx\k24c\1.0\board.xml as part xck24-ubva530-2lv-c specified in board_part file is either invalid or not available
WARNING: [Board 49-26] cannot add Board Part xilinx.com:k24c:part0:1.1 available at C:/Users/aysha/OneDrive/Desktop/2025.2/data/xhub/boards\XilinxBoardStore\boards\Xilinx\k24c\1.1\board.xml as part xck24-ubva530-2lv-c specified in board_part file is either invalid or not available
WARNING: [Board 49-26] cannot add Board Part xilinx.com:k24i:part0:1.0 available at C:/Users/aysha/OneDrive/Desktop/2025.2/data/xhub/boards\XilinxBoardStore\boards\Xilinx\k24i\1.0\board.xml as part xck24-ubva530-2lvi-i specified in board_part file is either invalid or not available
WARNING: [Board 49-26] cannot add Board Part xilinx.com:k26c:part0:1.2 available at C:/Users/aysha/OneDrive/Desktop/2025.2/data/xhub/boards\XilinxBoardStore\boards\Xilinx\k26c\1.2\board.xml as part xck26-sfvc784-2lv-c specified in board_part file is either invalid or not available
WARNING: [Board 49-26] cannot add Board Part xilinx.com:k26c:part0:1.3 available at C:/Users/aysha/OneDrive/Desktop/2025.2/data/xhub/boards\XilinxBoardStore\boards\Xilinx\k26c\1.3\board.xml as part xck26-sfvc784-2lv-c specified in board_part file is either invalid or not available
WARNING: [Board 49-26] cannot add Board Part xilinx.com:k26c:part0:1.4 available at C:/Users/aysha/OneDrive/Desktop/2025.2/data/xhub/boards\XilinxBoardStore\boards\Xilinx\k26c\1.4\board.xml as part xck26-sfvc784-2lv-c specified in board_part file is either invalid or not available
WARNING: [Board 49-26] cannot add Board Part xilinx.com:k26i:part0:1.2 available at C:/Users/aysha/OneDrive/Desktop/2025.2/data/xhub/boards\XilinxBoardStore\boards\Xilinx\k26i\1.2\board.xml as part xck26-sfvc784-2lvi-i specified in board_part file is either invalid or not available
WARNING: [Board 49-26] cannot add Board Part xilinx.com:k26i:part0:1.3 available at C:/Users/aysha/OneDrive/Desktop/2025.2/data/xhub/boards\XilinxBoardStore\boards\Xilinx\k26i\1.3\board.xml as part xck26-sfvc784-2lvi-i specified in board_part file is either invalid or not available
WARNING: [Board 49-26] cannot add Board Part xilinx.com:k26i:part0:1.4 available at C:/Users/aysha/OneDrive/Desktop/2025.2/data/xhub/boards\XilinxBoardStore\boards\Xilinx\k26i\1.4\board.xml as part xck26-sfvc784-2lvi-i specified in board_part file is either invalid or not available
WARNING: [Board 49-26] cannot add Board Part xilinx.com:kc705:part0:1.6 available at C:/Users/aysha/OneDrive/Desktop/2025.2/data/xhub/boards\XilinxBoardStore\boards\Xilinx\kc705\1.6\board.xml as part xc7k325tffg900-2 specified in board_part file is either invalid or not available
WARNING: [Board 49-26] cannot add Board Part xilinx.com:kc705:part0:1.7 available at C:/Users/aysha/OneDrive/Desktop/2025.2/data/xhub/boards\XilinxBoardStore\boards\Xilinx\kc705\1.7\board.xml as part xc7k325tffg900-2 specified in board_part file is either invalid or not available
WARNING: [Board 49-26] cannot add Board Part xilinx.com:kcu105:part0:1.6 available at C:/Users/aysha/OneDrive/Desktop/2025.2/data/xhub/boards\XilinxBoardStore\boards\Xilinx\kcu105\1.6\board.xml as part xcku040-ffva1156-2-e specified in board_part file is either invalid or not available
WARNING: [Board 49-26] cannot add Board Part xilinx.com:kcu105:part0:1.7 available at C:/Users/aysha/OneDrive/Desktop/2025.2/data/xhub/boards\XilinxBoardStore\boards\Xilinx\kcu105\1.7\board.xml as part xcku040-ffva1156-2-e specified in board_part file is either invalid or not available
WARNING: [Board 49-26] cannot add Board Part xilinx.com:kcu116:part0:1.4 available at C:/Users/aysha/OneDrive/Desktop/2025.2/data/xhub/boards\XilinxBoardStore\boards\Xilinx\kcu116\1.4\board.xml as part xcku5p-ffvb676-2-e specified in board_part file is either invalid or not available
WARNING: [Board 49-26] cannot add Board Part xilinx.com:kcu116:part0:1.5 available at C:/Users/aysha/OneDrive/Desktop/2025.2/data/xhub/boards\XilinxBoardStore\boards\Xilinx\kcu116\1.5\board.xml as part xcku5p-ffvb676-2-e specified in board_part file is either invalid or not available
WARNING: [Board 49-26] cannot add Board Part xilinx.com:kcu1500:part0:1.2 available at C:/Users/aysha/OneDrive/Desktop/2025.2/data/xhub/boards\XilinxBoardStore\boards\Xilinx\kcu1500\1.2\board.xml as part xcku115-flvb2104-2-e specified in board_part file is either invalid or not available
WARNING: [Board 49-26] cannot add Board Part xilinx.com:kd240_som:part0:1.0 available at C:/Users/aysha/OneDrive/Desktop/2025.2/data/xhub/boards\XilinxBoardStore\boards\Xilinx\kd240_som\1.0\board.xml as part xck24-ubva530-2lv-c specified in board_part file is either invalid or not available
WARNING: [Board 49-26] cannot add Board Part xilinx.com:kd240_som:part0:1.1 available at C:/Users/aysha/OneDrive/Desktop/2025.2/data/xhub/boards\XilinxBoardStore\boards\Xilinx\kd240_som\1.1\board.xml as part xck24-ubva530-2lv-c specified in board_part file is either invalid or not available
WARNING: [Board 49-26] cannot add Board Part xilinx.com:kr260_som:part0:1.0 available at C:/Users/aysha/OneDrive/Desktop/2025.2/data/xhub/boards\XilinxBoardStore\boards\Xilinx\kr260_som\1.0\board.xml as part xck26-sfvc784-2lv-c specified in board_part file is either invalid or not available
WARNING: [Board 49-26] cannot add Board Part xilinx.com:kr260_som:part0:1.1 available at C:/Users/aysha/OneDrive/Desktop/2025.2/data/xhub/boards\XilinxBoardStore\boards\Xilinx\kr260_som\1.1\board.xml as part xck26-sfvc784-2lv-c specified in board_part file is either invalid or not available
WARNING: [Board 49-26] cannot add Board Part xilinx.com:kv260_som:part0:1.2 available at C:/Users/aysha/OneDrive/Desktop/2025.2/data/xhub/boards\XilinxBoardStore\boards\Xilinx\kv260_som\1.2\board.xml as part xck26-sfvc784-2lv-c specified in board_part file is either invalid or not available
WARNING: [Board 49-26] cannot add Board Part xilinx.com:kv260_som:part0:1.3 available at C:/Users/aysha/OneDrive/Desktop/2025.2/data/xhub/boards\XilinxBoardStore\boards\Xilinx\kv260_som\1.3\board.xml as part xck26-sfvc784-2lv-c specified in board_part file is either invalid or not available
WARNING: [Board 49-26] cannot add Board Part xilinx.com:kv260_som:part0:1.4 available at C:/Users/aysha/OneDrive/Desktop/2025.2/data/xhub/boards\XilinxBoardStore\boards\Xilinx\kv260_som\1.4\board.xml as part xck26-sfvc784-2lv-c specified in board_part file is either invalid or not available
WARNING: [Board 49-26] cannot add Board Part xilinx.com:scu35:part0:1.0 available at C:/Users/aysha/OneDrive/Desktop/2025.2/data/xhub/boards\XilinxBoardStore\boards\Xilinx\scu35\1.0\board.xml as part xcsu35p-sbvb625-2-e specified in board_part file is either invalid or not available
WARNING: [Board 49-26] cannot add Board Part xilinx.com:sp701:part0:1.0 available at C:/Users/aysha/OneDrive/Desktop/2025.2/data/xhub/boards\XilinxBoardStore\boards\Xilinx\sp701\1.0\board.xml as part xc7s100fgga676-2 specified in board_part file is either invalid or not available
WARNING: [Board 49-26] cannot add Board Part xilinx.com:sp701:part0:1.1 available at C:/Users/aysha/OneDrive/Desktop/2025.2/data/xhub/boards\XilinxBoardStore\boards\Xilinx\sp701\1.1\board.xml as part xc7s100fgga676-2 specified in board_part file is either invalid or not available
WARNING: [Board 49-26] cannot add Board Part xilinx.com:v80:part0:1.0 available at C:/Users/aysha/OneDrive/Desktop/2025.2/data/xhub/boards\XilinxBoardStore\boards\Xilinx\v80\1.0\board.xml as part xcv80-lsva4737-2mhp-e-s specified in board_part file is either invalid or not available
WARNING: [Board 49-26] cannot add Board Part xilinx.com:vc707:part0:1.4 available at C:/Users/aysha/OneDrive/Desktop/2025.2/data/xhub/boards\XilinxBoardStore\boards\Xilinx\vc707\1.4\board.xml as part xc7vx485tffg1761-2 specified in board_part file is either invalid or not available
WARNING: [Board 49-26] cannot add Board Part xilinx.com:vc707:part0:1.5 available at C:/Users/aysha/OneDrive/Desktop/2025.2/data/xhub/boards\XilinxBoardStore\boards\Xilinx\vc707\1.5\board.xml as part xc7vx485tffg1761-2 specified in board_part file is either invalid or not available
WARNING: [Board 49-26] cannot add Board Part xilinx.com:vc709:part0:1.8 available at C:/Users/aysha/OneDrive/Desktop/2025.2/data/xhub/boards\XilinxBoardStore\boards\Xilinx\vc709\1.8\board.xml as part xc7vx690tffg1761-2 specified in board_part file is either invalid or not available
WARNING: [Board 49-26] cannot add Board Part xilinx.com:vck190:part0:2.2 available at C:/Users/aysha/OneDrive/Desktop/2025.2/data/xhub/boards\XilinxBoardStore\boards\Xilinx\vck190\production\2.2\board.xml as part xcvc1902-vsva2197-2mp-e-s specified in board_part file is either invalid or not available
WARNING: [Board 49-26] cannot add Board Part xilinx.com:vck190:part0:3.0 available at C:/Users/aysha/OneDrive/Desktop/2025.2/data/xhub/boards\XilinxBoardStore\boards\Xilinx\vck190\production\3.0\board.xml as part xcvc1902-vsva2197-2mp-e-s specified in board_part file is either invalid or not available
WARNING: [Board 49-26] cannot add Board Part xilinx.com:vck190:part0:3.1 available at C:/Users/aysha/OneDrive/Desktop/2025.2/data/xhub/boards\XilinxBoardStore\boards\Xilinx\vck190\production\3.1\board.xml as part xcvc1902-vsva2197-2mp-e-s specified in board_part file is either invalid or not available
WARNING: [Board 49-26] cannot add Board Part xilinx.com:vck190:part0:3.2 available at C:/Users/aysha/OneDrive/Desktop/2025.2/data/xhub/boards\XilinxBoardStore\boards\Xilinx\vck190\production\3.2\board.xml as part xcvc1902-vsva2197-2mp-e-s specified in board_part file is either invalid or not available
WARNING: [Board 49-26] cannot add Board Part xilinx.com:vck190:part0:3.3 available at C:/Users/aysha/OneDrive/Desktop/2025.2/data/xhub/boards\XilinxBoardStore\boards\Xilinx\vck190\production\3.3\board.xml as part xcvc1902-vsva2197-2mp-e-s specified in board_part file is either invalid or not available
WARNING: [Board 49-26] cannot add Board Part xilinx.com:vck190:part0:3.4 available at C:/Users/aysha/OneDrive/Desktop/2025.2/data/xhub/boards\XilinxBoardStore\boards\Xilinx\vck190\production\3.4\board.xml as part xcvc1902-vsva2197-2mp-e-s specified in board_part file is either invalid or not available
WARNING: [Board 49-26] cannot add Board Part xilinx.com:vck190_newl:part0:1.0 available at C:/Users/aysha/OneDrive/Desktop/2025.2/data/xhub/boards\XilinxBoardStore\boards\Xilinx\vck190_newl\production\1.0\board.xml as part xcvc1902-vsva2197-2mp-e-s specified in board_part file is either invalid or not available
WARNING: [Board 49-26] cannot add Board Part xilinx.com:vck190_newl:part0:1.1 available at C:/Users/aysha/OneDrive/Desktop/2025.2/data/xhub/boards\XilinxBoardStore\boards\Xilinx\vck190_newl\production\1.1\board.xml as part xcvc1902-vsva2197-2mp-e-s specified in board_part file is either invalid or not available
WARNING: [Board 49-26] cannot add Board Part xilinx.com:vck190_newl:part0:1.2 available at C:/Users/aysha/OneDrive/Desktop/2025.2/data/xhub/boards\XilinxBoardStore\boards\Xilinx\vck190_newl\production\1.2\board.xml as part xcvc1902-vsva2197-2mp-e-s specified in board_part file is either invalid or not available
WARNING: [Board 49-26] cannot add Board Part xilinx.com:vck190_newl:part0:1.3 available at C:/Users/aysha/OneDrive/Desktop/2025.2/data/xhub/boards\XilinxBoardStore\boards\Xilinx\vck190_newl\production\1.3\board.xml as part xcvc1902-vsva2197-2mp-e-s specified in board_part file is either invalid or not available
WARNING: [Board 49-26] cannot add Board Part xilinx.com:vcu108:part0:1.6 available at C:/Users/aysha/OneDrive/Desktop/2025.2/data/xhub/boards\XilinxBoardStore\boards\Xilinx\vcu108\1.6\board.xml as part xcvu095-ffva2104-2-e specified in board_part file is either invalid or not available
WARNING: [Board 49-26] cannot add Board Part xilinx.com:vcu108:part0:1.7 available at C:/Users/aysha/OneDrive/Desktop/2025.2/data/xhub/boards\XilinxBoardStore\boards\Xilinx\vcu108\1.7\board.xml as part xcvu095-ffva2104-2-e specified in board_part file is either invalid or not available
WARNING: [Board 49-26] cannot add Board Part xilinx.com:vcu110:part0:1.4 available at C:/Users/aysha/OneDrive/Desktop/2025.2/data/xhub/boards\XilinxBoardStore\boards\Xilinx\vcu110\1.4\board.xml as part xcvu190-flgc2104-2-e specified in board_part file is either invalid or not available
WARNING: [Board 49-26] cannot add Board Part xilinx.com:vcu118:part0:2.0 available at C:/Users/aysha/OneDrive/Desktop/2025.2/data/xhub/boards\XilinxBoardStore\boards\Xilinx\vcu118\2.0\board.xml as part xcvu9p-flga2104-2l-e specified in board_part file is either invalid or not available
WARNING: [Board 49-26] cannot add Board Part xilinx.com:vcu118:part0:2.3 available at C:/Users/aysha/OneDrive/Desktop/2025.2/data/xhub/boards\XilinxBoardStore\boards\Xilinx\vcu118\2.3\board.xml as part xcvu9p-flga2104-2l-e specified in board_part file is either invalid or not available
WARNING: [Board 49-26] cannot add Board Part xilinx.com:vcu118:part0:2.4 available at C:/Users/aysha/OneDrive/Desktop/2025.2/data/xhub/boards\XilinxBoardStore\boards\Xilinx\vcu118\2.4\board.xml as part xcvu9p-flga2104-2l-e specified in board_part file is either invalid or not available
WARNING: [Board 49-26] cannot add Board Part xilinx.com:vcu128:part0:1.0 available at C:/Users/aysha/OneDrive/Desktop/2025.2/data/xhub/boards\XilinxBoardStore\boards\Xilinx\vcu128\production\1.0\board.xml as part xcvu37p-fsvh2892-2l-e specified in board_part file is either invalid or not available
WARNING: [Board 49-26] cannot add Board Part xilinx.com:vcu129:part0:1.0 available at C:/Users/aysha/OneDrive/Desktop/2025.2/data/xhub/boards\XilinxBoardStore\boards\Xilinx\vcu129\production\1.0\board.xml as part xcvu29p-fsga2577-2l-e specified in board_part file is either invalid or not available
WARNING: [Board 49-26] cannot add Board Part xilinx.com:vcu1525:part0:1.3 available at C:/Users/aysha/OneDrive/Desktop/2025.2/data/xhub/boards\XilinxBoardStore\boards\Xilinx\vcu1525\1.3\board.xml as part xcvu9p-fsgd2104-2l-e specified in board_part file is either invalid or not available
WARNING: [Board 49-26] cannot add Board Part xilinx.com:vek280:part0:1.0 available at C:/Users/aysha/OneDrive/Desktop/2025.2/data/xhub/boards\XilinxBoardStore\boards\Xilinx\vek280\production\1.0\board.xml as part xcve2802-vsvh1760-2mp-e-s specified in board_part file is either invalid or not available
WARNING: [Board 49-26] cannot add Board Part xilinx.com:vek280:part0:1.1 available at C:/Users/aysha/OneDrive/Desktop/2025.2/data/xhub/boards\XilinxBoardStore\boards\Xilinx\vek280\production\1.1\board.xml as part xcve2802-vsvh1760-2mp-e-s specified in board_part file is either invalid or not available
WARNING: [Board 49-26] cannot add Board Part xilinx.com:vek280:part0:1.2 available at C:/Users/aysha/OneDrive/Desktop/2025.2/data/xhub/boards\XilinxBoardStore\boards\Xilinx\vek280\production\1.2\board.xml as part xcve2802-vsvh1760-2mp-e-s specified in board_part file is either invalid or not available
WARNING: [Board 49-26] cannot add Board Part xilinx.com:vek385:part0:1.0 available at C:/Users/aysha/OneDrive/Desktop/2025.2/data/xhub/boards\XilinxBoardStore\boards\Xilinx\vek385\1.0\board.xml as part xc2ve3858-ssva2112-2mp-e-s specified in board_part file is either invalid or not available
WARNING: [Board 49-26] cannot add Board Part xilinx.com:vek385:part0:1.1 available at C:/Users/aysha/OneDrive/Desktop/2025.2/data/xhub/boards\XilinxBoardStore\boards\Xilinx\vek385\1.1\board.xml as part xc2ve3858-ssva2112-2mp-e-s specified in board_part file is either invalid or not available
WARNING: [Board 49-26] cannot add Board Part xilinx.com:vek385_1:part0:1.0 available at C:/Users/aysha/OneDrive/Desktop/2025.2/data/xhub/boards\XilinxBoardStore\boards\Xilinx\vek385_2\1.0\board.xml as part xc2ve3858-ssva2112-2mp-e-s specified in board_part file is either invalid or not available
WARNING: [Board 49-26] cannot add Board Part xilinx.com:vermeo_t1_mpsoc:part0:1.0 available at C:/Users/aysha/OneDrive/Desktop/2025.2/data/xhub/boards\XilinxBoardStore\boards\Xilinx\vermeo_t1_mpsoc\1.0\board.xml as part xczu19eg-ffvd1760-2l-e specified in board_part file is either invalid or not available
WARNING: [Board 49-26] cannot add Board Part xilinx.com:vermeo_t1_rfsoc:part0:1.0 available at C:/Users/aysha/OneDrive/Desktop/2025.2/data/xhub/boards\XilinxBoardStore\boards\Xilinx\vermeo_t1_rfsoc\1.0\board.xml as part xczu21dr-ffvd1156-2l-e specified in board_part file is either invalid or not available
WARNING: [Board 49-26] cannot add Board Part xilinx.com:vhk158:part0:1.0 available at C:/Users/aysha/OneDrive/Desktop/2025.2/data/xhub/boards\XilinxBoardStore\boards\Xilinx\vhk158\production\1.0\board.xml as part xcvh1582-vsva3697-2mp-e-s specified in board_part file is either invalid or not available
WARNING: [Board 49-26] cannot add Board Part xilinx.com:vhk158:part0:1.1 available at C:/Users/aysha/OneDrive/Desktop/2025.2/data/xhub/boards\XilinxBoardStore\boards\Xilinx\vhk158\production\1.1\board.xml as part xcvh1582-vsva3697-2mp-e-s specified in board_part file is either invalid or not available
WARNING: [Board 49-26] cannot add Board Part xilinx.com:vhk158:part0:1.2 available at C:/Users/aysha/OneDrive/Desktop/2025.2/data/xhub/boards\XilinxBoardStore\boards\Xilinx\vhk158\production\1.2\board.xml as part xcvh1582-vsva3697-2mp-e-s specified in board_part file is either invalid or not available
WARNING: [Board 49-26] cannot add Board Part xilinx.com:vmk180:part0:2.2 available at C:/Users/aysha/OneDrive/Desktop/2025.2/data/xhub/boards\XilinxBoardStore\boards\Xilinx\vmk180\production\2.2\board.xml as part xcvm1802-vsva2197-2mp-e-s specified in board_part file is either invalid or not available
WARNING: [Board 49-26] cannot add Board Part xilinx.com:vmk180:part0:3.0 available at C:/Users/aysha/OneDrive/Desktop/2025.2/data/xhub/boards\XilinxBoardStore\boards\Xilinx\vmk180\production\3.0\board.xml as part xcvm1802-vsva2197-2mp-e-s specified in board_part file is either invalid or not available
WARNING: [Board 49-26] cannot add Board Part xilinx.com:vmk180:part0:3.1 available at C:/Users/aysha/OneDrive/Desktop/2025.2/data/xhub/boards\XilinxBoardStore\boards\Xilinx\vmk180\production\3.1\board.xml as part xcvm1802-vsva2197-2mp-e-s specified in board_part file is either invalid or not available
WARNING: [Board 49-26] cannot add Board Part xilinx.com:vmk180:part0:3.2 available at C:/Users/aysha/OneDrive/Desktop/2025.2/data/xhub/boards\XilinxBoardStore\boards\Xilinx\vmk180\production\3.2\board.xml as part xcvm1802-vsva2197-2mp-e-s specified in board_part file is either invalid or not available
WARNING: [Board 49-26] cannot add Board Part xilinx.com:vmk180:part0:3.3 available at C:/Users/aysha/OneDrive/Desktop/2025.2/data/xhub/boards\XilinxBoardStore\boards\Xilinx\vmk180\production\3.3\board.xml as part xcvm1802-vsva2197-2mp-e-s specified in board_part file is either invalid or not available
WARNING: [Board 49-26] cannot add Board Part xilinx.com:vmk180_newl:part0:1.0 available at C:/Users/aysha/OneDrive/Desktop/2025.2/data/xhub/boards\XilinxBoardStore\boards\Xilinx\vmk180_newl\production\1.0\board.xml as part xcvm1802-vsva2197-2mp-e-s specified in board_part file is either invalid or not available
WARNING: [Board 49-26] cannot add Board Part xilinx.com:vmk180_newl:part0:1.1 available at C:/Users/aysha/OneDrive/Desktop/2025.2/data/xhub/boards\XilinxBoardStore\boards\Xilinx\vmk180_newl\production\1.1\board.xml as part xcvm1802-vsva2197-2mp-e-s specified in board_part file is either invalid or not available
WARNING: [Board 49-26] cannot add Board Part xilinx.com:vpk120:part0:1.0 available at C:/Users/aysha/OneDrive/Desktop/2025.2/data/xhub/boards\XilinxBoardStore\boards\Xilinx\vpk120\production\1.0\board.xml as part xcvp1202-vsva2785-2mp-e-s specified in board_part file is either invalid or not available
WARNING: [Board 49-26] cannot add Board Part xilinx.com:vpk120:part0:1.1 available at C:/Users/aysha/OneDrive/Desktop/2025.2/data/xhub/boards\XilinxBoardStore\boards\Xilinx\vpk120\production\1.1\board.xml as part xcvp1202-vsva2785-2mp-e-s specified in board_part file is either invalid or not available
WARNING: [Board 49-26] cannot add Board Part xilinx.com:vpk120:part0:1.2 available at C:/Users/aysha/OneDrive/Desktop/2025.2/data/xhub/boards\XilinxBoardStore\boards\Xilinx\vpk120\production\1.2\board.xml as part xcvp1202-vsva2785-2mp-e-s specified in board_part file is either invalid or not available
WARNING: [Board 49-26] cannot add Board Part xilinx.com:vpk180:part0:1.0 available at C:/Users/aysha/OneDrive/Desktop/2025.2/data/xhub/boards\XilinxBoardStore\boards\Xilinx\vpk180\production\1.0\board.xml as part xcvp1802-lsvc4072-2mp-e-s specified in board_part file is either invalid or not available
WARNING: [Board 49-26] cannot add Board Part xilinx.com:vpk180:part0:1.1 available at C:/Users/aysha/OneDrive/Desktop/2025.2/data/xhub/boards\XilinxBoardStore\boards\Xilinx\vpk180\production\1.1\board.xml as part xcvp1802-lsvc4072-2mp-e-s specified in board_part file is either invalid or not available
WARNING: [Board 49-26] cannot add Board Part xilinx.com:vpk180:part0:1.2 available at C:/Users/aysha/OneDrive/Desktop/2025.2/data/xhub/boards\XilinxBoardStore\boards\Xilinx\vpk180\production\1.2\board.xml as part xcvp1802-lsvc4072-2mp-e-s specified in board_part file is either invalid or not available
WARNING: [Board 49-26] cannot add Board Part xilinx.com:vrk160:part0:1.0 available at C:/Users/aysha/OneDrive/Desktop/2025.2/data/xhub/boards\XilinxBoardStore\boards\Xilinx\vrk160\1.0\board.xml as part xcvr1602-vsva2488-2mp-e-s-es1 specified in board_part file is either invalid or not available
WARNING: [Board 49-26] cannot add Board Part xilinx.com:vrk160:part0:1.1 available at C:/Users/aysha/OneDrive/Desktop/2025.2/data/xhub/boards\XilinxBoardStore\boards\Xilinx\vrk160\1.1\board.xml as part xcvr1602-vsva2488-2mp-e-s-es1 specified in board_part file is either invalid or not available
WARNING: [Board 49-26] cannot add Board Part xilinx.com:zc702:part0:1.4 available at C:/Users/aysha/OneDrive/Desktop/2025.2/data/xhub/boards\XilinxBoardStore\boards\Xilinx\zc702\1.4\board.xml as part xc7z020clg484-1 specified in board_part file is either invalid or not available
WARNING: [Board 49-26] cannot add Board Part xilinx.com:zc706:part0:1.4 available at C:/Users/aysha/OneDrive/Desktop/2025.2/data/xhub/boards\XilinxBoardStore\boards\Xilinx\zc706\1.4\board.xml as part xc7z045ffg900-2 specified in board_part file is either invalid or not available
WARNING: [Board 49-26] cannot add Board Part xilinx.com:zc706:part0:1.5 available at C:/Users/aysha/OneDrive/Desktop/2025.2/data/xhub/boards\XilinxBoardStore\boards\Xilinx\zc706\1.5\board.xml as part xc7z045ffg900-2 specified in board_part file is either invalid or not available
WARNING: [Board 49-26] cannot add Board Part xilinx.com:zcu102:part0:3.3 available at C:/Users/aysha/OneDrive/Desktop/2025.2/data/xhub/boards\XilinxBoardStore\boards\Xilinx\zcu102\3.3\board.xml as part xczu9eg-ffvb1156-2-e specified in board_part file is either invalid or not available
WARNING: [Board 49-26] cannot add Board Part xilinx.com:zcu102:part0:3.4 available at C:/Users/aysha/OneDrive/Desktop/2025.2/data/xhub/boards\XilinxBoardStore\boards\Xilinx\zcu102\3.4\board.xml as part xczu9eg-ffvb1156-2-e specified in board_part file is either invalid or not available
WARNING: [Board 49-26] cannot add Board Part xilinx.com:zcu104:part0:1.1 available at C:/Users/aysha/OneDrive/Desktop/2025.2/data/xhub/boards\XilinxBoardStore\boards\Xilinx\zcu104\1.1\board.xml as part xczu7ev-ffvc1156-2-e specified in board_part file is either invalid or not available
WARNING: [Board 49-26] cannot add Board Part xilinx.com:zcu106:part0:2.4 available at C:/Users/aysha/OneDrive/Desktop/2025.2/data/xhub/boards\XilinxBoardStore\boards\Xilinx\zcu106\2.4\board.xml as part xczu7ev-ffvc1156-2-e specified in board_part file is either invalid or not available
WARNING: [Board 49-26] cannot add Board Part xilinx.com:zcu106:part0:2.5 available at C:/Users/aysha/OneDrive/Desktop/2025.2/data/xhub/boards\XilinxBoardStore\boards\Xilinx\zcu106\2.5\board.xml as part xczu7ev-ffvc1156-2-e specified in board_part file is either invalid or not available
WARNING: [Board 49-26] cannot add Board Part xilinx.com:zcu106:part0:2.6 available at C:/Users/aysha/OneDrive/Desktop/2025.2/data/xhub/boards\XilinxBoardStore\boards\Xilinx\zcu106\2.6\board.xml as part xczu7ev-ffvc1156-2-e specified in board_part file is either invalid or not available
WARNING: [Board 49-26] cannot add Board Part xilinx.com:zcu111:part0:1.2 available at C:/Users/aysha/OneDrive/Desktop/2025.2/data/xhub/boards\XilinxBoardStore\boards\Xilinx\zcu111\1.2\board.xml as part xczu28dr-ffvg1517-2-e specified in board_part file is either invalid or not available
WARNING: [Board 49-26] cannot add Board Part xilinx.com:zcu111:part0:1.3 available at C:/Users/aysha/OneDrive/Desktop/2025.2/data/xhub/boards\XilinxBoardStore\boards\Xilinx\zcu111\1.3\board.xml as part xczu28dr-ffvg1517-2-e specified in board_part file is either invalid or not available
WARNING: [Board 49-26] cannot add Board Part xilinx.com:zcu111:part0:1.4 available at C:/Users/aysha/OneDrive/Desktop/2025.2/data/xhub/boards\XilinxBoardStore\boards\Xilinx\zcu111\1.4\board.xml as part xczu28dr-ffvg1517-2-e specified in board_part file is either invalid or not available
WARNING: [Board 49-26] cannot add Board Part xilinx.com:zcu1275:part0:1.0 available at C:/Users/aysha/OneDrive/Desktop/2025.2/data/xhub/boards\XilinxBoardStore\boards\Xilinx\zcu1275\1.0\board.xml as part xczu29dr-ffvf1760-2-e specified in board_part file is either invalid or not available
WARNING: [Board 49-26] cannot add Board Part xilinx.com:zcu1285:part0:1.0 available at C:/Users/aysha/OneDrive/Desktop/2025.2/data/xhub/boards\XilinxBoardStore\boards\Xilinx\zcu1285\1.0\board.xml as part xczu39dr-ffvf1760-2-i specified in board_part file is either invalid or not available
WARNING: [Board 49-26] cannot add Board Part xilinx.com:zcu208:part0:2.0 available at C:/Users/aysha/OneDrive/Desktop/2025.2/data/xhub/boards\XilinxBoardStore\boards\Xilinx\zcu208\production\2.0\board.xml as part xczu48dr-fsvg1517-2-e specified in board_part file is either invalid or not available
WARNING: [Board 49-26] cannot add Board Part xilinx.com:zcu208ld:part0:2.0 available at C:/Users/aysha/OneDrive/Desktop/2025.2/data/xhub/boards\XilinxBoardStore\boards\Xilinx\zcu208ld\production\2.0\board.xml as part xczu58dr-fsvg1517-2-i specified in board_part file is either invalid or not available
WARNING: [Board 49-26] cannot add Board Part xilinx.com:zcu216:part0:2.0 available at C:/Users/aysha/OneDrive/Desktop/2025.2/data/xhub/boards\XilinxBoardStore\boards\Xilinx\zcu216\production\2.0\board.xml as part xczu49dr-ffvf1760-2-e specified in board_part file is either invalid or not available
WARNING: [Board 49-26] cannot add Board Part xilinx.com:zcu216ld:part0:2.0 available at C:/Users/aysha/OneDrive/Desktop/2025.2/data/xhub/boards\XilinxBoardStore\boards\Xilinx\zcu216ld\production\2.0\board.xml as part xczu59dr-ffvf1760-2-i specified in board_part file is either invalid or not available
WARNING: [Board 49-26] cannot add Board Part xilinx.com:zcu670:part0:2.0 available at C:/Users/aysha/OneDrive/Desktop/2025.2/data/xhub/boards\XilinxBoardStore\boards\Xilinx\zcu670\2.0\board.xml as part xczu67dr-fsve1156-2-i specified in board_part file is either invalid or not available
WARNING: [Board 49-26] cannot add Board Part xilinx.com:zcu670ld:part0:1.0 available at C:/Users/aysha/OneDrive/Desktop/2025.2/data/xhub/boards\XilinxBoardStore\boards\Xilinx\zcu670ld\1.0\board.xml as part xczu57dr-fsve1156-2-i specified in board_part file is either invalid or not available
WARNING: [Project 1-5713] Board part '' set for the project  is not found. BoardPart property will be unset. Please select board from latest repo build 
INFO: [IP_Flow 19-234] Refreshing IP repositories
INFO: [IP_Flow 19-1704] No user IP repositories specified
INFO: [IP_Flow 19-2313] Loaded Vivado IP repository 'C:/Users/aysha/OneDrive/Desktop/2025.2/Vivado/data/ip'.
open_project: Time (s): cpu = 00:00:19 ; elapsed = 00:00:20 . Memory (MB): peak = 569.227 ; gain = 263.156
# set ips [get_ips {fifo_generator_5 fifo_generator_7 fifo_generator_8}]
# foreach ip $ips {
#     puts "IP_CONFIG_BEFORE [get_property NAME $ip] Fifo_Implementation=[get_property CONFIG.Fifo_Implementation $ip] Width=[get_property CONFIG.Input_Data_Width $ip] Depth=[get_property CONFIG.Input_Depth $ip] Reset=[get_property CONFIG.Reset_Type $ip] Perf=[get_property CONFIG.Performance_Options $ip]"
# }
IP_CONFIG_BEFORE fifo_generator_5 Fifo_Implementation=Common_Clock_Block_RAM Width=10 Depth=128 Reset=Synchronous_Reset Perf=Standard_FIFO
IP_CONFIG_BEFORE fifo_generator_7 Fifo_Implementation=Common_Clock_Block_RAM Width=25 Depth=64 Reset=Synchronous_Reset Perf=Standard_FIFO
IP_CONFIG_BEFORE fifo_generator_8 Fifo_Implementation=Common_Clock_Block_RAM Width=32 Depth=32 Reset=Synchronous_Reset Perf=Standard_FIFO
# reset_target all $ips
# generate_target all $ips
INFO: [IP_Flow 19-1686] Generating 'Instantiation Template' target for IP 'fifo_generator_5'...
INFO: [IP_Flow 19-1686] Generating 'Synthesis' target for IP 'fifo_generator_5'...
INFO: [IP_Flow 19-1686] Generating 'Simulation' target for IP 'fifo_generator_5'...
INFO: [IP_Flow 19-1686] Generating 'Change Log' target for IP 'fifo_generator_5'...
INFO: [IP_Flow 19-1686] Generating 'Instantiation Template' target for IP 'fifo_generator_7'...
INFO: [IP_Flow 19-1686] Generating 'Synthesis' target for IP 'fifo_generator_7'...
INFO: [IP_Flow 19-1686] Generating 'Simulation' target for IP 'fifo_generator_7'...
INFO: [IP_Flow 19-1686] Generating 'Change Log' target for IP 'fifo_generator_7'...
INFO: [IP_Flow 19-1686] Generating 'Instantiation Template' target for IP 'fifo_generator_8'...
INFO: [IP_Flow 19-1686] Generating 'Synthesis' target for IP 'fifo_generator_8'...
INFO: [IP_Flow 19-1686] Generating 'Simulation' target for IP 'fifo_generator_8'...
INFO: [IP_Flow 19-1686] Generating 'Change Log' target for IP 'fifo_generator_8'...
# export_ip_user_files -of_objects $ips -no_script -sync -force -quiet
# foreach r [get_runs {fifo_generator_5_synth_1 fifo_generator_7_synth_1 fifo_generator_8_synth_1}] {
#     puts "RESET_RUN [get_property NAME $r] STATUS=[get_property STATUS $r]"
#     reset_run $r
# }
RESET_RUN fifo_generator_5_synth_1 STATUS=Out-of-date
RESET_RUN fifo_generator_7_synth_1 STATUS=Out-of-date
RESET_RUN fifo_generator_8_synth_1 STATUS=Out-of-date
# launch_runs [get_runs {fifo_generator_5_synth_1 fifo_generator_7_synth_1 fifo_generator_8_synth_1}] -jobs 3
[Sat Aug 22 17:25:16 2026] Launched fifo_generator_5_synth_1, fifo_generator_7_synth_1, fifo_generator_8_synth_1...
Run output will be captured here:
fifo_generator_5_synth_1: C:/Users/aysha/Desktop/project/CRYSTALS-Kyber/Crystals-kyber/Crystals-kyber.runs/fifo_generator_5_synth_1/runme.log
fifo_generator_7_synth_1: C:/Users/aysha/Desktop/project/CRYSTALS-Kyber/Crystals-kyber/Crystals-kyber.runs/fifo_generator_7_synth_1/runme.log
fifo_generator_8_synth_1: C:/Users/aysha/Desktop/project/CRYSTALS-Kyber/Crystals-kyber/Crystals-kyber.runs/fifo_generator_8_synth_1/runme.log
# foreach r [get_runs {fifo_generator_5_synth_1 fifo_generator_7_synth_1 fifo_generator_8_synth_1}] {
#     wait_on_run $r
#     puts "IP_RUN_DONE [get_property NAME $r] STATUS=[get_property STATUS $r] PROGRESS=[get_property PROGRESS $r]"
# }
[Sat Aug 22 17:25:16 2026] Waiting for fifo_generator_5_synth_1 to finish...

*** Running vivado
    with args -log fifo_generator_5.vds -m64 -product Vivado -mode batch -messageDb vivado.pb -notrace -source fifo_generator_5.tcl



****** Vivado v2025.2 (64-bit)
  **** SW Build 6299465 on Fri Nov 14 19:35:11 GMT 2025
  **** IP Build 6300035 on Fri Nov 14 10:48:45 MST 2025
  **** SharedData Build 6298862 on Thu Nov 13 04:50:51 MST 2025
  **** Start of session at: Sat Aug 22 17:25:20 2026
    ** Copyright 1986-2022 Xilinx, Inc. All Rights Reserved.
    ** Copyright 2022-2025 Advanced Micro Devices, Inc. All Rights Reserved.

source fifo_generator_5.tcl -notrace
create_project: Time (s): cpu = 00:00:13 ; elapsed = 00:00:13 . Memory (MB): peak = 524.973 ; gain = 220.035
Command: synth_design -top fifo_generator_5 -part xc7a12tcpg238-1 -incremental_mode off -mode out_of_context
Starting synth_design
Attempting to get a license for feature 'Synthesis' and/or device 'xc7a12t'
INFO: [Common 17-349] Got license for feature 'Synthesis' and/or device 'xc7a12t'
INFO: [Device 21-403] Loading part xc7a12tcpg238-1
INFO: [Synth 8-7079] Multithreading enabled for synth_design using a maximum of 2 processes.
INFO: [Synth 8-7078] Launching helper process for spawning children vivado processes
INFO: [Synth 8-7075] Helper process launched with PID 45504
---------------------------------------------------------------------------------
Starting RTL Elaboration : Time (s): cpu = 00:00:13 ; elapsed = 00:00:18 . Memory (MB): peak = 1257.895 ; gain = 539.496
---------------------------------------------------------------------------------
INFO: [Synth 8-638] synthesizing module 'fifo_generator_5' [c:/Users/aysha/Desktop/project/CRYSTALS-Kyber/Crystals-kyber/Crystals-kyber.gen/sources_1/ip/fifo_generator_5/synth/fifo_generator_5.vhd:72]
	Parameter C_COMMON_CLOCK bound to: 1 - type: integer 
	Parameter C_SELECT_XPM bound to: 0 - type: integer 
	Parameter C_COUNT_TYPE bound to: 0 - type: integer 
	Parameter C_DATA_COUNT_WIDTH bound to: 7 - type: integer 
	Parameter C_DEFAULT_VALUE bound to: BlankString - type: string 
	Parameter C_DIN_WIDTH bound to: 10 - type: integer 
	Parameter C_DOUT_RST_VAL bound to: 0 - type: string 
	Parameter C_DOUT_WIDTH bound to: 10 - type: integer 
	Parameter C_ENABLE_RLOCS bound to: 0 - type: integer 
	Parameter C_FAMILY bound to: artix7 - type: string 
	Parameter C_FULL_FLAGS_RST_VAL bound to: 0 - type: integer 
	Parameter C_HAS_ALMOST_EMPTY bound to: 0 - type: integer 
	Parameter C_HAS_ALMOST_FULL bound to: 0 - type: integer 
	Parameter C_HAS_BACKUP bound to: 0 - type: integer 
	Parameter C_HAS_DATA_COUNT bound to: 0 - type: integer 
	Parameter C_HAS_INT_CLK bound to: 0 - type: integer 
	Parameter C_HAS_MEMINIT_FILE bound to: 0 - type: integer 
	Parameter C_HAS_OVERFLOW bound to: 0 - type: integer 
	Parameter C_HAS_RD_DATA_COUNT bound to: 0 - type: integer 
	Parameter C_HAS_RD_RST bound to: 0 - type: integer 
	Parameter C_HAS_RST bound to: 0 - type: integer 
	Parameter C_HAS_SRST bound to: 1 - type: integer 
	Parameter C_HAS_UNDERFLOW bound to: 0 - type: integer 
	Parameter C_HAS_VALID bound to: 0 - type: integer 
	Parameter C_HAS_WR_ACK bound to: 0 - type: integer 
	Parameter C_HAS_WR_DATA_COUNT bound to: 0 - type: integer 
	Parameter C_HAS_WR_RST bound to: 0 - type: integer 
	Parameter C_IMPLEMENTATION_TYPE bound to: 0 - type: integer 
	Parameter C_INIT_WR_PNTR_VAL bound to: 0 - type: integer 
	Parameter C_MEMORY_TYPE bound to: 1 - type: integer 
	Parameter C_MIF_FILE_NAME bound to: BlankString - type: string 
	Parameter C_OPTIMIZATION_MODE bound to: 0 - type: integer 
	Parameter C_OVERFLOW_LOW bound to: 0 - type: integer 
	Parameter C_PRELOAD_LATENCY bound to: 1 - type: integer 
	Parameter C_PRELOAD_REGS bound to: 0 - type: integer 
	Parameter C_PRIM_FIFO_TYPE bound to: 512x36 - type: string 
	Parameter C_PROG_EMPTY_THRESH_ASSERT_VAL bound to: 2 - type: integer 
	Parameter C_PROG_EMPTY_THRESH_NEGATE_VAL bound to: 3 - type: integer 
	Parameter C_PROG_EMPTY_TYPE bound to: 0 - type: integer 
	Parameter C_PROG_FULL_THRESH_ASSERT_VAL bound to: 126 - type: integer 
	Parameter C_PROG_FULL_THRESH_NEGATE_VAL bound to: 125 - type: integer 
	Parameter C_PROG_FULL_TYPE bound to: 0 - type: integer 
	Parameter C_RD_DATA_COUNT_WIDTH bound to: 7 - type: integer 
	Parameter C_RD_DEPTH bound to: 128 - type: integer 
	Parameter C_RD_FREQ bound to: 1 - type: integer 
	Parameter C_RD_PNTR_WIDTH bound to: 7 - type: integer 
	Parameter C_UNDERFLOW_LOW bound to: 0 - type: integer 
	Parameter C_USE_DOUT_RST bound to: 1 - type: integer 
	Parameter C_USE_ECC bound to: 0 - type: integer 
	Parameter C_USE_EMBEDDED_REG bound to: 0 - type: integer 
	Parameter C_USE_PIPELINE_REG bound to: 0 - type: integer 
	Parameter C_POWER_SAVING_MODE bound to: 0 - type: integer 
	Parameter C_USE_FIFO16_FLAGS bound to: 0 - type: integer 
	Parameter C_USE_FWFT_DATA_COUNT bound to: 0 - type: integer 
	Parameter C_VALID_LOW bound to: 0 - type: integer 
	Parameter C_WR_ACK_LOW bound to: 0 - type: integer 
	Parameter C_WR_DATA_COUNT_WIDTH bound to: 7 - type: integer 
	Parameter C_WR_DEPTH bound to: 128 - type: integer 
	Parameter C_WR_FREQ bound to: 1 - type: integer 
	Parameter C_WR_PNTR_WIDTH bound to: 7 - type: integer 
	Parameter C_WR_RESPONSE_LATENCY bound to: 1 - type: integer 
	Parameter C_MSGON_VAL bound to: 1 - type: integer 
	Parameter C_ENABLE_RST_SYNC bound to: 1 - type: integer 
	Parameter C_EN_SAFETY_CKT bound to: 0 - type: integer 
	Parameter C_ERROR_INJECTION_TYPE bound to: 0 - type: integer 
	Parameter C_SYNCHRONIZER_STAGE bound to: 2 - type: integer 
	Parameter C_INTERFACE_TYPE bound to: 0 - type: integer 
	Parameter C_AXI_TYPE bound to: 1 - type: integer 
	Parameter C_HAS_AXI_WR_CHANNEL bound to: 1 - type: integer 
	Parameter C_HAS_AXI_RD_CHANNEL bound to: 1 - type: integer 
	Parameter C_HAS_SLAVE_CE bound to: 0 - type: integer 
	Parameter C_HAS_MASTER_CE bound to: 0 - type: integer 
	Parameter C_ADD_NGC_CONSTRAINT bound to: 0 - type: integer 
	Parameter C_USE_COMMON_OVERFLOW bound to: 0 - type: integer 
	Parameter C_USE_COMMON_UNDERFLOW bound to: 0 - type: integer 
	Parameter C_USE_DEFAULT_SETTINGS bound to: 0 - type: integer 
	Parameter C_AXI_ID_WIDTH bound to: 1 - type: integer 
	Parameter C_AXI_ADDR_WIDTH bound to: 32 - type: integer 
	Parameter C_AXI_DATA_WIDTH bound to: 64 - type: integer 
	Parameter C_AXI_LEN_WIDTH bound to: 8 - type: integer 
	Parameter C_AXI_LOCK_WIDTH bound to: 1 - type: integer 
	Parameter C_HAS_AXI_ID bound to: 0 - type: integer 
	Parameter C_HAS_AXI_AWUSER bound to: 0 - type: integer 
	Parameter C_HAS_AXI_WUSER bound to: 0 - type: integer 
	Parameter C_HAS_AXI_BUSER bound to: 0 - type: integer 
	Parameter C_HAS_AXI_ARUSER bound to: 0 - type: integer 
	Parameter C_HAS_AXI_RUSER bound to: 0 - type: integer 
	Parameter C_AXI_ARUSER_WIDTH bound to: 1 - type: integer 
	Parameter C_AXI_AWUSER_WIDTH bound to: 1 - type: integer 
	Parameter C_AXI_WUSER_WIDTH bound to: 1 - type: integer 
	Parameter C_AXI_BUSER_WIDTH bound to: 1 - type: integer 
	Parameter C_AXI_RUSER_WIDTH bound to: 1 - type: integer 
	Parameter C_HAS_AXIS_TDATA bound to: 1 - type: integer 
	Parameter C_HAS_AXIS_TID bound to: 0 - type: integer 
	Parameter C_HAS_AXIS_TDEST bound to: 0 - type: integer 
	Parameter C_HAS_AXIS_TUSER bound to: 1 - type: integer 
	Parameter C_HAS_AXIS_TREADY bound to: 1 - type: integer 
	Parameter C_HAS_AXIS_TLAST bound to: 0 - type: integer 
	Parameter C_HAS_AXIS_TSTRB bound to: 0 - type: integer 
	Parameter C_HAS_AXIS_TKEEP bound to: 0 - type: integer 
	Parameter C_AXIS_TDATA_WIDTH bound to: 8 - type: integer 
	Parameter C_AXIS_TID_WIDTH bound to: 1 - type: integer 
	Parameter C_AXIS_TDEST_WIDTH bound to: 1 - type: integer 
	Parameter C_AXIS_TUSER_WIDTH bound to: 4 - type: integer 
	Parameter C_AXIS_TSTRB_WIDTH bound to: 1 - type: integer 
	Parameter C_AXIS_TKEEP_WIDTH bound to: 1 - type: integer 
	Parameter C_WACH_TYPE bound to: 0 - type: integer 
	Parameter C_WDCH_TYPE bound to: 0 - type: integer 
	Parameter C_WRCH_TYPE bound to: 0 - type: integer 
	Parameter C_RACH_TYPE bound to: 0 - type: integer 
	Parameter C_RDCH_TYPE bound to: 0 - type: integer 
	Parameter C_AXIS_TYPE bound to: 0 - type: integer 
	Parameter C_IMPLEMENTATION_TYPE_WACH bound to: 1 - type: integer 
	Parameter C_IMPLEMENTATION_TYPE_WDCH bound to: 1 - type: integer 
	Parameter C_IMPLEMENTATION_TYPE_WRCH bound to: 1 - type: integer 
	Parameter C_IMPLEMENTATION_TYPE_RACH bound to: 1 - type: integer 
	Parameter C_IMPLEMENTATION_TYPE_RDCH bound to: 1 - type: integer 
	Parameter C_IMPLEMENTATION_TYPE_AXIS bound to: 1 - type: integer 
	Parameter C_APPLICATION_TYPE_WACH bound to: 0 - type: integer 
	Parameter C_APPLICATION_TYPE_WDCH bound to: 0 - type: integer 
	Parameter C_APPLICATION_TYPE_WRCH bound to: 0 - type: integer 
	Parameter C_APPLICATION_TYPE_RACH bound to: 0 - type: integer 
	Parameter C_APPLICATION_TYPE_RDCH bound to: 0 - type: integer 
	Parameter C_APPLICATION_TYPE_AXIS bound to: 0 - type: integer 
	Parameter C_PRIM_FIFO_TYPE_WACH bound to: 512x36 - type: string 
	Parameter C_PRIM_FIFO_TYPE_WDCH bound to: 1kx36 - type: string 
	Parameter C_PRIM_FIFO_TYPE_WRCH bound to: 512x36 - type: string 
	Parameter C_PRIM_FIFO_TYPE_RACH bound to: 512x36 - type: string 
	Parameter C_PRIM_FIFO_TYPE_RDCH bound to: 1kx36 - type: string 
	Parameter C_PRIM_FIFO_TYPE_AXIS bound to: 1kx18 - type: string 
	Parameter C_USE_ECC_WACH bound to: 0 - type: integer 
	Parameter C_USE_ECC_WDCH bound to: 0 - type: integer 
	Parameter C_USE_ECC_WRCH bound to: 0 - type: integer 
	Parameter C_USE_ECC_RACH bound to: 0 - type: integer 
	Parameter C_USE_ECC_RDCH bound to: 0 - type: integer 
	Parameter C_USE_ECC_AXIS bound to: 0 - type: integer 
	Parameter C_ERROR_INJECTION_TYPE_WACH bound to: 0 - type: integer 
	Parameter C_ERROR_INJECTION_TYPE_WDCH bound to: 0 - type: integer 
	Parameter C_ERROR_INJECTION_TYPE_WRCH bound to: 0 - type: integer 
	Parameter C_ERROR_INJECTION_TYPE_RACH bound to: 0 - type: integer 
	Parameter C_ERROR_INJECTION_TYPE_RDCH bound to: 0 - type: integer 
	Parameter C_ERROR_INJECTION_TYPE_AXIS bound to: 0 - type: integer 
	Parameter C_DIN_WIDTH_WACH bound to: 1 - type: integer 
	Parameter C_DIN_WIDTH_WDCH bound to: 64 - type: integer 
	Parameter C_DIN_WIDTH_WRCH bound to: 2 - type: integer 
	Parameter C_DIN_WIDTH_RACH bound to: 32 - type: integer 
	Parameter C_DIN_WIDTH_RDCH bound to: 64 - type: integer 
	Parameter C_DIN_WIDTH_AXIS bound to: 1 - type: integer 
	Parameter C_WR_DEPTH_WACH bound to: 16 - type: integer 
	Parameter C_WR_DEPTH_WDCH bound to: 1024 - type: integer 
	Parameter C_WR_DEPTH_WRCH bound to: 16 - type: integer 
	Parameter C_WR_DEPTH_RACH bound to: 16 - type: integer 
	Parameter C_WR_DEPTH_RDCH bound to: 1024 - type: integer 
	Parameter C_WR_DEPTH_AXIS bound to: 1024 - type: integer 
	Parameter C_WR_PNTR_WIDTH_WACH bound to: 4 - type: integer 
	Parameter C_WR_PNTR_WIDTH_WDCH bound to: 10 - type: integer 
	Parameter C_WR_PNTR_WIDTH_WRCH bound to: 4 - type: integer 
	Parameter C_WR_PNTR_WIDTH_RACH bound to: 4 - type: integer 
	Parameter C_WR_PNTR_WIDTH_RDCH bound to: 10 - type: integer 
	Parameter C_WR_PNTR_WIDTH_AXIS bound to: 10 - type: integer 
	Parameter C_HAS_DATA_COUNTS_WACH bound to: 0 - type: integer 
	Parameter C_HAS_DATA_COUNTS_WDCH bound to: 0 - type: integer 
	Parameter C_HAS_DATA_COUNTS_WRCH bound to: 0 - type: integer 
	Parameter C_HAS_DATA_COUNTS_RACH bound to: 0 - type: integer 
	Parameter C_HAS_DATA_COUNTS_RDCH bound to: 0 - type: integer 
	Parameter C_HAS_DATA_COUNTS_AXIS bound to: 0 - type: integer 
	Parameter C_HAS_PROG_FLAGS_WACH bound to: 0 - type: integer 
	Parameter C_HAS_PROG_FLAGS_WDCH bound to: 0 - type: integer 
	Parameter C_HAS_PROG_FLAGS_WRCH bound to: 0 - type: integer 
	Parameter C_HAS_PROG_FLAGS_RACH bound to: 0 - type: integer 
	Parameter C_HAS_PROG_FLAGS_RDCH bound to: 0 - type: integer 
	Parameter C_HAS_PROG_FLAGS_AXIS bound to: 0 - type: integer 
	Parameter C_PROG_FULL_TYPE_WACH bound to: 0 - type: integer 
	Parameter C_PROG_FULL_TYPE_WDCH bound to: 0 - type: integer 
	Parameter C_PROG_FULL_TYPE_WRCH bound to: 0 - type: integer 
	Parameter C_PROG_FULL_TYPE_RACH bound to: 0 - type: integer 
	Parameter C_PROG_FULL_TYPE_RDCH bound to: 0 - type: integer 
	Parameter C_PROG_FULL_TYPE_AXIS bound to: 0 - type: integer 
	Parameter C_PROG_FULL_THRESH_ASSERT_VAL_WACH bound to: 1023 - type: integer 
	Parameter C_PROG_FULL_THRESH_ASSERT_VAL_WDCH bound to: 1023 - type: integer 
	Parameter C_PROG_FULL_THRESH_ASSERT_VAL_WRCH bound to: 1023 - type: integer 
	Parameter C_PROG_FULL_THRESH_ASSERT_VAL_RACH bound to: 1023 - type: integer 
	Parameter C_PROG_FULL_THRESH_ASSERT_VAL_RDCH bound to: 1023 - type: integer 
	Parameter C_PROG_FULL_THRESH_ASSERT_VAL_AXIS bound to: 1023 - type: integer 
	Parameter C_PROG_EMPTY_TYPE_WACH bound to: 0 - type: integer 
	Parameter C_PROG_EMPTY_TYPE_WDCH bound to: 0 - type: integer 
	Parameter C_PROG_EMPTY_TYPE_WRCH bound to: 0 - type: integer 
	Parameter C_PROG_EMPTY_TYPE_RACH bound to: 0 - type: integer 
	Parameter C_PROG_EMPTY_TYPE_RDCH bound to: 0 - type: integer 
	Parameter C_PROG_EMPTY_TYPE_AXIS bound to: 0 - type: integer 
	Parameter C_PROG_EMPTY_THRESH_ASSERT_VAL_WACH bound to: 1022 - type: integer 
	Parameter C_PROG_EMPTY_THRESH_ASSERT_VAL_WDCH bound to: 1022 - type: integer 
	Parameter C_PROG_EMPTY_THRESH_ASSERT_VAL_WRCH bound to: 1022 - type: integer 
	Parameter C_PROG_EMPTY_THRESH_ASSERT_VAL_RACH bound to: 1022 - type: integer 
	Parameter C_PROG_EMPTY_THRESH_ASSERT_VAL_RDCH bound to: 1022 - type: integer 
	Parameter C_PROG_EMPTY_THRESH_ASSERT_VAL_AXIS bound to: 1022 - type: integer 
	Parameter C_REG_SLICE_MODE_WACH bound to: 0 - type: integer 
	Parameter C_REG_SLICE_MODE_WDCH bound to: 0 - type: integer 
	Parameter C_REG_SLICE_MODE_WRCH bound to: 0 - type: integer 
	Parameter C_REG_SLICE_MODE_RACH bound to: 0 - type: integer 
	Parameter C_REG_SLICE_MODE_RDCH bound to: 0 - type: integer 
	Parameter C_REG_SLICE_MODE_AXIS bound to: 0 - type: integer 
INFO: [Synth 8-3491] module 'fifo_generator_v13_2_14' declared at 'c:/Users/aysha/Desktop/project/CRYSTALS-Kyber/Crystals-kyber/Crystals-kyber.gen/sources_1/ip/fifo_generator_5/hdl/fifo_generator_v13_2_vhsyn_rfs.vhd:38308' bound to instance 'U0' of component 'fifo_generator_v13_2_14' [c:/Users/aysha/Desktop/project/CRYSTALS-Kyber/Crystals-kyber/Crystals-kyber.gen/sources_1/ip/fifo_generator_5/synth/fifo_generator_5.vhd:544]
INFO: [Synth 8-256] done synthesizing module 'fifo_generator_5' (0#1) [c:/Users/aysha/Desktop/project/CRYSTALS-Kyber/Crystals-kyber/Crystals-kyber.gen/sources_1/ip/fifo_generator_5/synth/fifo_generator_5.vhd:72]
INFO: [Synth 8-7129] Port ALMOST_FULL_I in module output_blk is either unconnected or has no load
INFO: [Synth 8-7129] Port PROG_FULL_I in module output_blk is either unconnected or has no load
INFO: [Synth 8-7129] Port ALMOST_EMPTY_I in module output_blk is either unconnected or has no load
INFO: [Synth 8-7129] Port PROG_EMPTY_I in module output_blk is either unconnected or has no load
INFO: [Synth 8-7129] Port WR_ACK_I in module output_blk is either unconnected or has no load
INFO: [Synth 8-7129] Port VALID_I in module output_blk is either unconnected or has no load
INFO: [Synth 8-7129] Port OVERFLOW_I in module output_blk is either unconnected or has no load
INFO: [Synth 8-7129] Port UNDERFLOW_I in module output_blk is either unconnected or has no load
INFO: [Synth 8-7129] Port DATA_COUNT_I[7] in module output_blk is either unconnected or has no load
INFO: [Synth 8-7129] Port DATA_COUNT_I[6] in module output_blk is either unconnected or has no load
INFO: [Synth 8-7129] Port DATA_COUNT_I[5] in module output_blk is either unconnected or has no load
INFO: [Synth 8-7129] Port DATA_COUNT_I[4] in module output_blk is either unconnected or has no load
INFO: [Synth 8-7129] Port DATA_COUNT_I[3] in module output_blk is either unconnected or has no load
INFO: [Synth 8-7129] Port DATA_COUNT_I[2] in module output_blk is either unconnected or has no load
INFO: [Synth 8-7129] Port DATA_COUNT_I[1] in module output_blk is either unconnected or has no load
INFO: [Synth 8-7129] Port DATA_COUNT_I[0] in module output_blk is either unconnected or has no load
INFO: [Synth 8-7129] Port WR_DATA_COUNT_I[7] in module output_blk is either unconnected or has no load
INFO: [Synth 8-7129] Port WR_DATA_COUNT_I[6] in module output_blk is either unconnected or has no load
INFO: [Synth 8-7129] Port WR_DATA_COUNT_I[5] in module output_blk is either unconnected or has no load
INFO: [Synth 8-7129] Port WR_DATA_COUNT_I[4] in module output_blk is either unconnected or has no load
INFO: [Synth 8-7129] Port WR_DATA_COUNT_I[3] in module output_blk is either unconnected or has no load
INFO: [Synth 8-7129] Port WR_DATA_COUNT_I[2] in module output_blk is either unconnected or has no load
INFO: [Synth 8-7129] Port WR_DATA_COUNT_I[1] in module output_blk is either unconnected or has no load
INFO: [Synth 8-7129] Port WR_DATA_COUNT_I[0] in module output_blk is either unconnected or has no load
INFO: [Synth 8-7129] Port RD_DATA_COUNT_I[7] in module output_blk is either unconnected or has no load
INFO: [Synth 8-7129] Port RD_DATA_COUNT_I[6] in module output_blk is either unconnected or has no load
INFO: [Synth 8-7129] Port RD_DATA_COUNT_I[5] in module output_blk is either unconnected or has no load
INFO: [Synth 8-7129] Port RD_DATA_COUNT_I[4] in module output_blk is either unconnected or has no load
INFO: [Synth 8-7129] Port RD_DATA_COUNT_I[3] in module output_blk is either unconnected or has no load
INFO: [Synth 8-7129] Port RD_DATA_COUNT_I[2] in module output_blk is either unconnected or has no load
INFO: [Synth 8-7129] Port RD_DATA_COUNT_I[1] in module output_blk is either unconnected or has no load
INFO: [Synth 8-7129] Port RD_DATA_COUNT_I[0] in module output_blk is either unconnected or has no load
INFO: [Synth 8-7129] Port SBITERR_I in module output_blk is either unconnected or has no load
INFO: [Synth 8-7129] Port DBITERR_I in module output_blk is either unconnected or has no load
INFO: [Synth 8-7129] Port RST_FULL_FF in module wr_status_flags_ss is either unconnected or has no load
INFO: [Synth 8-7129] Port WR_RST in module wr_status_flags_ss is either unconnected or has no load
INFO: [Synth 8-7129] Port SRST in module wr_status_flags_ss is either unconnected or has no load
INFO: [Synth 8-7129] Port SAFETY_CKT_WR_RST in module wr_status_flags_ss is either unconnected or has no load
INFO: [Synth 8-7129] Port WR_PNTR_PLUS2[6] in module wr_status_flags_ss is either unconnected or has no load
INFO: [Synth 8-7129] Port WR_PNTR_PLUS2[5] in module wr_status_flags_ss is either unconnected or has no load
INFO: [Synth 8-7129] Port WR_PNTR_PLUS2[4] in module wr_status_flags_ss is either unconnected or has no load
INFO: [Synth 8-7129] Port WR_PNTR_PLUS2[3] in module wr_status_flags_ss is either unconnected or has no load
INFO: [Synth 8-7129] Port WR_PNTR_PLUS2[2] in module wr_status_flags_ss is either unconnected or has no load
INFO: [Synth 8-7129] Port WR_PNTR_PLUS2[1] in module wr_status_flags_ss is either unconnected or has no load
INFO: [Synth 8-7129] Port WR_PNTR_PLUS2[0] in module wr_status_flags_ss is either unconnected or has no load
INFO: [Synth 8-7129] Port WR_PNTR_PLUS3[6] in module wr_status_flags_ss is either unconnected or has no load
INFO: [Synth 8-7129] Port WR_PNTR_PLUS3[5] in module wr_status_flags_ss is either unconnected or has no load
INFO: [Synth 8-7129] Port WR_PNTR_PLUS3[4] in module wr_status_flags_ss is either unconnected or has no load
INFO: [Synth 8-7129] Port WR_PNTR_PLUS3[3] in module wr_status_flags_ss is either unconnected or has no load
INFO: [Synth 8-7129] Port WR_PNTR_PLUS3[2] in module wr_status_flags_ss is either unconnected or has no load
INFO: [Synth 8-7129] Port WR_PNTR_PLUS3[1] in module wr_status_flags_ss is either unconnected or has no load
INFO: [Synth 8-7129] Port WR_PNTR_PLUS3[0] in module wr_status_flags_ss is either unconnected or has no load
INFO: [Synth 8-7129] Port RST in module wr_bin_cntr is either unconnected or has no load
INFO: [Synth 8-7129] Port WR_EN_INTO_LOGIC in module wr_logic is either unconnected or has no load
INFO: [Synth 8-7129] Port WR_RST_INTO_LOGIC in module wr_logic is either unconnected or has no load
INFO: [Synth 8-7129] Port RD_EN in module wr_logic is either unconnected or has no load
INFO: [Synth 8-7129] Port WR_RST_BUSY in module wr_logic is either unconnected or has no load
INFO: [Synth 8-7129] Port EMPTY in module wr_logic is either unconnected or has no load
INFO: [Synth 8-7129] Port ALMOST_EMPTY in module wr_logic is either unconnected or has no load
INFO: [Synth 8-7129] Port PROG_FULL_THRESH[6] in module wr_logic is either unconnected or has no load
INFO: [Synth 8-7129] Port PROG_FULL_THRESH[5] in module wr_logic is either unconnected or has no load
INFO: [Synth 8-7129] Port PROG_FULL_THRESH[4] in module wr_logic is either unconnected or has no load
INFO: [Synth 8-7129] Port PROG_FULL_THRESH[3] in module wr_logic is either unconnected or has no load
INFO: [Synth 8-7129] Port PROG_FULL_THRESH[2] in module wr_logic is either unconnected or has no load
INFO: [Synth 8-7129] Port PROG_FULL_THRESH[1] in module wr_logic is either unconnected or has no load
INFO: [Synth 8-7129] Port PROG_FULL_THRESH[0] in module wr_logic is either unconnected or has no load
INFO: [Synth 8-7129] Port PROG_FULL_THRESH_ASSERT[6] in module wr_logic is either unconnected or has no load
INFO: [Synth 8-7129] Port PROG_FULL_THRESH_ASSERT[5] in module wr_logic is either unconnected or has no load
INFO: [Synth 8-7129] Port PROG_FULL_THRESH_ASSERT[4] in module wr_logic is either unconnected or has no load
INFO: [Synth 8-7129] Port PROG_FULL_THRESH_ASSERT[3] in module wr_logic is either unconnected or has no load
INFO: [Synth 8-7129] Port PROG_FULL_THRESH_ASSERT[2] in module wr_logic is either unconnected or has no load
INFO: [Synth 8-7129] Port PROG_FULL_THRESH_ASSERT[1] in module wr_logic is either unconnected or has no load
INFO: [Synth 8-7129] Port PROG_FULL_THRESH_ASSERT[0] in module wr_logic is either unconnected or has no load
INFO: [Synth 8-7129] Port PROG_FULL_THRESH_NEGATE[6] in module wr_logic is either unconnected or has no load
INFO: [Synth 8-7129] Port PROG_FULL_THRESH_NEGATE[5] in module wr_logic is either unconnected or has no load
INFO: [Synth 8-7129] Port PROG_FULL_THRESH_NEGATE[4] in module wr_logic is either unconnected or has no load
INFO: [Synth 8-7129] Port PROG_FULL_THRESH_NEGATE[3] in module wr_logic is either unconnected or has no load
INFO: [Synth 8-7129] Port PROG_FULL_THRESH_NEGATE[2] in module wr_logic is either unconnected or has no load
INFO: [Synth 8-7129] Port PROG_FULL_THRESH_NEGATE[1] in module wr_logic is either unconnected or has no load
INFO: [Synth 8-7129] Port PROG_FULL_THRESH_NEGATE[0] in module wr_logic is either unconnected or has no load
INFO: [Synth 8-7129] Port RD_RST in module rd_status_flags_ss is either unconnected or has no load
INFO: [Synth 8-7129] Port SAFETY_CKT_RD_RST in module rd_status_flags_ss is either unconnected or has no load
INFO: [Synth 8-7129] Port RD_PNTR_PLUS2[6] in module rd_status_flags_ss is either unconnected or has no load
INFO: [Synth 8-7129] Port RD_PNTR_PLUS2[5] in module rd_status_flags_ss is either unconnected or has no load
INFO: [Synth 8-7129] Port RD_PNTR_PLUS2[4] in module rd_status_flags_ss is either unconnected or has no load
INFO: [Synth 8-7129] Port RD_PNTR_PLUS2[3] in module rd_status_flags_ss is either unconnected or has no load
INFO: [Synth 8-7129] Port RD_PNTR_PLUS2[2] in module rd_status_flags_ss is either unconnected or has no load
INFO: [Synth 8-7129] Port RD_PNTR_PLUS2[1] in module rd_status_flags_ss is either unconnected or has no load
INFO: [Synth 8-7129] Port RD_PNTR_PLUS2[0] in module rd_status_flags_ss is either unconnected or has no load
INFO: [Synth 8-7129] Port RST in module rd_bin_cntr is either unconnected or has no load
INFO: [Synth 8-7129] Port RD_EN_INTO_LOGIC in module rd_logic is either unconnected or has no load
INFO: [Synth 8-7129] Port RD_RST_INTO_LOGIC in module rd_logic is either unconnected or has no load
INFO: [Synth 8-7129] Port RD_RST_BUSY in module rd_logic is either unconnected or has no load
INFO: [Synth 8-7129] Port RST_FULL_FF in module rd_logic is either unconnected or has no load
INFO: [Synth 8-7129] Port ALMOST_FULL_FB in module rd_logic is either unconnected or has no load
INFO: [Synth 8-7129] Port FULL in module rd_logic is either unconnected or has no load
INFO: [Synth 8-7129] Port WR_PNTR_PLUS1_RD[6] in module rd_logic is either unconnected or has no load
INFO: [Synth 8-7129] Port WR_PNTR_PLUS1_RD[5] in module rd_logic is either unconnected or has no load
INFO: [Synth 8-7129] Port WR_PNTR_PLUS1_RD[4] in module rd_logic is either unconnected or has no load
INFO: [Synth 8-7129] Port WR_PNTR_PLUS1_RD[3] in module rd_logic is either unconnected or has no load
INFO: [Common 17-14] Message 'Synth 8-7129' appears 100 times and further instances of the messages will be disabled. Use the Tcl command set_msg_config to change the current settings.
---------------------------------------------------------------------------------
Finished RTL Elaboration : Time (s): cpu = 00:00:26 ; elapsed = 00:00:35 . Memory (MB): peak = 1658.117 ; gain = 939.719
---------------------------------------------------------------------------------
---------------------------------------------------------------------------------
Start Handling Custom Attributes
---------------------------------------------------------------------------------
---------------------------------------------------------------------------------
Finished Handling Custom Attributes : Time (s): cpu = 00:00:26 ; elapsed = 00:00:35 . Memory (MB): peak = 1658.117 ; gain = 939.719
---------------------------------------------------------------------------------
---------------------------------------------------------------------------------
Finished RTL Optimization Phase 1 : Time (s): cpu = 00:00:26 ; elapsed = 00:00:35 . Memory (MB): peak = 1658.117 ; gain = 939.719
---------------------------------------------------------------------------------
Netlist sorting complete. Time (s): cpu = 00:00:00 ; elapsed = 00:00:00.031 . Memory (MB): peak = 1658.117 ; gain = 0.000
INFO: [Netlist 29-17] Analyzing 1 Unisim elements for replacement
INFO: [Netlist 29-28] Unisim Transformation completed in 0 CPU seconds
INFO: [Project 1-570] Preparing netlist for logic optimization

Processing XDC Constraints
Initializing timing engine
Parsing XDC File [c:/Users/aysha/Desktop/project/CRYSTALS-Kyber/Crystals-kyber/Crystals-kyber.gen/sources_1/ip/fifo_generator_5/fifo_generator_5_ooc.xdc] for cell 'U0'
Finished Parsing XDC File [c:/Users/aysha/Desktop/project/CRYSTALS-Kyber/Crystals-kyber/Crystals-kyber.gen/sources_1/ip/fifo_generator_5/fifo_generator_5_ooc.xdc] for cell 'U0'
Parsing XDC File [c:/Users/aysha/Desktop/project/CRYSTALS-Kyber/Crystals-kyber/Crystals-kyber.gen/sources_1/ip/fifo_generator_5/fifo_generator_5.xdc] for cell 'U0'
Finished Parsing XDC File [c:/Users/aysha/Desktop/project/CRYSTALS-Kyber/Crystals-kyber/Crystals-kyber.gen/sources_1/ip/fifo_generator_5/fifo_generator_5.xdc] for cell 'U0'
Parsing XDC File [C:/Users/aysha/Desktop/project/CRYSTALS-Kyber/Crystals-kyber/Crystals-kyber.runs/fifo_generator_5_synth_1/dont_touch.xdc]
Finished Parsing XDC File [C:/Users/aysha/Desktop/project/CRYSTALS-Kyber/Crystals-kyber/Crystals-kyber.runs/fifo_generator_5_synth_1/dont_touch.xdc]
Completed Processing XDC Constraints

Netlist sorting complete. Time (s): cpu = 00:00:00 ; elapsed = 00:00:00.001 . Memory (MB): peak = 1658.117 ; gain = 0.000
INFO: [Project 1-111] Unisim Transformation Summary:
No Unisim elements were transformed.

Constraint Validation Runtime : Time (s): cpu = 00:00:00 ; elapsed = 00:00:00.184 . Memory (MB): peak = 1658.117 ; gain = 0.000
INFO: [Designutils 20-5008] Incremental synthesis strategy off
---------------------------------------------------------------------------------
Finished Constraint Validation : Time (s): cpu = 00:00:40 ; elapsed = 00:00:52 . Memory (MB): peak = 1658.117 ; gain = 939.719
---------------------------------------------------------------------------------
---------------------------------------------------------------------------------
Start Loading Part and Timing Information
---------------------------------------------------------------------------------
Loading part: xc7a12tcpg238-1
---------------------------------------------------------------------------------
Finished Loading Part and Timing Information : Time (s): cpu = 00:00:40 ; elapsed = 00:00:52 . Memory (MB): peak = 1658.117 ; gain = 939.719
---------------------------------------------------------------------------------
---------------------------------------------------------------------------------
Start Applying 'set_property' XDC Constraints
---------------------------------------------------------------------------------
---------------------------------------------------------------------------------
Finished applying 'set_property' XDC Constraints : Time (s): cpu = 00:00:40 ; elapsed = 00:00:52 . Memory (MB): peak = 1658.117 ; gain = 939.719
---------------------------------------------------------------------------------
---------------------------------------------------------------------------------
Finished RTL Optimization Phase 2 : Time (s): cpu = 00:00:41 ; elapsed = 00:00:53 . Memory (MB): peak = 1658.117 ; gain = 939.719
---------------------------------------------------------------------------------
---------------------------------------------------------------------------------
Start RTL Component Statistics 
---------------------------------------------------------------------------------
---------------------------------------------------------------------------------
Finished RTL Component Statistics 
---------------------------------------------------------------------------------
---------------------------------------------------------------------------------
Start Part Resource Summary
---------------------------------------------------------------------------------
Part Resources:
DSPs: 40 (col length:40)
BRAMs: 40 (col length: RAMB18 40 RAMB36 20)
---------------------------------------------------------------------------------
Finished Part Resource Summary
---------------------------------------------------------------------------------
---------------------------------------------------------------------------------
Start Cross Boundary and Area Optimization
---------------------------------------------------------------------------------
---------------------------------------------------------------------------------
Finished Cross Boundary and Area Optimization : Time (s): cpu = 00:00:44 ; elapsed = 00:00:56 . Memory (MB): peak = 1658.117 ; gain = 939.719
---------------------------------------------------------------------------------
---------------------------------------------------------------------------------
Start Applying XDC Timing Constraints
---------------------------------------------------------------------------------
---------------------------------------------------------------------------------
Finished Applying XDC Timing Constraints : Time (s): cpu = 00:00:53 ; elapsed = 00:01:06 . Memory (MB): peak = 1658.117 ; gain = 939.719
---------------------------------------------------------------------------------
---------------------------------------------------------------------------------
Start Timing Optimization
---------------------------------------------------------------------------------
---------------------------------------------------------------------------------
Finished Timing Optimization : Time (s): cpu = 00:00:53 ; elapsed = 00:01:06 . Memory (MB): peak = 1658.117 ; gain = 939.719
---------------------------------------------------------------------------------
---------------------------------------------------------------------------------
Start Technology Mapping
---------------------------------------------------------------------------------
---------------------------------------------------------------------------------
Finished Technology Mapping : Time (s): cpu = 00:00:53 ; elapsed = 00:01:06 . Memory (MB): peak = 1658.117 ; gain = 939.719
---------------------------------------------------------------------------------
---------------------------------------------------------------------------------
Start IO Insertion
---------------------------------------------------------------------------------
---------------------------------------------------------------------------------
Start Flattening Before IO Insertion
---------------------------------------------------------------------------------
---------------------------------------------------------------------------------
Finished Flattening Before IO Insertion
---------------------------------------------------------------------------------
---------------------------------------------------------------------------------
Start Final Netlist Cleanup
---------------------------------------------------------------------------------
---------------------------------------------------------------------------------
Finished Final Netlist Cleanup
---------------------------------------------------------------------------------
---------------------------------------------------------------------------------
Finished IO Insertion : Time (s): cpu = 00:01:01 ; elapsed = 00:01:17 . Memory (MB): peak = 1870.289 ; gain = 1151.891
---------------------------------------------------------------------------------
---------------------------------------------------------------------------------
Start Renaming Generated Instances
---------------------------------------------------------------------------------
---------------------------------------------------------------------------------
Finished Renaming Generated Instances : Time (s): cpu = 00:01:01 ; elapsed = 00:01:17 . Memory (MB): peak = 1870.289 ; gain = 1151.891
---------------------------------------------------------------------------------
---------------------------------------------------------------------------------
Start Rebuilding User Hierarchy
---------------------------------------------------------------------------------
---------------------------------------------------------------------------------
Finished Rebuilding User Hierarchy : Time (s): cpu = 00:01:01 ; elapsed = 00:01:17 . Memory (MB): peak = 1870.289 ; gain = 1151.891
---------------------------------------------------------------------------------
---------------------------------------------------------------------------------
Start Renaming Generated Ports
---------------------------------------------------------------------------------
---------------------------------------------------------------------------------
Finished Renaming Generated Ports : Time (s): cpu = 00:01:01 ; elapsed = 00:01:17 . Memory (MB): peak = 1870.289 ; gain = 1151.891
---------------------------------------------------------------------------------
---------------------------------------------------------------------------------
Start Handling Custom Attributes
---------------------------------------------------------------------------------
---------------------------------------------------------------------------------
Finished Handling Custom Attributes : Time (s): cpu = 00:01:01 ; elapsed = 00:01:17 . Memory (MB): peak = 1870.289 ; gain = 1151.891
---------------------------------------------------------------------------------
---------------------------------------------------------------------------------
Start Renaming Generated Nets
---------------------------------------------------------------------------------
---------------------------------------------------------------------------------
Finished Renaming Generated Nets : Time (s): cpu = 00:01:01 ; elapsed = 00:01:17 . Memory (MB): peak = 1870.289 ; gain = 1151.891
---------------------------------------------------------------------------------
---------------------------------------------------------------------------------
Start Writing Synthesis Report
---------------------------------------------------------------------------------

Report BlackBoxes: 
+-+--------------+----------+
| |BlackBox name |Instances |
+-+--------------+----------+
+-+--------------+----------+

Report Cell Usage: 
+------+---------+------+
|      |Cell     |Count |
+------+---------+------+
|1     |LUT1     |     5|
|2     |LUT2     |     4|
|3     |LUT3     |     5|
|4     |LUT4     |     5|
|5     |LUT5     |     4|
|6     |LUT6     |    10|
|7     |RAMB18E1 |     1|
|8     |FDRE     |    28|
|9     |FDSE     |     4|
+------+---------+------+
---------------------------------------------------------------------------------
Finished Writing Synthesis Report : Time (s): cpu = 00:01:01 ; elapsed = 00:01:17 . Memory (MB): peak = 1870.289 ; gain = 1151.891
---------------------------------------------------------------------------------
Synthesis finished with 0 errors, 0 critical warnings and 0 warnings.
Synthesis Optimization Runtime : Time (s): cpu = 00:00:32 ; elapsed = 00:01:12 . Memory (MB): peak = 1870.289 ; gain = 1151.891
Synthesis Optimization Complete : Time (s): cpu = 00:01:02 ; elapsed = 00:01:18 . Memory (MB): peak = 1870.289 ; gain = 1151.891
INFO: [Project 1-571] Translating synthesized netlist
Netlist sorting complete. Time (s): cpu = 00:00:00 ; elapsed = 00:00:00.014 . Memory (MB): peak = 1870.289 ; gain = 0.000
INFO: [Netlist 29-17] Analyzing 1 Unisim elements for replacement
INFO: [Netlist 29-28] Unisim Transformation completed in 0 CPU seconds
INFO: [Project 1-570] Preparing netlist for logic optimization
INFO: [Opt 31-138] Pushed 0 inverter(s) to 0 load pin(s).
Netlist sorting complete. Time (s): cpu = 00:00:00 ; elapsed = 00:00:00 . Memory (MB): peak = 1883.180 ; gain = 0.000
INFO: [Project 1-111] Unisim Transformation Summary:
No Unisim elements were transformed.

Synth Design complete | Checksum: 4b51ef6c
INFO: [Common 17-83] Releasing license: Synthesis
121 Infos, 0 Warnings, 0 Critical Warnings and 0 Errors encountered.
synth_design completed successfully
synth_design: Time (s): cpu = 00:01:10 ; elapsed = 00:01:33 . Memory (MB): peak = 1883.180 ; gain = 1345.371
Write ShapeDB Complete: Time (s): cpu = 00:00:00 ; elapsed = 00:00:00.032 . Memory (MB): peak = 1883.180 ; gain = 0.000
INFO: [Common 17-1381] The checkpoint 'C:/Users/aysha/Desktop/project/CRYSTALS-Kyber/Crystals-kyber/Crystals-kyber.runs/fifo_generator_5_synth_1/fifo_generator_5.dcp' has been generated.
INFO: [Coretcl 2-1648] Added synthesis output to IP cache for IP fifo_generator_5, cache-ID = 86316542a6abb68f
INFO: [Coretcl 2-1174] Renamed 18 cell refs.
Write ShapeDB Complete: Time (s): cpu = 00:00:00 ; elapsed = 00:00:00.005 . Memory (MB): peak = 1883.180 ; gain = 0.000
INFO: [Common 17-1381] The checkpoint 'C:/Users/aysha/Desktop/project/CRYSTALS-Kyber/Crystals-kyber/Crystals-kyber.runs/fifo_generator_5_synth_1/fifo_generator_5.dcp' has been generated.
INFO: [Vivado 12-24828] Executing command : report_utilization -file fifo_generator_5_utilization_synth.rpt -pb fifo_generator_5_utilization_synth.pb
INFO: [Common 17-206] Exiting Vivado at Sat Aug 22 17:27:21 2026...
[Sat Aug 22 17:27:28 2026] fifo_generator_5_synth_1 finished
wait_on_runs: Time (s): cpu = 00:00:03 ; elapsed = 00:02:12 . Memory (MB): peak = 598.504 ; gain = 0.000
IP_RUN_DONE fifo_generator_5_synth_1 STATUS=synth_design Complete! PROGRESS=100%
[Sat Aug 22 17:27:28 2026] Waiting for fifo_generator_7_synth_1 to finish...

*** Running vivado
    with args -log fifo_generator_7.vds -m64 -product Vivado -mode batch -messageDb vivado.pb -notrace -source fifo_generator_7.tcl



****** Vivado v2025.2 (64-bit)
  **** SW Build 6299465 on Fri Nov 14 19:35:11 GMT 2025
  **** IP Build 6300035 on Fri Nov 14 10:48:45 MST 2025
  **** SharedData Build 6298862 on Thu Nov 13 04:50:51 MST 2025
  **** Start of session at: Sat Aug 22 17:25:20 2026
    ** Copyright 1986-2022 Xilinx, Inc. All Rights Reserved.
    ** Copyright 2022-2025 Advanced Micro Devices, Inc. All Rights Reserved.

source fifo_generator_7.tcl -notrace
create_project: Time (s): cpu = 00:00:13 ; elapsed = 00:00:13 . Memory (MB): peak = 523.969 ; gain = 218.430
Command: synth_design -top fifo_generator_7 -part xc7a12tcpg238-1 -incremental_mode off -mode out_of_context
Starting synth_design
Attempting to get a license for feature 'Synthesis' and/or device 'xc7a12t'
INFO: [Common 17-349] Got license for feature 'Synthesis' and/or device 'xc7a12t'
INFO: [Device 21-403] Loading part xc7a12tcpg238-1
INFO: [Synth 8-7079] Multithreading enabled for synth_design using a maximum of 2 processes.
INFO: [Synth 8-7078] Launching helper process for spawning children vivado processes
INFO: [Synth 8-7075] Helper process launched with PID 40296
---------------------------------------------------------------------------------
Starting RTL Elaboration : Time (s): cpu = 00:00:13 ; elapsed = 00:00:18 . Memory (MB): peak = 1254.742 ; gain = 539.734
---------------------------------------------------------------------------------
INFO: [Synth 8-638] synthesizing module 'fifo_generator_7' [c:/Users/aysha/Desktop/project/CRYSTALS-Kyber/Crystals-kyber/Crystals-kyber.gen/sources_1/ip/fifo_generator_7/synth/fifo_generator_7.vhd:72]
	Parameter C_COMMON_CLOCK bound to: 1 - type: integer 
	Parameter C_SELECT_XPM bound to: 0 - type: integer 
	Parameter C_COUNT_TYPE bound to: 0 - type: integer 
	Parameter C_DATA_COUNT_WIDTH bound to: 6 - type: integer 
	Parameter C_DEFAULT_VALUE bound to: BlankString - type: string 
	Parameter C_DIN_WIDTH bound to: 25 - type: integer 
	Parameter C_DOUT_RST_VAL bound to: 0 - type: string 
	Parameter C_DOUT_WIDTH bound to: 25 - type: integer 
	Parameter C_ENABLE_RLOCS bound to: 0 - type: integer 
	Parameter C_FAMILY bound to: artix7 - type: string 
	Parameter C_FULL_FLAGS_RST_VAL bound to: 0 - type: integer 
	Parameter C_HAS_ALMOST_EMPTY bound to: 0 - type: integer 
	Parameter C_HAS_ALMOST_FULL bound to: 0 - type: integer 
	Parameter C_HAS_BACKUP bound to: 0 - type: integer 
	Parameter C_HAS_DATA_COUNT bound to: 0 - type: integer 
	Parameter C_HAS_INT_CLK bound to: 0 - type: integer 
	Parameter C_HAS_MEMINIT_FILE bound to: 0 - type: integer 
	Parameter C_HAS_OVERFLOW bound to: 0 - type: integer 
	Parameter C_HAS_RD_DATA_COUNT bound to: 0 - type: integer 
	Parameter C_HAS_RD_RST bound to: 0 - type: integer 
	Parameter C_HAS_RST bound to: 0 - type: integer 
	Parameter C_HAS_SRST bound to: 1 - type: integer 
	Parameter C_HAS_UNDERFLOW bound to: 0 - type: integer 
	Parameter C_HAS_VALID bound to: 0 - type: integer 
	Parameter C_HAS_WR_ACK bound to: 0 - type: integer 
	Parameter C_HAS_WR_DATA_COUNT bound to: 0 - type: integer 
	Parameter C_HAS_WR_RST bound to: 0 - type: integer 
	Parameter C_IMPLEMENTATION_TYPE bound to: 0 - type: integer 
	Parameter C_INIT_WR_PNTR_VAL bound to: 0 - type: integer 
	Parameter C_MEMORY_TYPE bound to: 1 - type: integer 
	Parameter C_MIF_FILE_NAME bound to: BlankString - type: string 
	Parameter C_OPTIMIZATION_MODE bound to: 0 - type: integer 
	Parameter C_OVERFLOW_LOW bound to: 0 - type: integer 
	Parameter C_PRELOAD_LATENCY bound to: 1 - type: integer 
	Parameter C_PRELOAD_REGS bound to: 0 - type: integer 
	Parameter C_PRIM_FIFO_TYPE bound to: 512x36 - type: string 
	Parameter C_PROG_EMPTY_THRESH_ASSERT_VAL bound to: 2 - type: integer 
	Parameter C_PROG_EMPTY_THRESH_NEGATE_VAL bound to: 3 - type: integer 
	Parameter C_PROG_EMPTY_TYPE bound to: 0 - type: integer 
	Parameter C_PROG_FULL_THRESH_ASSERT_VAL bound to: 62 - type: integer 
	Parameter C_PROG_FULL_THRESH_NEGATE_VAL bound to: 61 - type: integer 
	Parameter C_PROG_FULL_TYPE bound to: 0 - type: integer 
	Parameter C_RD_DATA_COUNT_WIDTH bound to: 6 - type: integer 
	Parameter C_RD_DEPTH bound to: 64 - type: integer 
	Parameter C_RD_FREQ bound to: 1 - type: integer 
	Parameter C_RD_PNTR_WIDTH bound to: 6 - type: integer 
	Parameter C_UNDERFLOW_LOW bound to: 0 - type: integer 
	Parameter C_USE_DOUT_RST bound to: 1 - type: integer 
	Parameter C_USE_ECC bound to: 0 - type: integer 
	Parameter C_USE_EMBEDDED_REG bound to: 0 - type: integer 
	Parameter C_USE_PIPELINE_REG bound to: 0 - type: integer 
	Parameter C_POWER_SAVING_MODE bound to: 0 - type: integer 
	Parameter C_USE_FIFO16_FLAGS bound to: 0 - type: integer 
	Parameter C_USE_FWFT_DATA_COUNT bound to: 0 - type: integer 
	Parameter C_VALID_LOW bound to: 0 - type: integer 
	Parameter C_WR_ACK_LOW bound to: 0 - type: integer 
	Parameter C_WR_DATA_COUNT_WIDTH bound to: 6 - type: integer 
	Parameter C_WR_DEPTH bound to: 64 - type: integer 
	Parameter C_WR_FREQ bound to: 1 - type: integer 
	Parameter C_WR_PNTR_WIDTH bound to: 6 - type: integer 
	Parameter C_WR_RESPONSE_LATENCY bound to: 1 - type: integer 
	Parameter C_MSGON_VAL bound to: 1 - type: integer 
	Parameter C_ENABLE_RST_SYNC bound to: 1 - type: integer 
	Parameter C_EN_SAFETY_CKT bound to: 0 - type: integer 
	Parameter C_ERROR_INJECTION_TYPE bound to: 0 - type: integer 
	Parameter C_SYNCHRONIZER_STAGE bound to: 2 - type: integer 
	Parameter C_INTERFACE_TYPE bound to: 0 - type: integer 
	Parameter C_AXI_TYPE bound to: 1 - type: integer 
	Parameter C_HAS_AXI_WR_CHANNEL bound to: 1 - type: integer 
	Parameter C_HAS_AXI_RD_CHANNEL bound to: 1 - type: integer 
	Parameter C_HAS_SLAVE_CE bound to: 0 - type: integer 
	Parameter C_HAS_MASTER_CE bound to: 0 - type: integer 
	Parameter C_ADD_NGC_CONSTRAINT bound to: 0 - type: integer 
	Parameter C_USE_COMMON_OVERFLOW bound to: 0 - type: integer 
	Parameter C_USE_COMMON_UNDERFLOW bound to: 0 - type: integer 
	Parameter C_USE_DEFAULT_SETTINGS bound to: 0 - type: integer 
	Parameter C_AXI_ID_WIDTH bound to: 1 - type: integer 
	Parameter C_AXI_ADDR_WIDTH bound to: 32 - type: integer 
	Parameter C_AXI_DATA_WIDTH bound to: 64 - type: integer 
	Parameter C_AXI_LEN_WIDTH bound to: 8 - type: integer 
	Parameter C_AXI_LOCK_WIDTH bound to: 1 - type: integer 
	Parameter C_HAS_AXI_ID bound to: 0 - type: integer 
	Parameter C_HAS_AXI_AWUSER bound to: 0 - type: integer 
	Parameter C_HAS_AXI_WUSER bound to: 0 - type: integer 
	Parameter C_HAS_AXI_BUSER bound to: 0 - type: integer 
	Parameter C_HAS_AXI_ARUSER bound to: 0 - type: integer 
	Parameter C_HAS_AXI_RUSER bound to: 0 - type: integer 
	Parameter C_AXI_ARUSER_WIDTH bound to: 1 - type: integer 
	Parameter C_AXI_AWUSER_WIDTH bound to: 1 - type: integer 
	Parameter C_AXI_WUSER_WIDTH bound to: 1 - type: integer 
	Parameter C_AXI_BUSER_WIDTH bound to: 1 - type: integer 
	Parameter C_AXI_RUSER_WIDTH bound to: 1 - type: integer 
	Parameter C_HAS_AXIS_TDATA bound to: 1 - type: integer 
	Parameter C_HAS_AXIS_TID bound to: 0 - type: integer 
	Parameter C_HAS_AXIS_TDEST bound to: 0 - type: integer 
	Parameter C_HAS_AXIS_TUSER bound to: 1 - type: integer 
	Parameter C_HAS_AXIS_TREADY bound to: 1 - type: integer 
	Parameter C_HAS_AXIS_TLAST bound to: 0 - type: integer 
	Parameter C_HAS_AXIS_TSTRB bound to: 0 - type: integer 
	Parameter C_HAS_AXIS_TKEEP bound to: 0 - type: integer 
	Parameter C_AXIS_TDATA_WIDTH bound to: 8 - type: integer 
	Parameter C_AXIS_TID_WIDTH bound to: 1 - type: integer 
	Parameter C_AXIS_TDEST_WIDTH bound to: 1 - type: integer 
	Parameter C_AXIS_TUSER_WIDTH bound to: 4 - type: integer 
	Parameter C_AXIS_TSTRB_WIDTH bound to: 1 - type: integer 
	Parameter C_AXIS_TKEEP_WIDTH bound to: 1 - type: integer 
	Parameter C_WACH_TYPE bound to: 0 - type: integer 
	Parameter C_WDCH_TYPE bound to: 0 - type: integer 
	Parameter C_WRCH_TYPE bound to: 0 - type: integer 
	Parameter C_RACH_TYPE bound to: 0 - type: integer 
	Parameter C_RDCH_TYPE bound to: 0 - type: integer 
	Parameter C_AXIS_TYPE bound to: 0 - type: integer 
	Parameter C_IMPLEMENTATION_TYPE_WACH bound to: 1 - type: integer 
	Parameter C_IMPLEMENTATION_TYPE_WDCH bound to: 1 - type: integer 
	Parameter C_IMPLEMENTATION_TYPE_WRCH bound to: 1 - type: integer 
	Parameter C_IMPLEMENTATION_TYPE_RACH bound to: 1 - type: integer 
	Parameter C_IMPLEMENTATION_TYPE_RDCH bound to: 1 - type: integer 
	Parameter C_IMPLEMENTATION_TYPE_AXIS bound to: 1 - type: integer 
	Parameter C_APPLICATION_TYPE_WACH bound to: 0 - type: integer 
	Parameter C_APPLICATION_TYPE_WDCH bound to: 0 - type: integer 
	Parameter C_APPLICATION_TYPE_WRCH bound to: 0 - type: integer 
	Parameter C_APPLICATION_TYPE_RACH bound to: 0 - type: integer 
	Parameter C_APPLICATION_TYPE_RDCH bound to: 0 - type: integer 
	Parameter C_APPLICATION_TYPE_AXIS bound to: 0 - type: integer 
	Parameter C_PRIM_FIFO_TYPE_WACH bound to: 512x36 - type: string 
	Parameter C_PRIM_FIFO_TYPE_WDCH bound to: 1kx36 - type: string 
	Parameter C_PRIM_FIFO_TYPE_WRCH bound to: 512x36 - type: string 
	Parameter C_PRIM_FIFO_TYPE_RACH bound to: 512x36 - type: string 
	Parameter C_PRIM_FIFO_TYPE_RDCH bound to: 1kx36 - type: string 
	Parameter C_PRIM_FIFO_TYPE_AXIS bound to: 1kx18 - type: string 
	Parameter C_USE_ECC_WACH bound to: 0 - type: integer 
	Parameter C_USE_ECC_WDCH bound to: 0 - type: integer 
	Parameter C_USE_ECC_WRCH bound to: 0 - type: integer 
	Parameter C_USE_ECC_RACH bound to: 0 - type: integer 
	Parameter C_USE_ECC_RDCH bound to: 0 - type: integer 
	Parameter C_USE_ECC_AXIS bound to: 0 - type: integer 
	Parameter C_ERROR_INJECTION_TYPE_WACH bound to: 0 - type: integer 
	Parameter C_ERROR_INJECTION_TYPE_WDCH bound to: 0 - type: integer 
	Parameter C_ERROR_INJECTION_TYPE_WRCH bound to: 0 - type: integer 
	Parameter C_ERROR_INJECTION_TYPE_RACH bound to: 0 - type: integer 
	Parameter C_ERROR_INJECTION_TYPE_RDCH bound to: 0 - type: integer 
	Parameter C_ERROR_INJECTION_TYPE_AXIS bound to: 0 - type: integer 
	Parameter C_DIN_WIDTH_WACH bound to: 1 - type: integer 
	Parameter C_DIN_WIDTH_WDCH bound to: 64 - type: integer 
	Parameter C_DIN_WIDTH_WRCH bound to: 2 - type: integer 
	Parameter C_DIN_WIDTH_RACH bound to: 32 - type: integer 
	Parameter C_DIN_WIDTH_RDCH bound to: 64 - type: integer 
	Parameter C_DIN_WIDTH_AXIS bound to: 1 - type: integer 
	Parameter C_WR_DEPTH_WACH bound to: 16 - type: integer 
	Parameter C_WR_DEPTH_WDCH bound to: 1024 - type: integer 
	Parameter C_WR_DEPTH_WRCH bound to: 16 - type: integer 
	Parameter C_WR_DEPTH_RACH bound to: 16 - type: integer 
	Parameter C_WR_DEPTH_RDCH bound to: 1024 - type: integer 
	Parameter C_WR_DEPTH_AXIS bound to: 1024 - type: integer 
	Parameter C_WR_PNTR_WIDTH_WACH bound to: 4 - type: integer 
	Parameter C_WR_PNTR_WIDTH_WDCH bound to: 10 - type: integer 
	Parameter C_WR_PNTR_WIDTH_WRCH bound to: 4 - type: integer 
	Parameter C_WR_PNTR_WIDTH_RACH bound to: 4 - type: integer 
	Parameter C_WR_PNTR_WIDTH_RDCH bound to: 10 - type: integer 
	Parameter C_WR_PNTR_WIDTH_AXIS bound to: 10 - type: integer 
	Parameter C_HAS_DATA_COUNTS_WACH bound to: 0 - type: integer 
	Parameter C_HAS_DATA_COUNTS_WDCH bound to: 0 - type: integer 
	Parameter C_HAS_DATA_COUNTS_WRCH bound to: 0 - type: integer 
	Parameter C_HAS_DATA_COUNTS_RACH bound to: 0 - type: integer 
	Parameter C_HAS_DATA_COUNTS_RDCH bound to: 0 - type: integer 
	Parameter C_HAS_DATA_COUNTS_AXIS bound to: 0 - type: integer 
	Parameter C_HAS_PROG_FLAGS_WACH bound to: 0 - type: integer 
	Parameter C_HAS_PROG_FLAGS_WDCH bound to: 0 - type: integer 
	Parameter C_HAS_PROG_FLAGS_WRCH bound to: 0 - type: integer 
	Parameter C_HAS_PROG_FLAGS_RACH bound to: 0 - type: integer 
	Parameter C_HAS_PROG_FLAGS_RDCH bound to: 0 - type: integer 
	Parameter C_HAS_PROG_FLAGS_AXIS bound to: 0 - type: integer 
	Parameter C_PROG_FULL_TYPE_WACH bound to: 0 - type: integer 
	Parameter C_PROG_FULL_TYPE_WDCH bound to: 0 - type: integer 
	Parameter C_PROG_FULL_TYPE_WRCH bound to: 0 - type: integer 
	Parameter C_PROG_FULL_TYPE_RACH bound to: 0 - type: integer 
	Parameter C_PROG_FULL_TYPE_RDCH bound to: 0 - type: integer 
	Parameter C_PROG_FULL_TYPE_AXIS bound to: 0 - type: integer 
	Parameter C_PROG_FULL_THRESH_ASSERT_VAL_WACH bound to: 1023 - type: integer 
	Parameter C_PROG_FULL_THRESH_ASSERT_VAL_WDCH bound to: 1023 - type: integer 
	Parameter C_PROG_FULL_THRESH_ASSERT_VAL_WRCH bound to: 1023 - type: integer 
	Parameter C_PROG_FULL_THRESH_ASSERT_VAL_RACH bound to: 1023 - type: integer 
	Parameter C_PROG_FULL_THRESH_ASSERT_VAL_RDCH bound to: 1023 - type: integer 
	Parameter C_PROG_FULL_THRESH_ASSERT_VAL_AXIS bound to: 1023 - type: integer 
	Parameter C_PROG_EMPTY_TYPE_WACH bound to: 0 - type: integer 
	Parameter C_PROG_EMPTY_TYPE_WDCH bound to: 0 - type: integer 
	Parameter C_PROG_EMPTY_TYPE_WRCH bound to: 0 - type: integer 
	Parameter C_PROG_EMPTY_TYPE_RACH bound to: 0 - type: integer 
	Parameter C_PROG_EMPTY_TYPE_RDCH bound to: 0 - type: integer 
	Parameter C_PROG_EMPTY_TYPE_AXIS bound to: 0 - type: integer 
	Parameter C_PROG_EMPTY_THRESH_ASSERT_VAL_WACH bound to: 1022 - type: integer 
	Parameter C_PROG_EMPTY_THRESH_ASSERT_VAL_WDCH bound to: 1022 - type: integer 
	Parameter C_PROG_EMPTY_THRESH_ASSERT_VAL_WRCH bound to: 1022 - type: integer 
	Parameter C_PROG_EMPTY_THRESH_ASSERT_VAL_RACH bound to: 1022 - type: integer 
	Parameter C_PROG_EMPTY_THRESH_ASSERT_VAL_RDCH bound to: 1022 - type: integer 
	Parameter C_PROG_EMPTY_THRESH_ASSERT_VAL_AXIS bound to: 1022 - type: integer 
	Parameter C_REG_SLICE_MODE_WACH bound to: 0 - type: integer 
	Parameter C_REG_SLICE_MODE_WDCH bound to: 0 - type: integer 
	Parameter C_REG_SLICE_MODE_WRCH bound to: 0 - type: integer 
	Parameter C_REG_SLICE_MODE_RACH bound to: 0 - type: integer 
	Parameter C_REG_SLICE_MODE_RDCH bound to: 0 - type: integer 
	Parameter C_REG_SLICE_MODE_AXIS bound to: 0 - type: integer 
INFO: [Synth 8-3491] module 'fifo_generator_v13_2_14' declared at 'c:/Users/aysha/Desktop/project/CRYSTALS-Kyber/Crystals-kyber/Crystals-kyber.gen/sources_1/ip/fifo_generator_7/hdl/fifo_generator_v13_2_vhsyn_rfs.vhd:38308' bound to instance 'U0' of component 'fifo_generator_v13_2_14' [c:/Users/aysha/Desktop/project/CRYSTALS-Kyber/Crystals-kyber/Crystals-kyber.gen/sources_1/ip/fifo_generator_7/synth/fifo_generator_7.vhd:544]
INFO: [Synth 8-256] done synthesizing module 'fifo_generator_7' (0#1) [c:/Users/aysha/Desktop/project/CRYSTALS-Kyber/Crystals-kyber/Crystals-kyber.gen/sources_1/ip/fifo_generator_7/synth/fifo_generator_7.vhd:72]
INFO: [Synth 8-7129] Port ALMOST_FULL_I in module output_blk is either unconnected or has no load
INFO: [Synth 8-7129] Port PROG_FULL_I in module output_blk is either unconnected or has no load
INFO: [Synth 8-7129] Port ALMOST_EMPTY_I in module output_blk is either unconnected or has no load
INFO: [Synth 8-7129] Port PROG_EMPTY_I in module output_blk is either unconnected or has no load
INFO: [Synth 8-7129] Port WR_ACK_I in module output_blk is either unconnected or has no load
INFO: [Synth 8-7129] Port VALID_I in module output_blk is either unconnected or has no load
INFO: [Synth 8-7129] Port OVERFLOW_I in module output_blk is either unconnected or has no load
INFO: [Synth 8-7129] Port UNDERFLOW_I in module output_blk is either unconnected or has no load
INFO: [Synth 8-7129] Port DATA_COUNT_I[6] in module output_blk is either unconnected or has no load
INFO: [Synth 8-7129] Port DATA_COUNT_I[5] in module output_blk is either unconnected or has no load
INFO: [Synth 8-7129] Port DATA_COUNT_I[4] in module output_blk is either unconnected or has no load
INFO: [Synth 8-7129] Port DATA_COUNT_I[3] in module output_blk is either unconnected or has no load
INFO: [Synth 8-7129] Port DATA_COUNT_I[2] in module output_blk is either unconnected or has no load
INFO: [Synth 8-7129] Port DATA_COUNT_I[1] in module output_blk is either unconnected or has no load
INFO: [Synth 8-7129] Port DATA_COUNT_I[0] in module output_blk is either unconnected or has no load
INFO: [Synth 8-7129] Port WR_DATA_COUNT_I[6] in module output_blk is either unconnected or has no load
INFO: [Synth 8-7129] Port WR_DATA_COUNT_I[5] in module output_blk is either unconnected or has no load
INFO: [Synth 8-7129] Port WR_DATA_COUNT_I[4] in module output_blk is either unconnected or has no load
INFO: [Synth 8-7129] Port WR_DATA_COUNT_I[3] in module output_blk is either unconnected or has no load
INFO: [Synth 8-7129] Port WR_DATA_COUNT_I[2] in module output_blk is either unconnected or has no load
INFO: [Synth 8-7129] Port WR_DATA_COUNT_I[1] in module output_blk is either unconnected or has no load
INFO: [Synth 8-7129] Port WR_DATA_COUNT_I[0] in module output_blk is either unconnected or has no load
INFO: [Synth 8-7129] Port RD_DATA_COUNT_I[6] in module output_blk is either unconnected or has no load
INFO: [Synth 8-7129] Port RD_DATA_COUNT_I[5] in module output_blk is either unconnected or has no load
INFO: [Synth 8-7129] Port RD_DATA_COUNT_I[4] in module output_blk is either unconnected or has no load
INFO: [Synth 8-7129] Port RD_DATA_COUNT_I[3] in module output_blk is either unconnected or has no load
INFO: [Synth 8-7129] Port RD_DATA_COUNT_I[2] in module output_blk is either unconnected or has no load
INFO: [Synth 8-7129] Port RD_DATA_COUNT_I[1] in module output_blk is either unconnected or has no load
INFO: [Synth 8-7129] Port RD_DATA_COUNT_I[0] in module output_blk is either unconnected or has no load
INFO: [Synth 8-7129] Port SBITERR_I in module output_blk is either unconnected or has no load
INFO: [Synth 8-7129] Port DBITERR_I in module output_blk is either unconnected or has no load
INFO: [Synth 8-7129] Port RST_FULL_FF in module wr_status_flags_ss is either unconnected or has no load
INFO: [Synth 8-7129] Port WR_RST in module wr_status_flags_ss is either unconnected or has no load
INFO: [Synth 8-7129] Port SRST in module wr_status_flags_ss is either unconnected or has no load
INFO: [Synth 8-7129] Port SAFETY_CKT_WR_RST in module wr_status_flags_ss is either unconnected or has no load
INFO: [Synth 8-7129] Port WR_PNTR_PLUS2[5] in module wr_status_flags_ss is either unconnected or has no load
INFO: [Synth 8-7129] Port WR_PNTR_PLUS2[4] in module wr_status_flags_ss is either unconnected or has no load
INFO: [Synth 8-7129] Port WR_PNTR_PLUS2[3] in module wr_status_flags_ss is either unconnected or has no load
INFO: [Synth 8-7129] Port WR_PNTR_PLUS2[2] in module wr_status_flags_ss is either unconnected or has no load
INFO: [Synth 8-7129] Port WR_PNTR_PLUS2[1] in module wr_status_flags_ss is either unconnected or has no load
INFO: [Synth 8-7129] Port WR_PNTR_PLUS2[0] in module wr_status_flags_ss is either unconnected or has no load
INFO: [Synth 8-7129] Port WR_PNTR_PLUS3[5] in module wr_status_flags_ss is either unconnected or has no load
INFO: [Synth 8-7129] Port WR_PNTR_PLUS3[4] in module wr_status_flags_ss is either unconnected or has no load
INFO: [Synth 8-7129] Port WR_PNTR_PLUS3[3] in module wr_status_flags_ss is either unconnected or has no load
INFO: [Synth 8-7129] Port WR_PNTR_PLUS3[2] in module wr_status_flags_ss is either unconnected or has no load
INFO: [Synth 8-7129] Port WR_PNTR_PLUS3[1] in module wr_status_flags_ss is either unconnected or has no load
INFO: [Synth 8-7129] Port WR_PNTR_PLUS3[0] in module wr_status_flags_ss is either unconnected or has no load
INFO: [Synth 8-7129] Port RST in module wr_bin_cntr is either unconnected or has no load
INFO: [Synth 8-7129] Port WR_EN_INTO_LOGIC in module wr_logic is either unconnected or has no load
INFO: [Synth 8-7129] Port WR_RST_INTO_LOGIC in module wr_logic is either unconnected or has no load
INFO: [Synth 8-7129] Port RD_EN in module wr_logic is either unconnected or has no load
INFO: [Synth 8-7129] Port WR_RST_BUSY in module wr_logic is either unconnected or has no load
INFO: [Synth 8-7129] Port EMPTY in module wr_logic is either unconnected or has no load
INFO: [Synth 8-7129] Port ALMOST_EMPTY in module wr_logic is either unconnected or has no load
INFO: [Synth 8-7129] Port PROG_FULL_THRESH[5] in module wr_logic is either unconnected or has no load
INFO: [Synth 8-7129] Port PROG_FULL_THRESH[4] in module wr_logic is either unconnected or has no load
INFO: [Synth 8-7129] Port PROG_FULL_THRESH[3] in module wr_logic is either unconnected or has no load
INFO: [Synth 8-7129] Port PROG_FULL_THRESH[2] in module wr_logic is either unconnected or has no load
INFO: [Synth 8-7129] Port PROG_FULL_THRESH[1] in module wr_logic is either unconnected or has no load
INFO: [Synth 8-7129] Port PROG_FULL_THRESH[0] in module wr_logic is either unconnected or has no load
INFO: [Synth 8-7129] Port PROG_FULL_THRESH_ASSERT[5] in module wr_logic is either unconnected or has no load
INFO: [Synth 8-7129] Port PROG_FULL_THRESH_ASSERT[4] in module wr_logic is either unconnected or has no load
INFO: [Synth 8-7129] Port PROG_FULL_THRESH_ASSERT[3] in module wr_logic is either unconnected or has no load
INFO: [Synth 8-7129] Port PROG_FULL_THRESH_ASSERT[2] in module wr_logic is either unconnected or has no load
INFO: [Synth 8-7129] Port PROG_FULL_THRESH_ASSERT[1] in module wr_logic is either unconnected or has no load
INFO: [Synth 8-7129] Port PROG_FULL_THRESH_ASSERT[0] in module wr_logic is either unconnected or has no load
INFO: [Synth 8-7129] Port PROG_FULL_THRESH_NEGATE[5] in module wr_logic is either unconnected or has no load
INFO: [Synth 8-7129] Port PROG_FULL_THRESH_NEGATE[4] in module wr_logic is either unconnected or has no load
INFO: [Synth 8-7129] Port PROG_FULL_THRESH_NEGATE[3] in module wr_logic is either unconnected or has no load
INFO: [Synth 8-7129] Port PROG_FULL_THRESH_NEGATE[2] in module wr_logic is either unconnected or has no load
INFO: [Synth 8-7129] Port PROG_FULL_THRESH_NEGATE[1] in module wr_logic is either unconnected or has no load
INFO: [Synth 8-7129] Port PROG_FULL_THRESH_NEGATE[0] in module wr_logic is either unconnected or has no load
INFO: [Synth 8-7129] Port RD_RST in module rd_status_flags_ss is either unconnected or has no load
INFO: [Synth 8-7129] Port SAFETY_CKT_RD_RST in module rd_status_flags_ss is either unconnected or has no load
INFO: [Synth 8-7129] Port RD_PNTR_PLUS2[5] in module rd_status_flags_ss is either unconnected or has no load
INFO: [Synth 8-7129] Port RD_PNTR_PLUS2[4] in module rd_status_flags_ss is either unconnected or has no load
INFO: [Synth 8-7129] Port RD_PNTR_PLUS2[3] in module rd_status_flags_ss is either unconnected or has no load
INFO: [Synth 8-7129] Port RD_PNTR_PLUS2[2] in module rd_status_flags_ss is either unconnected or has no load
INFO: [Synth 8-7129] Port RD_PNTR_PLUS2[1] in module rd_status_flags_ss is either unconnected or has no load
INFO: [Synth 8-7129] Port RD_PNTR_PLUS2[0] in module rd_status_flags_ss is either unconnected or has no load
INFO: [Synth 8-7129] Port RST in module rd_bin_cntr is either unconnected or has no load
INFO: [Synth 8-7129] Port RD_EN_INTO_LOGIC in module rd_logic is either unconnected or has no load
INFO: [Synth 8-7129] Port RD_RST_INTO_LOGIC in module rd_logic is either unconnected or has no load
INFO: [Synth 8-7129] Port RD_RST_BUSY in module rd_logic is either unconnected or has no load
INFO: [Synth 8-7129] Port RST_FULL_FF in module rd_logic is either unconnected or has no load
INFO: [Synth 8-7129] Port ALMOST_FULL_FB in module rd_logic is either unconnected or has no load
INFO: [Synth 8-7129] Port FULL in module rd_logic is either unconnected or has no load
INFO: [Synth 8-7129] Port WR_PNTR_PLUS1_RD[5] in module rd_logic is either unconnected or has no load
INFO: [Synth 8-7129] Port WR_PNTR_PLUS1_RD[4] in module rd_logic is either unconnected or has no load
INFO: [Synth 8-7129] Port WR_PNTR_PLUS1_RD[3] in module rd_logic is either unconnected or has no load
INFO: [Synth 8-7129] Port WR_PNTR_PLUS1_RD[2] in module rd_logic is either unconnected or has no load
INFO: [Synth 8-7129] Port WR_PNTR_PLUS1_RD[1] in module rd_logic is either unconnected or has no load
INFO: [Synth 8-7129] Port WR_PNTR_PLUS1_RD[0] in module rd_logic is either unconnected or has no load
INFO: [Synth 8-7129] Port PROG_EMPTY_THRESH[5] in module rd_logic is either unconnected or has no load
INFO: [Synth 8-7129] Port PROG_EMPTY_THRESH[4] in module rd_logic is either unconnected or has no load
INFO: [Synth 8-7129] Port PROG_EMPTY_THRESH[3] in module rd_logic is either unconnected or has no load
INFO: [Synth 8-7129] Port PROG_EMPTY_THRESH[2] in module rd_logic is either unconnected or has no load
INFO: [Synth 8-7129] Port PROG_EMPTY_THRESH[1] in module rd_logic is either unconnected or has no load
INFO: [Synth 8-7129] Port PROG_EMPTY_THRESH[0] in module rd_logic is either unconnected or has no load
INFO: [Synth 8-7129] Port PROG_EMPTY_THRESH_ASSERT[5] in module rd_logic is either unconnected or has no load
INFO: [Common 17-14] Message 'Synth 8-7129' appears 100 times and further instances of the messages will be disabled. Use the Tcl command set_msg_config to change the current settings.
---------------------------------------------------------------------------------
Finished RTL Elaboration : Time (s): cpu = 00:00:26 ; elapsed = 00:00:35 . Memory (MB): peak = 1654.027 ; gain = 939.020
---------------------------------------------------------------------------------
---------------------------------------------------------------------------------
Start Handling Custom Attributes
---------------------------------------------------------------------------------
---------------------------------------------------------------------------------
Finished Handling Custom Attributes : Time (s): cpu = 00:00:26 ; elapsed = 00:00:35 . Memory (MB): peak = 1654.027 ; gain = 939.020
---------------------------------------------------------------------------------
---------------------------------------------------------------------------------
Finished RTL Optimization Phase 1 : Time (s): cpu = 00:00:26 ; elapsed = 00:00:35 . Memory (MB): peak = 1654.027 ; gain = 939.020
---------------------------------------------------------------------------------
Netlist sorting complete. Time (s): cpu = 00:00:00 ; elapsed = 00:00:00.033 . Memory (MB): peak = 1654.027 ; gain = 0.000
INFO: [Netlist 29-17] Analyzing 1 Unisim elements for replacement
INFO: [Netlist 29-28] Unisim Transformation completed in 0 CPU seconds
INFO: [Project 1-570] Preparing netlist for logic optimization

Processing XDC Constraints
Initializing timing engine
Parsing XDC File [c:/Users/aysha/Desktop/project/CRYSTALS-Kyber/Crystals-kyber/Crystals-kyber.gen/sources_1/ip/fifo_generator_7/fifo_generator_7_ooc.xdc] for cell 'U0'
Finished Parsing XDC File [c:/Users/aysha/Desktop/project/CRYSTALS-Kyber/Crystals-kyber/Crystals-kyber.gen/sources_1/ip/fifo_generator_7/fifo_generator_7_ooc.xdc] for cell 'U0'
Parsing XDC File [c:/Users/aysha/Desktop/project/CRYSTALS-Kyber/Crystals-kyber/Crystals-kyber.gen/sources_1/ip/fifo_generator_7/fifo_generator_7.xdc] for cell 'U0'
Finished Parsing XDC File [c:/Users/aysha/Desktop/project/CRYSTALS-Kyber/Crystals-kyber/Crystals-kyber.gen/sources_1/ip/fifo_generator_7/fifo_generator_7.xdc] for cell 'U0'
Parsing XDC File [C:/Users/aysha/Desktop/project/CRYSTALS-Kyber/Crystals-kyber/Crystals-kyber.runs/fifo_generator_7_synth_1/dont_touch.xdc]
Finished Parsing XDC File [C:/Users/aysha/Desktop/project/CRYSTALS-Kyber/Crystals-kyber/Crystals-kyber.runs/fifo_generator_7_synth_1/dont_touch.xdc]
Completed Processing XDC Constraints

Netlist sorting complete. Time (s): cpu = 00:00:00 ; elapsed = 00:00:00.001 . Memory (MB): peak = 1654.027 ; gain = 0.000
INFO: [Project 1-111] Unisim Transformation Summary:
No Unisim elements were transformed.

Constraint Validation Runtime : Time (s): cpu = 00:00:00 ; elapsed = 00:00:00.194 . Memory (MB): peak = 1654.027 ; gain = 0.000
INFO: [Designutils 20-5008] Incremental synthesis strategy off
---------------------------------------------------------------------------------
Finished Constraint Validation : Time (s): cpu = 00:00:40 ; elapsed = 00:00:52 . Memory (MB): peak = 1654.027 ; gain = 939.020
---------------------------------------------------------------------------------
---------------------------------------------------------------------------------
Start Loading Part and Timing Information
---------------------------------------------------------------------------------
Loading part: xc7a12tcpg238-1
---------------------------------------------------------------------------------
Finished Loading Part and Timing Information : Time (s): cpu = 00:00:40 ; elapsed = 00:00:52 . Memory (MB): peak = 1654.027 ; gain = 939.020
---------------------------------------------------------------------------------
---------------------------------------------------------------------------------
Start Applying 'set_property' XDC Constraints
---------------------------------------------------------------------------------
---------------------------------------------------------------------------------
Finished applying 'set_property' XDC Constraints : Time (s): cpu = 00:00:40 ; elapsed = 00:00:52 . Memory (MB): peak = 1654.027 ; gain = 939.020
---------------------------------------------------------------------------------
---------------------------------------------------------------------------------
Finished RTL Optimization Phase 2 : Time (s): cpu = 00:00:41 ; elapsed = 00:00:53 . Memory (MB): peak = 1654.027 ; gain = 939.020
---------------------------------------------------------------------------------
---------------------------------------------------------------------------------
Start RTL Component Statistics 
---------------------------------------------------------------------------------
---------------------------------------------------------------------------------
Finished RTL Component Statistics 
---------------------------------------------------------------------------------
---------------------------------------------------------------------------------
Start Part Resource Summary
---------------------------------------------------------------------------------
Part Resources:
DSPs: 40 (col length:40)
BRAMs: 40 (col length: RAMB18 40 RAMB36 20)
---------------------------------------------------------------------------------
Finished Part Resource Summary
---------------------------------------------------------------------------------
---------------------------------------------------------------------------------
Start Cross Boundary and Area Optimization
---------------------------------------------------------------------------------
---------------------------------------------------------------------------------
Finished Cross Boundary and Area Optimization : Time (s): cpu = 00:00:44 ; elapsed = 00:00:56 . Memory (MB): peak = 1654.027 ; gain = 939.020
---------------------------------------------------------------------------------
---------------------------------------------------------------------------------
Start Applying XDC Timing Constraints
---------------------------------------------------------------------------------
---------------------------------------------------------------------------------
Finished Applying XDC Timing Constraints : Time (s): cpu = 00:00:53 ; elapsed = 00:01:06 . Memory (MB): peak = 1654.027 ; gain = 939.020
---------------------------------------------------------------------------------
---------------------------------------------------------------------------------
Start Timing Optimization
---------------------------------------------------------------------------------
---------------------------------------------------------------------------------
Finished Timing Optimization : Time (s): cpu = 00:00:53 ; elapsed = 00:01:06 . Memory (MB): peak = 1654.027 ; gain = 939.020
---------------------------------------------------------------------------------
---------------------------------------------------------------------------------
Start Technology Mapping
---------------------------------------------------------------------------------
---------------------------------------------------------------------------------
Finished Technology Mapping : Time (s): cpu = 00:00:53 ; elapsed = 00:01:06 . Memory (MB): peak = 1654.027 ; gain = 939.020
---------------------------------------------------------------------------------
---------------------------------------------------------------------------------
Start IO Insertion
---------------------------------------------------------------------------------
---------------------------------------------------------------------------------
Start Flattening Before IO Insertion
---------------------------------------------------------------------------------
---------------------------------------------------------------------------------
Finished Flattening Before IO Insertion
---------------------------------------------------------------------------------
---------------------------------------------------------------------------------
Start Final Netlist Cleanup
---------------------------------------------------------------------------------
---------------------------------------------------------------------------------
Finished Final Netlist Cleanup
---------------------------------------------------------------------------------
---------------------------------------------------------------------------------
Finished IO Insertion : Time (s): cpu = 00:01:01 ; elapsed = 00:01:16 . Memory (MB): peak = 1868.312 ; gain = 1153.305
---------------------------------------------------------------------------------
---------------------------------------------------------------------------------
Start Renaming Generated Instances
---------------------------------------------------------------------------------
---------------------------------------------------------------------------------
Finished Renaming Generated Instances : Time (s): cpu = 00:01:01 ; elapsed = 00:01:16 . Memory (MB): peak = 1868.312 ; gain = 1153.305
---------------------------------------------------------------------------------
---------------------------------------------------------------------------------
Start Rebuilding User Hierarchy
---------------------------------------------------------------------------------
---------------------------------------------------------------------------------
Finished Rebuilding User Hierarchy : Time (s): cpu = 00:01:01 ; elapsed = 00:01:16 . Memory (MB): peak = 1868.312 ; gain = 1153.305
---------------------------------------------------------------------------------
---------------------------------------------------------------------------------
Start Renaming Generated Ports
---------------------------------------------------------------------------------
---------------------------------------------------------------------------------
Finished Renaming Generated Ports : Time (s): cpu = 00:01:01 ; elapsed = 00:01:16 . Memory (MB): peak = 1868.312 ; gain = 1153.305
---------------------------------------------------------------------------------
---------------------------------------------------------------------------------
Start Handling Custom Attributes
---------------------------------------------------------------------------------
---------------------------------------------------------------------------------
Finished Handling Custom Attributes : Time (s): cpu = 00:01:01 ; elapsed = 00:01:16 . Memory (MB): peak = 1868.312 ; gain = 1153.305
---------------------------------------------------------------------------------
---------------------------------------------------------------------------------
Start Renaming Generated Nets
---------------------------------------------------------------------------------
---------------------------------------------------------------------------------
Finished Renaming Generated Nets : Time (s): cpu = 00:01:01 ; elapsed = 00:01:16 . Memory (MB): peak = 1868.312 ; gain = 1153.305
---------------------------------------------------------------------------------
---------------------------------------------------------------------------------
Start Writing Synthesis Report
---------------------------------------------------------------------------------

Report BlackBoxes: 
+-+--------------+----------+
| |BlackBox name |Instances |
+-+--------------+----------+
+-+--------------+----------+

Report Cell Usage: 
+------+---------+------+
|      |Cell     |Count |
+------+---------+------+
|1     |LUT1     |     5|
|2     |LUT2     |     4|
|3     |LUT3     |     3|
|4     |LUT4     |     7|
|5     |LUT5     |     2|
|6     |LUT6     |     9|
|7     |RAMB18E1 |     1|
|8     |FDRE     |    26|
|9     |FDSE     |     2|
+------+---------+------+
---------------------------------------------------------------------------------
Finished Writing Synthesis Report : Time (s): cpu = 00:01:01 ; elapsed = 00:01:16 . Memory (MB): peak = 1868.312 ; gain = 1153.305
---------------------------------------------------------------------------------
Synthesis finished with 0 errors, 0 critical warnings and 0 warnings.
Synthesis Optimization Runtime : Time (s): cpu = 00:00:32 ; elapsed = 00:01:11 . Memory (MB): peak = 1868.312 ; gain = 1153.305
Synthesis Optimization Complete : Time (s): cpu = 00:01:02 ; elapsed = 00:01:17 . Memory (MB): peak = 1868.312 ; gain = 1153.305
INFO: [Project 1-571] Translating synthesized netlist
Netlist sorting complete. Time (s): cpu = 00:00:00 ; elapsed = 00:00:00.039 . Memory (MB): peak = 1868.312 ; gain = 0.000
INFO: [Netlist 29-17] Analyzing 1 Unisim elements for replacement
INFO: [Netlist 29-28] Unisim Transformation completed in 0 CPU seconds
INFO: [Project 1-570] Preparing netlist for logic optimization
INFO: [Opt 31-138] Pushed 0 inverter(s) to 0 load pin(s).
Netlist sorting complete. Time (s): cpu = 00:00:00 ; elapsed = 00:00:00 . Memory (MB): peak = 1871.824 ; gain = 0.000
INFO: [Project 1-111] Unisim Transformation Summary:
No Unisim elements were transformed.

Synth Design complete | Checksum: 7774cdad
INFO: [Common 17-83] Releasing license: Synthesis
121 Infos, 0 Warnings, 0 Critical Warnings and 0 Errors encountered.
synth_design completed successfully
synth_design: Time (s): cpu = 00:01:11 ; elapsed = 00:01:33 . Memory (MB): peak = 1871.824 ; gain = 1334.465
Write ShapeDB Complete: Time (s): cpu = 00:00:00 ; elapsed = 00:00:00.005 . Memory (MB): peak = 1871.824 ; gain = 0.000
INFO: [Common 17-1381] The checkpoint 'C:/Users/aysha/Desktop/project/CRYSTALS-Kyber/Crystals-kyber/Crystals-kyber.runs/fifo_generator_7_synth_1/fifo_generator_7.dcp' has been generated.
INFO: [Coretcl 2-1648] Added synthesis output to IP cache for IP fifo_generator_7, cache-ID = f72ddbea7591e7d4
INFO: [Coretcl 2-1174] Renamed 18 cell refs.
Write ShapeDB Complete: Time (s): cpu = 00:00:00 ; elapsed = 00:00:00.003 . Memory (MB): peak = 1871.824 ; gain = 0.000
INFO: [Common 17-1381] The checkpoint 'C:/Users/aysha/Desktop/project/CRYSTALS-Kyber/Crystals-kyber/Crystals-kyber.runs/fifo_generator_7_synth_1/fifo_generator_7.dcp' has been generated.
INFO: [Vivado 12-24828] Executing command : report_utilization -file fifo_generator_7_utilization_synth.rpt -pb fifo_generator_7_utilization_synth.pb
INFO: [Common 17-206] Exiting Vivado at Sat Aug 22 17:27:21 2026...
[Sat Aug 22 17:27:29 2026] fifo_generator_7_synth_1 finished
IP_RUN_DONE fifo_generator_7_synth_1 STATUS=synth_design Complete! PROGRESS=100%
[Sat Aug 22 17:27:29 2026] Waiting for fifo_generator_8_synth_1 to finish...

*** Running vivado
    with args -log fifo_generator_8.vds -m64 -product Vivado -mode batch -messageDb vivado.pb -notrace -source fifo_generator_8.tcl



****** Vivado v2025.2 (64-bit)
  **** SW Build 6299465 on Fri Nov 14 19:35:11 GMT 2025
  **** IP Build 6300035 on Fri Nov 14 10:48:45 MST 2025
  **** SharedData Build 6298862 on Thu Nov 13 04:50:51 MST 2025
  **** Start of session at: Sat Aug 22 17:25:20 2026
    ** Copyright 1986-2022 Xilinx, Inc. All Rights Reserved.
    ** Copyright 2022-2025 Advanced Micro Devices, Inc. All Rights Reserved.

ERROR: [Common 17-1257] Failed to create directory 'C'.
source fifo_generator_8.tcl -notrace
create_project: Time (s): cpu = 00:00:13 ; elapsed = 00:00:13 . Memory (MB): peak = 523.000 ; gain = 215.977
Command: synth_design -top fifo_generator_8 -part xc7a12tcpg238-1 -incremental_mode off -mode out_of_context
Starting synth_design
Attempting to get a license for feature 'Synthesis' and/or device 'xc7a12t'
INFO: [Common 17-349] Got license for feature 'Synthesis' and/or device 'xc7a12t'
INFO: [Device 21-403] Loading part xc7a12tcpg238-1
INFO: [Synth 8-7079] Multithreading enabled for synth_design using a maximum of 2 processes.
INFO: [Synth 8-7078] Launching helper process for spawning children vivado processes
INFO: [Synth 8-7075] Helper process launched with PID 15560
---------------------------------------------------------------------------------
Starting RTL Elaboration : Time (s): cpu = 00:00:12 ; elapsed = 00:00:18 . Memory (MB): peak = 1254.914 ; gain = 539.285
---------------------------------------------------------------------------------
INFO: [Synth 8-638] synthesizing module 'fifo_generator_8' [c:/Users/aysha/Desktop/project/CRYSTALS-Kyber/Crystals-kyber/Crystals-kyber.gen/sources_1/ip/fifo_generator_8/synth/fifo_generator_8.vhd:72]
	Parameter C_COMMON_CLOCK bound to: 1 - type: integer 
	Parameter C_SELECT_XPM bound to: 0 - type: integer 
	Parameter C_COUNT_TYPE bound to: 0 - type: integer 
	Parameter C_DATA_COUNT_WIDTH bound to: 5 - type: integer 
	Parameter C_DEFAULT_VALUE bound to: BlankString - type: string 
	Parameter C_DIN_WIDTH bound to: 32 - type: integer 
	Parameter C_DOUT_RST_VAL bound to: 0 - type: string 
	Parameter C_DOUT_WIDTH bound to: 32 - type: integer 
	Parameter C_ENABLE_RLOCS bound to: 0 - type: integer 
	Parameter C_FAMILY bound to: artix7 - type: string 
	Parameter C_FULL_FLAGS_RST_VAL bound to: 0 - type: integer 
	Parameter C_HAS_ALMOST_EMPTY bound to: 0 - type: integer 
	Parameter C_HAS_ALMOST_FULL bound to: 0 - type: integer 
	Parameter C_HAS_BACKUP bound to: 0 - type: integer 
	Parameter C_HAS_DATA_COUNT bound to: 0 - type: integer 
	Parameter C_HAS_INT_CLK bound to: 0 - type: integer 
	Parameter C_HAS_MEMINIT_FILE bound to: 0 - type: integer 
	Parameter C_HAS_OVERFLOW bound to: 0 - type: integer 
	Parameter C_HAS_RD_DATA_COUNT bound to: 0 - type: integer 
	Parameter C_HAS_RD_RST bound to: 0 - type: integer 
	Parameter C_HAS_RST bound to: 0 - type: integer 
	Parameter C_HAS_SRST bound to: 1 - type: integer 
	Parameter C_HAS_UNDERFLOW bound to: 0 - type: integer 
	Parameter C_HAS_VALID bound to: 0 - type: integer 
	Parameter C_HAS_WR_ACK bound to: 0 - type: integer 
	Parameter C_HAS_WR_DATA_COUNT bound to: 0 - type: integer 
	Parameter C_HAS_WR_RST bound to: 0 - type: integer 
	Parameter C_IMPLEMENTATION_TYPE bound to: 0 - type: integer 
	Parameter C_INIT_WR_PNTR_VAL bound to: 0 - type: integer 
	Parameter C_MEMORY_TYPE bound to: 1 - type: integer 
	Parameter C_MIF_FILE_NAME bound to: BlankString - type: string 
	Parameter C_OPTIMIZATION_MODE bound to: 0 - type: integer 
	Parameter C_OVERFLOW_LOW bound to: 0 - type: integer 
	Parameter C_PRELOAD_LATENCY bound to: 1 - type: integer 
	Parameter C_PRELOAD_REGS bound to: 0 - type: integer 
	Parameter C_PRIM_FIFO_TYPE bound to: 512x36 - type: string 
	Parameter C_PROG_EMPTY_THRESH_ASSERT_VAL bound to: 2 - type: integer 
	Parameter C_PROG_EMPTY_THRESH_NEGATE_VAL bound to: 3 - type: integer 
	Parameter C_PROG_EMPTY_TYPE bound to: 0 - type: integer 
	Parameter C_PROG_FULL_THRESH_ASSERT_VAL bound to: 30 - type: integer 
	Parameter C_PROG_FULL_THRESH_NEGATE_VAL bound to: 29 - type: integer 
	Parameter C_PROG_FULL_TYPE bound to: 0 - type: integer 
	Parameter C_RD_DATA_COUNT_WIDTH bound to: 5 - type: integer 
	Parameter C_RD_DEPTH bound to: 32 - type: integer 
	Parameter C_RD_FREQ bound to: 1 - type: integer 
	Parameter C_RD_PNTR_WIDTH bound to: 5 - type: integer 
	Parameter C_UNDERFLOW_LOW bound to: 0 - type: integer 
	Parameter C_USE_DOUT_RST bound to: 1 - type: integer 
	Parameter C_USE_ECC bound to: 0 - type: integer 
	Parameter C_USE_EMBEDDED_REG bound to: 0 - type: integer 
	Parameter C_USE_PIPELINE_REG bound to: 0 - type: integer 
	Parameter C_POWER_SAVING_MODE bound to: 0 - type: integer 
	Parameter C_USE_FIFO16_FLAGS bound to: 0 - type: integer 
	Parameter C_USE_FWFT_DATA_COUNT bound to: 0 - type: integer 
	Parameter C_VALID_LOW bound to: 0 - type: integer 
	Parameter C_WR_ACK_LOW bound to: 0 - type: integer 
	Parameter C_WR_DATA_COUNT_WIDTH bound to: 5 - type: integer 
	Parameter C_WR_DEPTH bound to: 32 - type: integer 
	Parameter C_WR_FREQ bound to: 1 - type: integer 
	Parameter C_WR_PNTR_WIDTH bound to: 5 - type: integer 
	Parameter C_WR_RESPONSE_LATENCY bound to: 1 - type: integer 
	Parameter C_MSGON_VAL bound to: 1 - type: integer 
	Parameter C_ENABLE_RST_SYNC bound to: 1 - type: integer 
	Parameter C_EN_SAFETY_CKT bound to: 0 - type: integer 
	Parameter C_ERROR_INJECTION_TYPE bound to: 0 - type: integer 
	Parameter C_SYNCHRONIZER_STAGE bound to: 2 - type: integer 
	Parameter C_INTERFACE_TYPE bound to: 0 - type: integer 
	Parameter C_AXI_TYPE bound to: 1 - type: integer 
	Parameter C_HAS_AXI_WR_CHANNEL bound to: 1 - type: integer 
	Parameter C_HAS_AXI_RD_CHANNEL bound to: 1 - type: integer 
	Parameter C_HAS_SLAVE_CE bound to: 0 - type: integer 
	Parameter C_HAS_MASTER_CE bound to: 0 - type: integer 
	Parameter C_ADD_NGC_CONSTRAINT bound to: 0 - type: integer 
	Parameter C_USE_COMMON_OVERFLOW bound to: 0 - type: integer 
	Parameter C_USE_COMMON_UNDERFLOW bound to: 0 - type: integer 
	Parameter C_USE_DEFAULT_SETTINGS bound to: 0 - type: integer 
	Parameter C_AXI_ID_WIDTH bound to: 1 - type: integer 
	Parameter C_AXI_ADDR_WIDTH bound to: 32 - type: integer 
	Parameter C_AXI_DATA_WIDTH bound to: 64 - type: integer 
	Parameter C_AXI_LEN_WIDTH bound to: 8 - type: integer 
	Parameter C_AXI_LOCK_WIDTH bound to: 1 - type: integer 
	Parameter C_HAS_AXI_ID bound to: 0 - type: integer 
	Parameter C_HAS_AXI_AWUSER bound to: 0 - type: integer 
	Parameter C_HAS_AXI_WUSER bound to: 0 - type: integer 
	Parameter C_HAS_AXI_BUSER bound to: 0 - type: integer 
	Parameter C_HAS_AXI_ARUSER bound to: 0 - type: integer 
	Parameter C_HAS_AXI_RUSER bound to: 0 - type: integer 
	Parameter C_AXI_ARUSER_WIDTH bound to: 1 - type: integer 
	Parameter C_AXI_AWUSER_WIDTH bound to: 1 - type: integer 
	Parameter C_AXI_WUSER_WIDTH bound to: 1 - type: integer 
	Parameter C_AXI_BUSER_WIDTH bound to: 1 - type: integer 
	Parameter C_AXI_RUSER_WIDTH bound to: 1 - type: integer 
	Parameter C_HAS_AXIS_TDATA bound to: 1 - type: integer 
	Parameter C_HAS_AXIS_TID bound to: 0 - type: integer 
	Parameter C_HAS_AXIS_TDEST bound to: 0 - type: integer 
	Parameter C_HAS_AXIS_TUSER bound to: 1 - type: integer 
	Parameter C_HAS_AXIS_TREADY bound to: 1 - type: integer 
	Parameter C_HAS_AXIS_TLAST bound to: 0 - type: integer 
	Parameter C_HAS_AXIS_TSTRB bound to: 0 - type: integer 
	Parameter C_HAS_AXIS_TKEEP bound to: 0 - type: integer 
	Parameter C_AXIS_TDATA_WIDTH bound to: 8 - type: integer 
	Parameter C_AXIS_TID_WIDTH bound to: 1 - type: integer 
	Parameter C_AXIS_TDEST_WIDTH bound to: 1 - type: integer 
	Parameter C_AXIS_TUSER_WIDTH bound to: 4 - type: integer 
	Parameter C_AXIS_TSTRB_WIDTH bound to: 1 - type: integer 
	Parameter C_AXIS_TKEEP_WIDTH bound to: 1 - type: integer 
	Parameter C_WACH_TYPE bound to: 0 - type: integer 
	Parameter C_WDCH_TYPE bound to: 0 - type: integer 
	Parameter C_WRCH_TYPE bound to: 0 - type: integer 
	Parameter C_RACH_TYPE bound to: 0 - type: integer 
	Parameter C_RDCH_TYPE bound to: 0 - type: integer 
	Parameter C_AXIS_TYPE bound to: 0 - type: integer 
	Parameter C_IMPLEMENTATION_TYPE_WACH bound to: 1 - type: integer 
	Parameter C_IMPLEMENTATION_TYPE_WDCH bound to: 1 - type: integer 
	Parameter C_IMPLEMENTATION_TYPE_WRCH bound to: 1 - type: integer 
	Parameter C_IMPLEMENTATION_TYPE_RACH bound to: 1 - type: integer 
	Parameter C_IMPLEMENTATION_TYPE_RDCH bound to: 1 - type: integer 
	Parameter C_IMPLEMENTATION_TYPE_AXIS bound to: 1 - type: integer 
	Parameter C_APPLICATION_TYPE_WACH bound to: 0 - type: integer 
	Parameter C_APPLICATION_TYPE_WDCH bound to: 0 - type: integer 
	Parameter C_APPLICATION_TYPE_WRCH bound to: 0 - type: integer 
	Parameter C_APPLICATION_TYPE_RACH bound to: 0 - type: integer 
	Parameter C_APPLICATION_TYPE_RDCH bound to: 0 - type: integer 
	Parameter C_APPLICATION_TYPE_AXIS bound to: 0 - type: integer 
	Parameter C_PRIM_FIFO_TYPE_WACH bound to: 512x36 - type: string 
	Parameter C_PRIM_FIFO_TYPE_WDCH bound to: 1kx36 - type: string 
	Parameter C_PRIM_FIFO_TYPE_WRCH bound to: 512x36 - type: string 
	Parameter C_PRIM_FIFO_TYPE_RACH bound to: 512x36 - type: string 
	Parameter C_PRIM_FIFO_TYPE_RDCH bound to: 1kx36 - type: string 
	Parameter C_PRIM_FIFO_TYPE_AXIS bound to: 1kx18 - type: string 
	Parameter C_USE_ECC_WACH bound to: 0 - type: integer 
	Parameter C_USE_ECC_WDCH bound to: 0 - type: integer 
	Parameter C_USE_ECC_WRCH bound to: 0 - type: integer 
	Parameter C_USE_ECC_RACH bound to: 0 - type: integer 
	Parameter C_USE_ECC_RDCH bound to: 0 - type: integer 
	Parameter C_USE_ECC_AXIS bound to: 0 - type: integer 
	Parameter C_ERROR_INJECTION_TYPE_WACH bound to: 0 - type: integer 
	Parameter C_ERROR_INJECTION_TYPE_WDCH bound to: 0 - type: integer 
	Parameter C_ERROR_INJECTION_TYPE_WRCH bound to: 0 - type: integer 
	Parameter C_ERROR_INJECTION_TYPE_RACH bound to: 0 - type: integer 
	Parameter C_ERROR_INJECTION_TYPE_RDCH bound to: 0 - type: integer 
	Parameter C_ERROR_INJECTION_TYPE_AXIS bound to: 0 - type: integer 
	Parameter C_DIN_WIDTH_WACH bound to: 1 - type: integer 
	Parameter C_DIN_WIDTH_WDCH bound to: 64 - type: integer 
	Parameter C_DIN_WIDTH_WRCH bound to: 2 - type: integer 
	Parameter C_DIN_WIDTH_RACH bound to: 32 - type: integer 
	Parameter C_DIN_WIDTH_RDCH bound to: 64 - type: integer 
	Parameter C_DIN_WIDTH_AXIS bound to: 1 - type: integer 
	Parameter C_WR_DEPTH_WACH bound to: 16 - type: integer 
	Parameter C_WR_DEPTH_WDCH bound to: 1024 - type: integer 
	Parameter C_WR_DEPTH_WRCH bound to: 16 - type: integer 
	Parameter C_WR_DEPTH_RACH bound to: 16 - type: integer 
	Parameter C_WR_DEPTH_RDCH bound to: 1024 - type: integer 
	Parameter C_WR_DEPTH_AXIS bound to: 1024 - type: integer 
	Parameter C_WR_PNTR_WIDTH_WACH bound to: 4 - type: integer 
	Parameter C_WR_PNTR_WIDTH_WDCH bound to: 10 - type: integer 
	Parameter C_WR_PNTR_WIDTH_WRCH bound to: 4 - type: integer 
	Parameter C_WR_PNTR_WIDTH_RACH bound to: 4 - type: integer 
	Parameter C_WR_PNTR_WIDTH_RDCH bound to: 10 - type: integer 
	Parameter C_WR_PNTR_WIDTH_AXIS bound to: 10 - type: integer 
	Parameter C_HAS_DATA_COUNTS_WACH bound to: 0 - type: integer 
	Parameter C_HAS_DATA_COUNTS_WDCH bound to: 0 - type: integer 
	Parameter C_HAS_DATA_COUNTS_WRCH bound to: 0 - type: integer 
	Parameter C_HAS_DATA_COUNTS_RACH bound to: 0 - type: integer 
	Parameter C_HAS_DATA_COUNTS_RDCH bound to: 0 - type: integer 
	Parameter C_HAS_DATA_COUNTS_AXIS bound to: 0 - type: integer 
	Parameter C_HAS_PROG_FLAGS_WACH bound to: 0 - type: integer 
	Parameter C_HAS_PROG_FLAGS_WDCH bound to: 0 - type: integer 
	Parameter C_HAS_PROG_FLAGS_WRCH bound to: 0 - type: integer 
	Parameter C_HAS_PROG_FLAGS_RACH bound to: 0 - type: integer 
	Parameter C_HAS_PROG_FLAGS_RDCH bound to: 0 - type: integer 
	Parameter C_HAS_PROG_FLAGS_AXIS bound to: 0 - type: integer 
	Parameter C_PROG_FULL_TYPE_WACH bound to: 0 - type: integer 
	Parameter C_PROG_FULL_TYPE_WDCH bound to: 0 - type: integer 
	Parameter C_PROG_FULL_TYPE_WRCH bound to: 0 - type: integer 
	Parameter C_PROG_FULL_TYPE_RACH bound to: 0 - type: integer 
	Parameter C_PROG_FULL_TYPE_RDCH bound to: 0 - type: integer 
	Parameter C_PROG_FULL_TYPE_AXIS bound to: 0 - type: integer 
	Parameter C_PROG_FULL_THRESH_ASSERT_VAL_WACH bound to: 1023 - type: integer 
	Parameter C_PROG_FULL_THRESH_ASSERT_VAL_WDCH bound to: 1023 - type: integer 
	Parameter C_PROG_FULL_THRESH_ASSERT_VAL_WRCH bound to: 1023 - type: integer 
	Parameter C_PROG_FULL_THRESH_ASSERT_VAL_RACH bound to: 1023 - type: integer 
	Parameter C_PROG_FULL_THRESH_ASSERT_VAL_RDCH bound to: 1023 - type: integer 
	Parameter C_PROG_FULL_THRESH_ASSERT_VAL_AXIS bound to: 1023 - type: integer 
	Parameter C_PROG_EMPTY_TYPE_WACH bound to: 0 - type: integer 
	Parameter C_PROG_EMPTY_TYPE_WDCH bound to: 0 - type: integer 
	Parameter C_PROG_EMPTY_TYPE_WRCH bound to: 0 - type: integer 
	Parameter C_PROG_EMPTY_TYPE_RACH bound to: 0 - type: integer 
	Parameter C_PROG_EMPTY_TYPE_RDCH bound to: 0 - type: integer 
	Parameter C_PROG_EMPTY_TYPE_AXIS bound to: 0 - type: integer 
	Parameter C_PROG_EMPTY_THRESH_ASSERT_VAL_WACH bound to: 1022 - type: integer 
	Parameter C_PROG_EMPTY_THRESH_ASSERT_VAL_WDCH bound to: 1022 - type: integer 
	Parameter C_PROG_EMPTY_THRESH_ASSERT_VAL_WRCH bound to: 1022 - type: integer 
	Parameter C_PROG_EMPTY_THRESH_ASSERT_VAL_RACH bound to: 1022 - type: integer 
	Parameter C_PROG_EMPTY_THRESH_ASSERT_VAL_RDCH bound to: 1022 - type: integer 
	Parameter C_PROG_EMPTY_THRESH_ASSERT_VAL_AXIS bound to: 1022 - type: integer 
	Parameter C_REG_SLICE_MODE_WACH bound to: 0 - type: integer 
	Parameter C_REG_SLICE_MODE_WDCH bound to: 0 - type: integer 
	Parameter C_REG_SLICE_MODE_WRCH bound to: 0 - type: integer 
	Parameter C_REG_SLICE_MODE_RACH bound to: 0 - type: integer 
	Parameter C_REG_SLICE_MODE_RDCH bound to: 0 - type: integer 
	Parameter C_REG_SLICE_MODE_AXIS bound to: 0 - type: integer 
INFO: [Synth 8-3491] module 'fifo_generator_v13_2_14' declared at 'c:/Users/aysha/Desktop/project/CRYSTALS-Kyber/Crystals-kyber/Crystals-kyber.gen/sources_1/ip/fifo_generator_8/hdl/fifo_generator_v13_2_vhsyn_rfs.vhd:38308' bound to instance 'U0' of component 'fifo_generator_v13_2_14' [c:/Users/aysha/Desktop/project/CRYSTALS-Kyber/Crystals-kyber/Crystals-kyber.gen/sources_1/ip/fifo_generator_8/synth/fifo_generator_8.vhd:544]
INFO: [Synth 8-256] done synthesizing module 'fifo_generator_8' (0#1) [c:/Users/aysha/Desktop/project/CRYSTALS-Kyber/Crystals-kyber/Crystals-kyber.gen/sources_1/ip/fifo_generator_8/synth/fifo_generator_8.vhd:72]
INFO: [Synth 8-7129] Port ALMOST_FULL_I in module output_blk is either unconnected or has no load
INFO: [Synth 8-7129] Port PROG_FULL_I in module output_blk is either unconnected or has no load
INFO: [Synth 8-7129] Port ALMOST_EMPTY_I in module output_blk is either unconnected or has no load
INFO: [Synth 8-7129] Port PROG_EMPTY_I in module output_blk is either unconnected or has no load
INFO: [Synth 8-7129] Port WR_ACK_I in module output_blk is either unconnected or has no load
INFO: [Synth 8-7129] Port VALID_I in module output_blk is either unconnected or has no load
INFO: [Synth 8-7129] Port OVERFLOW_I in module output_blk is either unconnected or has no load
INFO: [Synth 8-7129] Port UNDERFLOW_I in module output_blk is either unconnected or has no load
INFO: [Synth 8-7129] Port DATA_COUNT_I[5] in module output_blk is either unconnected or has no load
INFO: [Synth 8-7129] Port DATA_COUNT_I[4] in module output_blk is either unconnected or has no load
INFO: [Synth 8-7129] Port DATA_COUNT_I[3] in module output_blk is either unconnected or has no load
INFO: [Synth 8-7129] Port DATA_COUNT_I[2] in module output_blk is either unconnected or has no load
INFO: [Synth 8-7129] Port DATA_COUNT_I[1] in module output_blk is either unconnected or has no load
INFO: [Synth 8-7129] Port DATA_COUNT_I[0] in module output_blk is either unconnected or has no load
INFO: [Synth 8-7129] Port WR_DATA_COUNT_I[5] in module output_blk is either unconnected or has no load
INFO: [Synth 8-7129] Port WR_DATA_COUNT_I[4] in module output_blk is either unconnected or has no load
INFO: [Synth 8-7129] Port WR_DATA_COUNT_I[3] in module output_blk is either unconnected or has no load
INFO: [Synth 8-7129] Port WR_DATA_COUNT_I[2] in module output_blk is either unconnected or has no load
INFO: [Synth 8-7129] Port WR_DATA_COUNT_I[1] in module output_blk is either unconnected or has no load
INFO: [Synth 8-7129] Port WR_DATA_COUNT_I[0] in module output_blk is either unconnected or has no load
INFO: [Synth 8-7129] Port RD_DATA_COUNT_I[5] in module output_blk is either unconnected or has no load
INFO: [Synth 8-7129] Port RD_DATA_COUNT_I[4] in module output_blk is either unconnected or has no load
INFO: [Synth 8-7129] Port RD_DATA_COUNT_I[3] in module output_blk is either unconnected or has no load
INFO: [Synth 8-7129] Port RD_DATA_COUNT_I[2] in module output_blk is either unconnected or has no load
INFO: [Synth 8-7129] Port RD_DATA_COUNT_I[1] in module output_blk is either unconnected or has no load
INFO: [Synth 8-7129] Port RD_DATA_COUNT_I[0] in module output_blk is either unconnected or has no load
INFO: [Synth 8-7129] Port SBITERR_I in module output_blk is either unconnected or has no load
INFO: [Synth 8-7129] Port DBITERR_I in module output_blk is either unconnected or has no load
INFO: [Synth 8-7129] Port RST_FULL_FF in module wr_status_flags_ss is either unconnected or has no load
INFO: [Synth 8-7129] Port WR_RST in module wr_status_flags_ss is either unconnected or has no load
INFO: [Synth 8-7129] Port SRST in module wr_status_flags_ss is either unconnected or has no load
INFO: [Synth 8-7129] Port SAFETY_CKT_WR_RST in module wr_status_flags_ss is either unconnected or has no load
INFO: [Synth 8-7129] Port WR_PNTR_PLUS2[4] in module wr_status_flags_ss is either unconnected or has no load
INFO: [Synth 8-7129] Port WR_PNTR_PLUS2[3] in module wr_status_flags_ss is either unconnected or has no load
INFO: [Synth 8-7129] Port WR_PNTR_PLUS2[2] in module wr_status_flags_ss is either unconnected or has no load
INFO: [Synth 8-7129] Port WR_PNTR_PLUS2[1] in module wr_status_flags_ss is either unconnected or has no load
INFO: [Synth 8-7129] Port WR_PNTR_PLUS2[0] in module wr_status_flags_ss is either unconnected or has no load
INFO: [Synth 8-7129] Port WR_PNTR_PLUS3[4] in module wr_status_flags_ss is either unconnected or has no load
INFO: [Synth 8-7129] Port WR_PNTR_PLUS3[3] in module wr_status_flags_ss is either unconnected or has no load
INFO: [Synth 8-7129] Port WR_PNTR_PLUS3[2] in module wr_status_flags_ss is either unconnected or has no load
INFO: [Synth 8-7129] Port WR_PNTR_PLUS3[1] in module wr_status_flags_ss is either unconnected or has no load
INFO: [Synth 8-7129] Port WR_PNTR_PLUS3[0] in module wr_status_flags_ss is either unconnected or has no load
INFO: [Synth 8-7129] Port RST in module wr_bin_cntr is either unconnected or has no load
INFO: [Synth 8-7129] Port WR_EN_INTO_LOGIC in module wr_logic is either unconnected or has no load
INFO: [Synth 8-7129] Port WR_RST_INTO_LOGIC in module wr_logic is either unconnected or has no load
INFO: [Synth 8-7129] Port RD_EN in module wr_logic is either unconnected or has no load
INFO: [Synth 8-7129] Port WR_RST_BUSY in module wr_logic is either unconnected or has no load
INFO: [Synth 8-7129] Port EMPTY in module wr_logic is either unconnected or has no load
INFO: [Synth 8-7129] Port ALMOST_EMPTY in module wr_logic is either unconnected or has no load
INFO: [Synth 8-7129] Port PROG_FULL_THRESH[4] in module wr_logic is either unconnected or has no load
INFO: [Synth 8-7129] Port PROG_FULL_THRESH[3] in module wr_logic is either unconnected or has no load
INFO: [Synth 8-7129] Port PROG_FULL_THRESH[2] in module wr_logic is either unconnected or has no load
INFO: [Synth 8-7129] Port PROG_FULL_THRESH[1] in module wr_logic is either unconnected or has no load
INFO: [Synth 8-7129] Port PROG_FULL_THRESH[0] in module wr_logic is either unconnected or has no load
INFO: [Synth 8-7129] Port PROG_FULL_THRESH_ASSERT[4] in module wr_logic is either unconnected or has no load
INFO: [Synth 8-7129] Port PROG_FULL_THRESH_ASSERT[3] in module wr_logic is either unconnected or has no load
INFO: [Synth 8-7129] Port PROG_FULL_THRESH_ASSERT[2] in module wr_logic is either unconnected or has no load
INFO: [Synth 8-7129] Port PROG_FULL_THRESH_ASSERT[1] in module wr_logic is either unconnected or has no load
INFO: [Synth 8-7129] Port PROG_FULL_THRESH_ASSERT[0] in module wr_logic is either unconnected or has no load
INFO: [Synth 8-7129] Port PROG_FULL_THRESH_NEGATE[4] in module wr_logic is either unconnected or has no load
INFO: [Synth 8-7129] Port PROG_FULL_THRESH_NEGATE[3] in module wr_logic is either unconnected or has no load
INFO: [Synth 8-7129] Port PROG_FULL_THRESH_NEGATE[2] in module wr_logic is either unconnected or has no load
INFO: [Synth 8-7129] Port PROG_FULL_THRESH_NEGATE[1] in module wr_logic is either unconnected or has no load
INFO: [Synth 8-7129] Port PROG_FULL_THRESH_NEGATE[0] in module wr_logic is either unconnected or has no load
INFO: [Synth 8-7129] Port RD_RST in module rd_status_flags_ss is either unconnected or has no load
INFO: [Synth 8-7129] Port SAFETY_CKT_RD_RST in module rd_status_flags_ss is either unconnected or has no load
INFO: [Synth 8-7129] Port RD_PNTR_PLUS2[4] in module rd_status_flags_ss is either unconnected or has no load
INFO: [Synth 8-7129] Port RD_PNTR_PLUS2[3] in module rd_status_flags_ss is either unconnected or has no load
INFO: [Synth 8-7129] Port RD_PNTR_PLUS2[2] in module rd_status_flags_ss is either unconnected or has no load
INFO: [Synth 8-7129] Port RD_PNTR_PLUS2[1] in module rd_status_flags_ss is either unconnected or has no load
INFO: [Synth 8-7129] Port RD_PNTR_PLUS2[0] in module rd_status_flags_ss is either unconnected or has no load
INFO: [Synth 8-7129] Port RST in module rd_bin_cntr is either unconnected or has no load
INFO: [Synth 8-7129] Port RD_EN_INTO_LOGIC in module rd_logic is either unconnected or has no load
INFO: [Synth 8-7129] Port RD_RST_INTO_LOGIC in module rd_logic is either unconnected or has no load
INFO: [Synth 8-7129] Port RD_RST_BUSY in module rd_logic is either unconnected or has no load
INFO: [Synth 8-7129] Port RST_FULL_FF in module rd_logic is either unconnected or has no load
INFO: [Synth 8-7129] Port ALMOST_FULL_FB in module rd_logic is either unconnected or has no load
INFO: [Synth 8-7129] Port FULL in module rd_logic is either unconnected or has no load
INFO: [Synth 8-7129] Port WR_PNTR_PLUS1_RD[4] in module rd_logic is either unconnected or has no load
INFO: [Synth 8-7129] Port WR_PNTR_PLUS1_RD[3] in module rd_logic is either unconnected or has no load
INFO: [Synth 8-7129] Port WR_PNTR_PLUS1_RD[2] in module rd_logic is either unconnected or has no load
INFO: [Synth 8-7129] Port WR_PNTR_PLUS1_RD[1] in module rd_logic is either unconnected or has no load
INFO: [Synth 8-7129] Port WR_PNTR_PLUS1_RD[0] in module rd_logic is either unconnected or has no load
INFO: [Synth 8-7129] Port PROG_EMPTY_THRESH[4] in module rd_logic is either unconnected or has no load
INFO: [Synth 8-7129] Port PROG_EMPTY_THRESH[3] in module rd_logic is either unconnected or has no load
INFO: [Synth 8-7129] Port PROG_EMPTY_THRESH[2] in module rd_logic is either unconnected or has no load
INFO: [Synth 8-7129] Port PROG_EMPTY_THRESH[1] in module rd_logic is either unconnected or has no load
INFO: [Synth 8-7129] Port PROG_EMPTY_THRESH[0] in module rd_logic is either unconnected or has no load
INFO: [Synth 8-7129] Port PROG_EMPTY_THRESH_ASSERT[4] in module rd_logic is either unconnected or has no load
INFO: [Synth 8-7129] Port PROG_EMPTY_THRESH_ASSERT[3] in module rd_logic is either unconnected or has no load
INFO: [Synth 8-7129] Port PROG_EMPTY_THRESH_ASSERT[2] in module rd_logic is either unconnected or has no load
INFO: [Synth 8-7129] Port PROG_EMPTY_THRESH_ASSERT[1] in module rd_logic is either unconnected or has no load
INFO: [Synth 8-7129] Port PROG_EMPTY_THRESH_ASSERT[0] in module rd_logic is either unconnected or has no load
INFO: [Synth 8-7129] Port PROG_EMPTY_THRESH_NEGATE[4] in module rd_logic is either unconnected or has no load
INFO: [Synth 8-7129] Port PROG_EMPTY_THRESH_NEGATE[3] in module rd_logic is either unconnected or has no load
INFO: [Synth 8-7129] Port PROG_EMPTY_THRESH_NEGATE[2] in module rd_logic is either unconnected or has no load
INFO: [Synth 8-7129] Port PROG_EMPTY_THRESH_NEGATE[1] in module rd_logic is either unconnected or has no load
INFO: [Synth 8-7129] Port PROG_EMPTY_THRESH_NEGATE[0] in module rd_logic is either unconnected or has no load
INFO: [Synth 8-7129] Port CLKB in module blk_mem_output_block is either unconnected or has no load
INFO: [Synth 8-7129] Port DOUTA_I[31] in module blk_mem_output_block is either unconnected or has no load
INFO: [Common 17-14] Message 'Synth 8-7129' appears 100 times and further instances of the messages will be disabled. Use the Tcl command set_msg_config to change the current settings.
---------------------------------------------------------------------------------
Finished RTL Elaboration : Time (s): cpu = 00:00:26 ; elapsed = 00:00:35 . Memory (MB): peak = 1653.199 ; gain = 937.570
---------------------------------------------------------------------------------
---------------------------------------------------------------------------------
Start Handling Custom Attributes
---------------------------------------------------------------------------------
---------------------------------------------------------------------------------
Finished Handling Custom Attributes : Time (s): cpu = 00:00:26 ; elapsed = 00:00:35 . Memory (MB): peak = 1653.199 ; gain = 937.570
---------------------------------------------------------------------------------
---------------------------------------------------------------------------------
Finished RTL Optimization Phase 1 : Time (s): cpu = 00:00:26 ; elapsed = 00:00:35 . Memory (MB): peak = 1653.199 ; gain = 937.570
---------------------------------------------------------------------------------
Netlist sorting complete. Time (s): cpu = 00:00:00 ; elapsed = 00:00:00.041 . Memory (MB): peak = 1653.199 ; gain = 0.000
INFO: [Netlist 29-17] Analyzing 1 Unisim elements for replacement
INFO: [Netlist 29-28] Unisim Transformation completed in 0 CPU seconds
INFO: [Project 1-570] Preparing netlist for logic optimization

Processing XDC Constraints
Initializing timing engine
Parsing XDC File [c:/Users/aysha/Desktop/project/CRYSTALS-Kyber/Crystals-kyber/Crystals-kyber.gen/sources_1/ip/fifo_generator_8/fifo_generator_8_ooc.xdc] for cell 'U0'
Finished Parsing XDC File [c:/Users/aysha/Desktop/project/CRYSTALS-Kyber/Crystals-kyber/Crystals-kyber.gen/sources_1/ip/fifo_generator_8/fifo_generator_8_ooc.xdc] for cell 'U0'
Parsing XDC File [c:/Users/aysha/Desktop/project/CRYSTALS-Kyber/Crystals-kyber/Crystals-kyber.gen/sources_1/ip/fifo_generator_8/fifo_generator_8.xdc] for cell 'U0'
Finished Parsing XDC File [c:/Users/aysha/Desktop/project/CRYSTALS-Kyber/Crystals-kyber/Crystals-kyber.gen/sources_1/ip/fifo_generator_8/fifo_generator_8.xdc] for cell 'U0'
Parsing XDC File [C:/Users/aysha/Desktop/project/CRYSTALS-Kyber/Crystals-kyber/Crystals-kyber.runs/fifo_generator_8_synth_1/dont_touch.xdc]
Finished Parsing XDC File [C:/Users/aysha/Desktop/project/CRYSTALS-Kyber/Crystals-kyber/Crystals-kyber.runs/fifo_generator_8_synth_1/dont_touch.xdc]
Completed Processing XDC Constraints

Netlist sorting complete. Time (s): cpu = 00:00:00 ; elapsed = 00:00:00 . Memory (MB): peak = 1653.199 ; gain = 0.000
INFO: [Project 1-111] Unisim Transformation Summary:
No Unisim elements were transformed.

Constraint Validation Runtime : Time (s): cpu = 00:00:00 ; elapsed = 00:00:00.195 . Memory (MB): peak = 1653.199 ; gain = 0.000
INFO: [Designutils 20-5008] Incremental synthesis strategy off
---------------------------------------------------------------------------------
Finished Constraint Validation : Time (s): cpu = 00:00:40 ; elapsed = 00:00:52 . Memory (MB): peak = 1653.199 ; gain = 937.570
---------------------------------------------------------------------------------
---------------------------------------------------------------------------------
Start Loading Part and Timing Information
---------------------------------------------------------------------------------
Loading part: xc7a12tcpg238-1
---------------------------------------------------------------------------------
Finished Loading Part and Timing Information : Time (s): cpu = 00:00:40 ; elapsed = 00:00:52 . Memory (MB): peak = 1653.199 ; gain = 937.570
---------------------------------------------------------------------------------
---------------------------------------------------------------------------------
Start Applying 'set_property' XDC Constraints
---------------------------------------------------------------------------------
---------------------------------------------------------------------------------
Finished applying 'set_property' XDC Constraints : Time (s): cpu = 00:00:40 ; elapsed = 00:00:52 . Memory (MB): peak = 1653.199 ; gain = 937.570
---------------------------------------------------------------------------------
---------------------------------------------------------------------------------
Finished RTL Optimization Phase 2 : Time (s): cpu = 00:00:41 ; elapsed = 00:00:53 . Memory (MB): peak = 1653.199 ; gain = 937.570
---------------------------------------------------------------------------------
---------------------------------------------------------------------------------
Start RTL Component Statistics 
---------------------------------------------------------------------------------
---------------------------------------------------------------------------------
Finished RTL Component Statistics 
---------------------------------------------------------------------------------
---------------------------------------------------------------------------------
Start Part Resource Summary
---------------------------------------------------------------------------------
Part Resources:
DSPs: 40 (col length:40)
BRAMs: 40 (col length: RAMB18 40 RAMB36 20)
---------------------------------------------------------------------------------
Finished Part Resource Summary
---------------------------------------------------------------------------------
---------------------------------------------------------------------------------
Start Cross Boundary and Area Optimization
---------------------------------------------------------------------------------
---------------------------------------------------------------------------------
Finished Cross Boundary and Area Optimization : Time (s): cpu = 00:00:43 ; elapsed = 00:00:56 . Memory (MB): peak = 1653.199 ; gain = 937.570
---------------------------------------------------------------------------------
---------------------------------------------------------------------------------
Start Applying XDC Timing Constraints
---------------------------------------------------------------------------------
---------------------------------------------------------------------------------
Finished Applying XDC Timing Constraints : Time (s): cpu = 00:00:52 ; elapsed = 00:01:06 . Memory (MB): peak = 1653.199 ; gain = 937.570
---------------------------------------------------------------------------------
---------------------------------------------------------------------------------
Start Timing Optimization
---------------------------------------------------------------------------------
---------------------------------------------------------------------------------
Finished Timing Optimization : Time (s): cpu = 00:00:52 ; elapsed = 00:01:06 . Memory (MB): peak = 1653.199 ; gain = 937.570
---------------------------------------------------------------------------------
---------------------------------------------------------------------------------
Start Technology Mapping
---------------------------------------------------------------------------------
---------------------------------------------------------------------------------
Finished Technology Mapping : Time (s): cpu = 00:00:52 ; elapsed = 00:01:06 . Memory (MB): peak = 1653.199 ; gain = 937.570
---------------------------------------------------------------------------------
---------------------------------------------------------------------------------
Start IO Insertion
---------------------------------------------------------------------------------
---------------------------------------------------------------------------------
Start Flattening Before IO Insertion
---------------------------------------------------------------------------------
---------------------------------------------------------------------------------
Finished Flattening Before IO Insertion
---------------------------------------------------------------------------------
---------------------------------------------------------------------------------
Start Final Netlist Cleanup
---------------------------------------------------------------------------------
---------------------------------------------------------------------------------
Finished Final Netlist Cleanup
---------------------------------------------------------------------------------
---------------------------------------------------------------------------------
Finished IO Insertion : Time (s): cpu = 00:01:00 ; elapsed = 00:01:16 . Memory (MB): peak = 1861.680 ; gain = 1146.051
---------------------------------------------------------------------------------
---------------------------------------------------------------------------------
Start Renaming Generated Instances
---------------------------------------------------------------------------------
---------------------------------------------------------------------------------
Finished Renaming Generated Instances : Time (s): cpu = 00:01:00 ; elapsed = 00:01:16 . Memory (MB): peak = 1861.680 ; gain = 1146.051
---------------------------------------------------------------------------------
---------------------------------------------------------------------------------
Start Rebuilding User Hierarchy
---------------------------------------------------------------------------------
---------------------------------------------------------------------------------
Finished Rebuilding User Hierarchy : Time (s): cpu = 00:01:00 ; elapsed = 00:01:16 . Memory (MB): peak = 1861.680 ; gain = 1146.051
---------------------------------------------------------------------------------
---------------------------------------------------------------------------------
Start Renaming Generated Ports
---------------------------------------------------------------------------------
---------------------------------------------------------------------------------
Finished Renaming Generated Ports : Time (s): cpu = 00:01:00 ; elapsed = 00:01:16 . Memory (MB): peak = 1861.680 ; gain = 1146.051
---------------------------------------------------------------------------------
---------------------------------------------------------------------------------
Start Handling Custom Attributes
---------------------------------------------------------------------------------
---------------------------------------------------------------------------------
Finished Handling Custom Attributes : Time (s): cpu = 00:01:00 ; elapsed = 00:01:16 . Memory (MB): peak = 1861.680 ; gain = 1146.051
---------------------------------------------------------------------------------
---------------------------------------------------------------------------------
Start Renaming Generated Nets
---------------------------------------------------------------------------------
---------------------------------------------------------------------------------
Finished Renaming Generated Nets : Time (s): cpu = 00:01:00 ; elapsed = 00:01:16 . Memory (MB): peak = 1861.680 ; gain = 1146.051
---------------------------------------------------------------------------------
---------------------------------------------------------------------------------
Start Writing Synthesis Report
---------------------------------------------------------------------------------

Report BlackBoxes: 
+-+--------------+----------+
| |BlackBox name |Instances |
+-+--------------+----------+
+-+--------------+----------+

Report Cell Usage: 
+------+---------+------+
|      |Cell     |Count |
+------+---------+------+
|1     |LUT1     |     5|
|2     |LUT2     |     4|
|3     |LUT3     |     3|
|4     |LUT4     |     2|
|5     |LUT5     |     5|
|6     |LUT6     |     5|
|7     |RAMB18E1 |     1|
|8     |FDRE     |    20|
|9     |FDSE     |     4|
+------+---------+------+
---------------------------------------------------------------------------------
Finished Writing Synthesis Report : Time (s): cpu = 00:01:00 ; elapsed = 00:01:16 . Memory (MB): peak = 1861.680 ; gain = 1146.051
---------------------------------------------------------------------------------
Synthesis finished with 0 errors, 0 critical warnings and 0 warnings.
Synthesis Optimization Runtime : Time (s): cpu = 00:00:31 ; elapsed = 00:01:11 . Memory (MB): peak = 1861.680 ; gain = 1146.051
Synthesis Optimization Complete : Time (s): cpu = 00:01:01 ; elapsed = 00:01:17 . Memory (MB): peak = 1861.680 ; gain = 1146.051
INFO: [Project 1-571] Translating synthesized netlist
Netlist sorting complete. Time (s): cpu = 00:00:00 ; elapsed = 00:00:00.045 . Memory (MB): peak = 1861.680 ; gain = 0.000
INFO: [Netlist 29-17] Analyzing 1 Unisim elements for replacement
INFO: [Netlist 29-28] Unisim Transformation completed in 0 CPU seconds
INFO: [Project 1-570] Preparing netlist for logic optimization
INFO: [Opt 31-138] Pushed 0 inverter(s) to 0 load pin(s).
Netlist sorting complete. Time (s): cpu = 00:00:00 ; elapsed = 00:00:00 . Memory (MB): peak = 1866.852 ; gain = 0.000
INFO: [Project 1-111] Unisim Transformation Summary:
No Unisim elements were transformed.

Synth Design complete | Checksum: 28a1fcb
INFO: [Common 17-83] Releasing license: Synthesis
121 Infos, 0 Warnings, 0 Critical Warnings and 0 Errors encountered.
synth_design completed successfully
synth_design: Time (s): cpu = 00:01:10 ; elapsed = 00:01:33 . Memory (MB): peak = 1866.852 ; gain = 1329.945
Write ShapeDB Complete: Time (s): cpu = 00:00:00 ; elapsed = 00:00:00.009 . Memory (MB): peak = 1866.852 ; gain = 0.000
INFO: [Common 17-1381] The checkpoint 'C:/Users/aysha/Desktop/project/CRYSTALS-Kyber/Crystals-kyber/Crystals-kyber.runs/fifo_generator_8_synth_1/fifo_generator_8.dcp' has been generated.
INFO: [Coretcl 2-1648] Added synthesis output to IP cache for IP fifo_generator_8, cache-ID = 6e27d1da97347410
INFO: [Coretcl 2-1174] Renamed 18 cell refs.
Write ShapeDB Complete: Time (s): cpu = 00:00:00 ; elapsed = 00:00:00.002 . Memory (MB): peak = 1866.852 ; gain = 0.000
INFO: [Common 17-1381] The checkpoint 'C:/Users/aysha/Desktop/project/CRYSTALS-Kyber/Crystals-kyber/Crystals-kyber.runs/fifo_generator_8_synth_1/fifo_generator_8.dcp' has been generated.
INFO: [Vivado 12-24828] Executing command : report_utilization -file fifo_generator_8_utilization_synth.rpt -pb fifo_generator_8_utilization_synth.pb
INFO: [Common 17-206] Exiting Vivado at Sat Aug 22 17:27:21 2026...
[Sat Aug 22 17:27:30 2026] fifo_generator_8_synth_1 finished
IP_RUN_DONE fifo_generator_8_synth_1 STATUS=synth_design Complete! PROGRESS=100%
# foreach ip $ips {
#     puts "IP_CONFIG_AFTER [get_property NAME $ip] Fifo_Implementation=[get_property CONFIG.Fifo_Implementation $ip] Width=[get_property CONFIG.Input_Data_Width $ip] Depth=[get_property CONFIG.Input_Depth $ip] Reset=[get_property CONFIG.Reset_Type $ip] Perf=[get_property CONFIG.Performance_Options $ip]"
# }
IP_CONFIG_AFTER fifo_generator_5 Fifo_Implementation=Common_Clock_Block_RAM Width=10 Depth=128 Reset=Synchronous_Reset Perf=Standard_FIFO
IP_CONFIG_AFTER fifo_generator_7 Fifo_Implementation=Common_Clock_Block_RAM Width=25 Depth=64 Reset=Synchronous_Reset Perf=Standard_FIFO
IP_CONFIG_AFTER fifo_generator_8 Fifo_Implementation=Common_Clock_Block_RAM Width=32 Depth=32 Reset=Synchronous_Reset Perf=Standard_FIFO
# close_project
# puts "FIFO578_OOC_REGEN_DONE"
FIFO578_OOC_REGEN_DONE
# exit
INFO: [Common 17-206] Exiting Vivado at Sat Aug 22 17:27:32 2026...
