#-----------------------------------------------------------
# Vivado v2025.2 (64-bit)
# SW Build 6299465 on Fri Nov 14 19:35:11 GMT 2025
# IP Build 6300035 on Fri Nov 14 10:48:45 MST 2025
# SharedData Build 6298862 on Thu Nov 13 04:50:51 MST 2025
# Start of session at: Sat Aug 22 18:13:57 2026
# Process ID         : 17228
# Current directory  : C:/Users/aysha/Desktop/project/CRYSTALS-Kyber
# Command line       : vivado.exe -mode batch -source C:\Users\aysha\Desktop\project\CRYSTALS-Kyber\Crystals-kyber\try_impl_timing_only_variants.tcl -nojournal -log C:\Users\aysha\Desktop\project\CRYSTALS-Kyber\Crystals-kyber\try_impl_timing_only_variants.log
# Log file           : C:/Users/aysha/Desktop/project/CRYSTALS-Kyber/Crystals-kyber/try_impl_timing_only_variants.log
# Journal file       : 
# Running On         : Aysha
# Platform           : Windows Server 2016 or Windows 10
# Operating System   : 26200
# Processor Detail   : Intel(R) Core(TM) Ultra 5 225H
# CPU Frequency      : 3686 MHz
# CPU Physical cores : 14
# CPU Logical cores  : 14
# Host memory        : 16574 MB
# Swap memory        : 25807 MB
# Total Virtual      : 42382 MB
# Available Virtual  : 7876 MB
#-----------------------------------------------------------
source {C:\Users\aysha\Desktop\project\CRYSTALS-Kyber\Crystals-kyber\try_impl_timing_only_variants.tcl}
# set synth_dcp {C:/Users/aysha/Desktop/project/CRYSTALS-Kyber/Crystals-kyber/final_after_fifo578_regen/Kyber_Server_synth_after_fifo578_regen.dcp}
# set root_out {C:/Users/aysha/Desktop/project/CRYSTALS-Kyber/Crystals-kyber/final_timing_only_variants}
# file mkdir $root_out
# set variants {
#     {v1_more_global Explore AggressiveExplore MoreGlobalIterations AggressiveExplore}
#     {v2_no_timing_relax Explore AggressiveExplore NoTimingRelaxation AggressiveExplore}
#     {v3_extra_post_place ExtraPostPlacementOpt AggressiveExplore Explore AggressiveExplore}
#     {v4_wl_block WLDrivenBlockPlacement AggressiveExplore Explore AggressiveExplore}
#     {v5_high_delay Explore AggressiveExplore HigherDelayCost AggressiveExplore}
#     {v6_adv_skew Explore AggressiveExplore AdvancedSkewModeling AggressiveExplore}
# }
# foreach variant $variants {
#     lassign $variant name place_dir pre_phys_dir route_dir post_phys_dir
#     set out_dir "$root_out/$name"
#     file mkdir $out_dir
#     puts "VARIANT_START $name place=$place_dir pre_phys=$pre_phys_dir route=$route_dir post_phys=$post_phys_dir"
#     open_checkpoint $synth_dcp
#     opt_design -directive Explore
#     if {[catch {place_design -directive $place_dir} err]} {
#         puts "VARIANT_FAIL $name place_error=$err"
#         close_design
#         continue
#     }
#     if {[catch {phys_opt_design -directive $pre_phys_dir} err]} {
#         puts "VARIANT_FAIL $name pre_phys_error=$err"
#         close_design
#         continue
#     }
#     if {[catch {route_design -directive $route_dir} err]} {
#         puts "VARIANT_FAIL $name route_error=$err"
#         close_design
#         continue
#     }
#     if {[catch {phys_opt_design -directive $post_phys_dir} err]} {
#         puts "VARIANT_FAIL $name post_phys_error=$err"
#         close_design
#         continue
#     }
#     write_checkpoint -force "$out_dir/Kyber_Server_${name}.dcp"
#     report_utilization -file "$out_dir/Kyber_Server_${name}_util.rpt"
#     report_timing_summary -file "$out_dir/Kyber_Server_${name}_timing.rpt"
#     report_timing -max_paths 10 -file "$out_dir/Kyber_Server_${name}_top10_timing.rpt"
#     set paths [get_timing_paths -setup -max_paths 1000 -slack_lesser_than 0]
#     set worst [lindex [get_timing_paths -setup -max_paths 1] 0]
#     set wns [get_property SLACK $worst]
#     set fail_count [llength $paths]
#     puts "VARIANT_RESULT $name WNS=$wns FAILING=$fail_count"
#     if {$wns >= 0 && $fail_count == 0} {
#         puts "VARIANT_SUCCESS $name"
#         foreach c [get_clocks] { puts "WIN_CLOCK $c PERIOD=[get_property PERIOD $c] FREQ_MHZ=[expr {1000.0 / [get_property PERIOD $c]}]" }
#         exit
#     }
#     close_design
# }
VARIANT_START v1_more_global place=Explore pre_phys=AggressiveExplore route=MoreGlobalIterations post_phys=AggressiveExplore
Command: open_checkpoint C:/Users/aysha/Desktop/project/CRYSTALS-Kyber/Crystals-kyber/final_after_fifo578_regen/Kyber_Server_synth_after_fifo578_regen.dcp

Starting open_checkpoint Task

Time (s): cpu = 00:00:00 ; elapsed = 00:00:00.041 . Memory (MB): peak = 314.727 ; gain = 0.988
INFO: [Device 21-403] Loading part xc7a12tcpg238-1
Netlist sorting complete. Time (s): cpu = 00:00:00 ; elapsed = 00:00:00.094 . Memory (MB): peak = 732.398 ; gain = 0.000
INFO: [Netlist 29-17] Analyzing 300 Unisim elements for replacement
INFO: [Netlist 29-28] Unisim Transformation completed in 0 CPU seconds
INFO: [Project 1-479] Netlist was created with Vivado 2025.2
INFO: [Project 1-570] Preparing netlist for logic optimization
Read ShapeDB Complete: Time (s): cpu = 00:00:00 ; elapsed = 00:00:00.033 . Memory (MB): peak = 844.453 ; gain = 1.922
INFO: [Timing 38-478] Restoring timing data from binary archive.
INFO: [Timing 38-479] Binary timing data restore complete.
INFO: [Project 1-856] Restoring constraints from binary archive.
INFO: [Project 1-853] Binary constraint restore complete.
Netlist sorting complete. Time (s): cpu = 00:00:00 ; elapsed = 00:00:00.004 . Memory (MB): peak = 1363.484 ; gain = 0.000
INFO: [Project 1-111] Unisim Transformation Summary:
No Unisim elements were transformed.

INFO: [Project 1-604] Checkpoint was created with Vivado v2025.2 (64-bit) build 6299465
open_checkpoint: Time (s): cpu = 00:00:16 ; elapsed = 00:00:21 . Memory (MB): peak = 1363.484 ; gain = 1059.957
Command: opt_design -directive Explore
INFO: [Vivado_Tcl 4-136] Directive used for opt_design is: Explore
Attempting to get a license for feature 'Implementation' and/or device 'xc7a12t'
INFO: [Common 17-349] Got license for feature 'Implementation' and/or device 'xc7a12t'
Running DRC as a precondition to command opt_design

Starting DRC Task
INFO: [DRC 23-27] Running DRC with 2 threads
INFO: [Project 1-461] DRC finished with 0 Errors
INFO: [Project 1-462] Please refer to the DRC report (report_drc) for more information.

Time (s): cpu = 00:00:00 ; elapsed = 00:00:00.462 . Memory (MB): peak = 1369.516 ; gain = 6.031

Starting Logic Optimization Task

Phase 1 Initialization

Phase 1.1 Core Generation And Design Setup
Phase 1.1 Core Generation And Design Setup | Checksum: 1414ae310

Time (s): cpu = 00:00:00 ; elapsed = 00:00:00.058 . Memory (MB): peak = 1809.078 ; gain = 0.000

Phase 1.2 Setup Constraints And Sort Netlist
Phase 1.2 Setup Constraints And Sort Netlist | Checksum: 1414ae310

Time (s): cpu = 00:00:00 ; elapsed = 00:00:00.073 . Memory (MB): peak = 1809.078 ; gain = 0.000
Phase 1 Initialization | Checksum: 1414ae310

Time (s): cpu = 00:00:00 ; elapsed = 00:00:00.075 . Memory (MB): peak = 1809.078 ; gain = 0.000

Phase 2 Timer Update And Timing Data Collection

Phase 2.1 Detect if minReqCache needed
Phase 2.1 Detect if minReqCache needed | Checksum: 1414ae310

Time (s): cpu = 00:00:00 ; elapsed = 00:00:00.131 . Memory (MB): peak = 1809.078 ; gain = 0.000

Phase 2.2 Timer Update
INFO: [Timing 38-35] Done setting XDC timing constraints.
Phase 2.2 Timer Update | Checksum: 1414ae310

Time (s): cpu = 00:00:00 ; elapsed = 00:00:00.940 . Memory (MB): peak = 1863.609 ; gain = 54.531

Phase 2.3 Timing Data Collection
Phase 2.3 Timing Data Collection | Checksum: 1414ae310

Time (s): cpu = 00:00:00 ; elapsed = 00:00:00.955 . Memory (MB): peak = 1863.609 ; gain = 54.531
Phase 2 Timer Update And Timing Data Collection | Checksum: 1414ae310

Time (s): cpu = 00:00:00 ; elapsed = 00:00:00.956 . Memory (MB): peak = 1863.609 ; gain = 54.531

Phase 3 Retarget
INFO: [Opt 31-1851] Number of loadless carry chains removed were: 0
INFO: [Opt 31-1834] Total Chains To Be Transformed Were: 0 AND Number of Transformed insts Created are: 0
INFO: [Opt 31-138] Pushed 0 inverter(s) to 0 load pin(s).
INFO: [Opt 31-49] Retargeted 0 cell(s).
Phase 3 Retarget | Checksum: 210e8813c

Time (s): cpu = 00:00:00 ; elapsed = 00:00:02 . Memory (MB): peak = 1863.609 ; gain = 54.531
Retarget | Checksum: 210e8813c
INFO: [Opt 31-389] Phase Retarget created 10 cells and removed 22 cells
INFO: [Opt 31-1021] In phase Retarget, 15 netlist objects are constrained preventing optimization. Please run opt_design with -debug_log to get more detail. 

Phase 4 Constant propagation
INFO: [Opt 31-138] Pushed 0 inverter(s) to 0 load pin(s).
Phase 4 Constant propagation | Checksum: 21d0af46d

Time (s): cpu = 00:00:00 ; elapsed = 00:00:02 . Memory (MB): peak = 1863.609 ; gain = 54.531
Constant propagation | Checksum: 21d0af46d
INFO: [Opt 31-389] Phase Constant propagation created 0 cells and removed 9 cells
INFO: [Opt 31-1021] In phase Constant propagation, 15 netlist objects are constrained preventing optimization. Please run opt_design with -debug_log to get more detail. 

Phase 5 Sweep
INFO: [Constraints 18-11670] Building netlist checker database with flags, 0x8
Done building netlist checker database: Time (s): cpu = 00:00:00 ; elapsed = 00:00:00.008 . Memory (MB): peak = 1863.609 ; gain = 0.000
INFO: [Constraints 18-11670] Building netlist checker database with flags, 0x8
Done building netlist checker database: Time (s): cpu = 00:00:00 ; elapsed = 00:00:00.005 . Memory (MB): peak = 1863.609 ; gain = 0.000
Phase 5 Sweep | Checksum: 18f7fb8e3

Time (s): cpu = 00:00:01 ; elapsed = 00:00:02 . Memory (MB): peak = 1863.609 ; gain = 54.531
Sweep | Checksum: 18f7fb8e3
INFO: [Opt 31-389] Phase Sweep created 0 cells and removed 8 cells
INFO: [Opt 31-1021] In phase Sweep, 81 netlist objects are constrained preventing optimization. Please run opt_design with -debug_log to get more detail. 

Phase 6 BUFG optimization
Phase 6 BUFG optimization | Checksum: 18f7fb8e3

Time (s): cpu = 00:00:01 ; elapsed = 00:00:02 . Memory (MB): peak = 1863.609 ; gain = 54.531
BUFG optimization | Checksum: 18f7fb8e3
INFO: [Opt 31-662] Phase BUFG optimization created 0 cells of which 0 are BUFGs and removed 0 cells.

Phase 7 Shift Register Optimization
INFO: [Opt 31-1064] SRL Remap converted 0 SRLs to 0 registers and converted 0 registers of register chains to 0 SRLs
Phase 7 Shift Register Optimization | Checksum: 18f7fb8e3

Time (s): cpu = 00:00:01 ; elapsed = 00:00:02 . Memory (MB): peak = 1863.609 ; gain = 54.531
Shift Register Optimization | Checksum: 18f7fb8e3
INFO: [Opt 31-389] Phase Shift Register Optimization created 0 cells and removed 0 cells
INFO: [Opt 31-1555] control_set_opt supports Versal devices only, and device 7a12t is unsupported

Phase 8 Post Processing Netlist
Phase 8 Post Processing Netlist | Checksum: 18f7fb8e3

Time (s): cpu = 00:00:01 ; elapsed = 00:00:02 . Memory (MB): peak = 1863.609 ; gain = 54.531
Post Processing Netlist | Checksum: 18f7fb8e3
INFO: [Opt 31-389] Phase Post Processing Netlist created 0 cells and removed 0 cells
INFO: [Opt 31-1021] In phase Post Processing Netlist, 21 netlist objects are constrained preventing optimization. Please run opt_design with -debug_log to get more detail. 

Phase 9 Finalization

Phase 9.1 Finalizing Design Cores and Updating Shapes
Phase 9.1 Finalizing Design Cores and Updating Shapes | Checksum: 1b62df2c8

Time (s): cpu = 00:00:01 ; elapsed = 00:00:02 . Memory (MB): peak = 1863.609 ; gain = 54.531

Phase 9.2 Verifying Netlist Connectivity

Starting Connectivity Check Task

Time (s): cpu = 00:00:00 ; elapsed = 00:00:00.043 . Memory (MB): peak = 1863.609 ; gain = 0.000
Phase 9.2 Verifying Netlist Connectivity | Checksum: 1b62df2c8

Time (s): cpu = 00:00:01 ; elapsed = 00:00:02 . Memory (MB): peak = 1863.609 ; gain = 54.531
Phase 9 Finalization | Checksum: 1b62df2c8

Time (s): cpu = 00:00:01 ; elapsed = 00:00:02 . Memory (MB): peak = 1863.609 ; gain = 54.531
Opt_design Change Summary
=========================


-------------------------------------------------------------------------------------------------------------------------
|  Phase                        |  #Cells created  |  #Cells Removed  |  #Constrained objects preventing optimizations  |
-------------------------------------------------------------------------------------------------------------------------
|  Retarget                     |              10  |              22  |                                             15  |
|  Constant propagation         |               0  |               9  |                                             15  |
|  Sweep                        |               0  |               8  |                                             81  |
|  BUFG optimization            |               0  |               0  |                                              0  |
|  Shift Register Optimization  |               0  |               0  |                                              0  |
|  Post Processing Netlist      |               0  |               0  |                                             21  |
-------------------------------------------------------------------------------------------------------------------------


Ending Logic Optimization Task | Checksum: 1b62df2c8

Time (s): cpu = 00:00:01 ; elapsed = 00:00:02 . Memory (MB): peak = 1863.609 ; gain = 54.531
Netlist sorting complete. Time (s): cpu = 00:00:00 ; elapsed = 00:00:00.003 . Memory (MB): peak = 1863.609 ; gain = 0.000
INFO: [Common 17-83] Releasing license: Implementation
37 Infos, 0 Warnings, 0 Critical Warnings and 0 Errors encountered.
opt_design completed successfully
opt_design: Time (s): cpu = 00:00:05 ; elapsed = 00:00:07 . Memory (MB): peak = 1863.609 ; gain = 500.125
Command: place_design -directive Explore
Attempting to get a license for feature 'Implementation' and/or device 'xc7a12t'
INFO: [Common 17-349] Got license for feature 'Implementation' and/or device 'xc7a12t'
INFO: [Common 17-83] Releasing license: Implementation
INFO: [DRC 23-27] Running DRC with 2 threads
INFO: [Vivado_Tcl 4-198] DRC finished with 0 Errors
INFO: [Vivado_Tcl 4-199] Please refer to the DRC report (report_drc) for more information.
INFO: [Timing 38-35] Done setting XDC timing constraints.
INFO: [Vivado_Tcl 4-2302] The placer was invoked with the 'Explore' directive.
Running DRC as a precondition to command place_design
INFO: [DRC 23-27] Running DRC with 2 threads
INFO: [Vivado_Tcl 4-198] DRC finished with 0 Errors
INFO: [Vivado_Tcl 4-199] Please refer to the DRC report (report_drc) for more information.
INFO: [Place 30-611] Multithreading enabled for place_design using a maximum of 2 CPUs

Starting Placer Task

Phase 1 Placer Initialization

Phase 1.1 Placer Initialization Netlist Sorting
Netlist sorting complete. Time (s): cpu = 00:00:00 ; elapsed = 00:00:00.004 . Memory (MB): peak = 1863.609 ; gain = 0.000
Phase 1.1 Placer Initialization Netlist Sorting | Checksum: 19b4dea21

Time (s): cpu = 00:00:00 ; elapsed = 00:00:00.032 . Memory (MB): peak = 1863.609 ; gain = 0.000
Netlist sorting complete. Time (s): cpu = 00:00:00 ; elapsed = 00:00:00.003 . Memory (MB): peak = 1863.609 ; gain = 0.000

Phase 1.2 IO Placement/ Clock Placement/ Build Placer Device
Phase 1.2 IO Placement/ Clock Placement/ Build Placer Device | Checksum: 19b7bc1c7

Time (s): cpu = 00:00:01 ; elapsed = 00:00:01 . Memory (MB): peak = 1863.609 ; gain = 0.000

Phase 1.3 Build Placer Netlist Model
Phase 1.3 Build Placer Netlist Model | Checksum: 1ab622995

Time (s): cpu = 00:00:04 ; elapsed = 00:00:03 . Memory (MB): peak = 1863.609 ; gain = 0.000

Phase 1.4 Constrain Clocks/Macros
Phase 1.4 Constrain Clocks/Macros | Checksum: 1ab622995

Time (s): cpu = 00:00:04 ; elapsed = 00:00:03 . Memory (MB): peak = 1863.609 ; gain = 0.000
Phase 1 Placer Initialization | Checksum: 1ab622995

Time (s): cpu = 00:00:04 ; elapsed = 00:00:03 . Memory (MB): peak = 1863.609 ; gain = 0.000

Phase 2 Global Placement

Phase 2.1 Floorplanning
Phase 2.1 Floorplanning | Checksum: 1f90ec440

Time (s): cpu = 00:00:05 ; elapsed = 00:00:04 . Memory (MB): peak = 1863.609 ; gain = 0.000

Phase 2.2 Update Timing before SLR Path Opt
Phase 2.2 Update Timing before SLR Path Opt | Checksum: 28f21a3f5

Time (s): cpu = 00:00:07 ; elapsed = 00:00:05 . Memory (MB): peak = 1863.609 ; gain = 0.000

Phase 2.3 Post-Processing in Floorplanning
Phase 2.3 Post-Processing in Floorplanning | Checksum: 28f21a3f5

Time (s): cpu = 00:00:07 ; elapsed = 00:00:05 . Memory (MB): peak = 1863.609 ; gain = 0.000

Phase 2.4 Global Place Phase1
Phase 2.4 Global Place Phase1 | Checksum: 2244d0b26

Time (s): cpu = 00:00:17 ; elapsed = 00:00:11 . Memory (MB): peak = 1863.609 ; gain = 0.000

Phase 2.5 Global Place Phase2

Phase 2.5.1 UpdateTiming Before Physical Synthesis
Phase 2.5.1 UpdateTiming Before Physical Synthesis | Checksum: 1b09db7cb

Time (s): cpu = 00:00:18 ; elapsed = 00:00:12 . Memory (MB): peak = 1863.609 ; gain = 0.000

Phase 2.5.2 Physical Synthesis In Placer
INFO: [Physopt 32-1035] Found 28 LUTNM shape to break, 92 LUT instances to create LUTNM shape
INFO: [Physopt 32-1044] Break lutnm for timing: one critical 23, two critical 5, total 28, new lutff created 1
INFO: [Physopt 32-1138] End 1 Pass. Optimized 66 nets or LUTs. Breaked 28 LUTs, combined 38 existing LUTs and moved 0 existing LUT
INFO: [Physopt 32-65] No nets found for high-fanout optimization.
INFO: [Physopt 32-232] Optimized 0 net. Created 0 new instance.
INFO: [Physopt 32-775] End 1 Pass. Optimized 0 net or cell. Created 0 new cell, deleted 0 existing cell and moved 0 existing cell
INFO: [Physopt 32-456] No candidate cells for DSP register optimization found in the design.
INFO: [Physopt 32-775] End 2 Pass. Optimized 0 net or cell. Created 0 new cell, deleted 0 existing cell and moved 0 existing cell
INFO: [Physopt 32-1123] No candidate cells found for Shift Register to Pipeline optimization
INFO: [Physopt 32-775] End 2 Pass. Optimized 0 net or cell. Created 0 new cell, deleted 0 existing cell and moved 0 existing cell
INFO: [Physopt 32-1401] No candidate cells found for Shift Register optimization.
INFO: [Physopt 32-677] No candidate cells for Shift Register optimization found in the design
INFO: [Physopt 32-775] End 1 Pass. Optimized 0 net or cell. Created 0 new cell, deleted 0 existing cell and moved 0 existing cell
INFO: [Physopt 32-526] No candidate cells for BRAM register optimization found in the design
INFO: [Physopt 32-775] End 1 Pass. Optimized 0 net or cell. Created 0 new cell, deleted 0 existing cell and moved 0 existing cell
INFO: [Physopt 32-846] No candidate cells for URAM register optimization found in the design
INFO: [Physopt 32-775] End 1 Pass. Optimized 0 net or cell. Created 0 new cell, deleted 0 existing cell and moved 0 existing cell
INFO: [Physopt 32-846] No candidate cells for URAM register optimization found in the design
INFO: [Physopt 32-775] End 1 Pass. Optimized 0 net or cell. Created 0 new cell, deleted 0 existing cell and moved 0 existing cell
INFO: [Physopt 32-949] No candidate nets found for dynamic/static region interface net replication
INFO: [Physopt 32-775] End 1 Pass. Optimized 0 net or cell. Created 0 new cell, deleted 0 existing cell and moved 0 existing cell
Netlist sorting complete. Time (s): cpu = 00:00:00 ; elapsed = 00:00:00.004 . Memory (MB): peak = 1863.609 ; gain = 0.000

Summary of Physical Synthesis Optimizations
============================================


-----------------------------------------------------------------------------------------------------------------------------------------------------------
|  Optimization                                     |  Added Cells  |  Removed Cells  |  Optimized Cells/Nets  |  Dont Touch  |  Iterations  |  Elapsed   |
-----------------------------------------------------------------------------------------------------------------------------------------------------------
|  LUT Combining                                    |           28  |             38  |                    66  |           0  |           1  |  00:00:00  |
|  Retime                                           |            0  |              0  |                     0  |           0  |           1  |  00:00:00  |
|  Very High Fanout                                 |            0  |              0  |                     0  |           0  |           1  |  00:00:00  |
|  DSP Register                                     |            0  |              0  |                     0  |           0  |           1  |  00:00:00  |
|  Shift Register to Pipeline                       |            0  |              0  |                     0  |           0  |           1  |  00:00:00  |
|  Shift Register                                   |            0  |              0  |                     0  |           0  |           1  |  00:00:00  |
|  BRAM Register                                    |            0  |              0  |                     0  |           0  |           1  |  00:00:00  |
|  URAM Register                                    |            0  |              0  |                     0  |           0  |           1  |  00:00:00  |
|  Dynamic/Static Region Interface Net Replication  |            0  |              0  |                     0  |           0  |           1  |  00:00:00  |
|  Total                                            |           28  |             38  |                    66  |           0  |           9  |  00:00:00  |
-----------------------------------------------------------------------------------------------------------------------------------------------------------


Phase 2.5.2 Physical Synthesis In Placer | Checksum: 9367a047

Time (s): cpu = 00:00:20 ; elapsed = 00:00:13 . Memory (MB): peak = 1863.609 ; gain = 0.000
Phase 2.5 Global Place Phase2 | Checksum: 188d9a73a

Time (s): cpu = 00:00:20 ; elapsed = 00:00:14 . Memory (MB): peak = 1863.609 ; gain = 0.000
Phase 2 Global Placement | Checksum: 188d9a73a

Time (s): cpu = 00:00:20 ; elapsed = 00:00:14 . Memory (MB): peak = 1863.609 ; gain = 0.000

Phase 3 Detail Placement

Phase 3.1 Commit Multi Column Macros
Phase 3.1 Commit Multi Column Macros | Checksum: ccba4e81

Time (s): cpu = 00:00:22 ; elapsed = 00:00:15 . Memory (MB): peak = 1863.609 ; gain = 0.000

Phase 3.2 Commit Most Macros & LUTRAMs
Phase 3.2 Commit Most Macros & LUTRAMs | Checksum: 1099b13ea

Time (s): cpu = 00:00:24 ; elapsed = 00:00:16 . Memory (MB): peak = 1863.609 ; gain = 0.000

Phase 3.3 Area Swap Optimization
Phase 3.3 Area Swap Optimization | Checksum: 11885c00b

Time (s): cpu = 00:00:24 ; elapsed = 00:00:16 . Memory (MB): peak = 1863.609 ; gain = 0.000

Phase 3.4 Pipeline Register Optimization
Phase 3.4 Pipeline Register Optimization | Checksum: 15da94a2f

Time (s): cpu = 00:00:24 ; elapsed = 00:00:16 . Memory (MB): peak = 1863.609 ; gain = 0.000

Phase 3.5 Fast Optimization
Phase 3.5 Fast Optimization | Checksum: 147b8188b

Time (s): cpu = 00:00:28 ; elapsed = 00:00:19 . Memory (MB): peak = 1863.609 ; gain = 0.000

Phase 3.6 Small Shape Detail Placement
Phase 3.6 Small Shape Detail Placement | Checksum: 191f8770c

Time (s): cpu = 00:00:32 ; elapsed = 00:00:24 . Memory (MB): peak = 1863.609 ; gain = 0.000

Phase 3.7 Re-assign LUT pins
Phase 3.7 Re-assign LUT pins | Checksum: 1f8f44d9f

Time (s): cpu = 00:00:33 ; elapsed = 00:00:25 . Memory (MB): peak = 1863.609 ; gain = 0.000

Phase 3.8 Pipeline Register Optimization
Phase 3.8 Pipeline Register Optimization | Checksum: ee0487c6

Time (s): cpu = 00:00:33 ; elapsed = 00:00:25 . Memory (MB): peak = 1863.609 ; gain = 0.000
Phase 3 Detail Placement | Checksum: ee0487c6

Time (s): cpu = 00:00:33 ; elapsed = 00:00:25 . Memory (MB): peak = 1863.609 ; gain = 0.000

Phase 4 Post Placement Optimization and Clean-Up

Phase 4.1 Post Commit Optimization
INFO: [Timing 38-35] Done setting XDC timing constraints.

Phase 4.1.1 Post Placement Optimization
Post Placement Optimization Initialization | Checksum: 15f8e4b6e

Phase 4.1.1.1 BUFG Insertion

Starting Physical Synthesis Task

Phase 1 Physical Synthesis Initialization
INFO: [Physopt 32-721] Multithreading enabled for phys_opt_design using a maximum of 2 CPUs
INFO: [Physopt 32-619] Estimated Timing Summary | WNS=-1.539 | TNS=-38.240 |
Phase 1 Physical Synthesis Initialization | Checksum: e7d074c7

Time (s): cpu = 00:00:00 ; elapsed = 00:00:00.119 . Memory (MB): peak = 1863.609 ; gain = 0.000
INFO: [Place 46-56] BUFG insertion identified 0 candidate nets. Inserted BUFG: 0, Replicated BUFG Driver: 0, Skipped due to Placement/Routing Conflicts: 0, Skipped due to Timing Degradation: 0, Skipped due to netlist editing failed: 0.
Ending Physical Synthesis Task | Checksum: 10a14917a

Time (s): cpu = 00:00:00 ; elapsed = 00:00:00.171 . Memory (MB): peak = 1863.609 ; gain = 0.000
Phase 4.1.1.1 BUFG Insertion | Checksum: 15f8e4b6e

Time (s): cpu = 00:00:37 ; elapsed = 00:00:27 . Memory (MB): peak = 1863.609 ; gain = 0.000

Phase 4.1.1.2 Post Placement Timing Optimization
INFO: [Place 30-746] Post Placement Timing Summary WNS=-0.519. For the most accurate timing information please run report_timing.
Phase 4.1.1.2 Post Placement Timing Optimization | Checksum: 1232484a5

Time (s): cpu = 00:03:16 ; elapsed = 00:03:17 . Memory (MB): peak = 1863.609 ; gain = 0.000

Time (s): cpu = 00:03:16 ; elapsed = 00:03:17 . Memory (MB): peak = 1863.609 ; gain = 0.000
Phase 4.1 Post Commit Optimization | Checksum: 1232484a5

Time (s): cpu = 00:03:16 ; elapsed = 00:03:17 . Memory (MB): peak = 1863.609 ; gain = 0.000

Phase 4.2 Post Placement Cleanup
Phase 4.2 Post Placement Cleanup | Checksum: 1232484a5

Time (s): cpu = 00:03:16 ; elapsed = 00:03:17 . Memory (MB): peak = 1863.609 ; gain = 0.000

Phase 4.3 Placer Reporting

Phase 4.3.1 Print Estimated Congestion
INFO: [Place 30-612] Post-Placement Estimated Congestion 
 ____________________________________________________
|           | Global Congestion | Short Congestion  |
| Direction | Region Size       | Region Size       |
|___________|___________________|___________________|
|      North|                1x1|                2x2|
|___________|___________________|___________________|
|      South|                1x1|                2x2|
|___________|___________________|___________________|
|       East|                1x1|                4x4|
|___________|___________________|___________________|
|       West|                1x1|                1x1|
|___________|___________________|___________________|

Phase 4.3.1 Print Estimated Congestion | Checksum: 1232484a5

Time (s): cpu = 00:03:16 ; elapsed = 00:03:17 . Memory (MB): peak = 1863.609 ; gain = 0.000
Phase 4.3 Placer Reporting | Checksum: 1232484a5

Time (s): cpu = 00:03:17 ; elapsed = 00:03:17 . Memory (MB): peak = 1863.609 ; gain = 0.000

Phase 4.4 Final Placement Cleanup
Netlist sorting complete. Time (s): cpu = 00:00:00 ; elapsed = 00:00:00.005 . Memory (MB): peak = 1863.609 ; gain = 0.000

Time (s): cpu = 00:03:17 ; elapsed = 00:03:17 . Memory (MB): peak = 1863.609 ; gain = 0.000
Phase 4 Post Placement Optimization and Clean-Up | Checksum: 1869226ac

Time (s): cpu = 00:03:17 ; elapsed = 00:03:17 . Memory (MB): peak = 1863.609 ; gain = 0.000
Ending Placer Task | Checksum: 16a9efaac

Time (s): cpu = 00:03:17 ; elapsed = 00:03:17 . Memory (MB): peak = 1863.609 ; gain = 0.000
75 Infos, 0 Warnings, 0 Critical Warnings and 0 Errors encountered.
place_design completed successfully
place_design: Time (s): cpu = 00:03:19 ; elapsed = 00:03:19 . Memory (MB): peak = 1863.609 ; gain = 0.000
Command: phys_opt_design -directive AggressiveExplore
Attempting to get a license for feature 'Implementation' and/or device 'xc7a12t'
INFO: [Common 17-349] Got license for feature 'Implementation' and/or device 'xc7a12t'
INFO: [Vivado_Tcl 4-137] Directive used for phys_opt_design is: AggressiveExplore

Starting Initial Update Timing Task

Time (s): cpu = 00:00:03 ; elapsed = 00:00:02 . Memory (MB): peak = 1863.609 ; gain = 0.000
INFO: [Vivado_Tcl 4-1435] PhysOpt_Tcl_Interface Runtime Before Starting Physical Synthesis Task | CPU: 3.00s |  WALL: 1.89s
Netlist sorting complete. Time (s): cpu = 00:00:00 ; elapsed = 00:00:00.005 . Memory (MB): peak = 1863.609 ; gain = 0.000

Starting Physical Synthesis Task

Phase 1 Physical Synthesis Initialization
INFO: [Physopt 32-721] Multithreading enabled for phys_opt_design using a maximum of 2 CPUs
INFO: [Physopt 32-619] Estimated Timing Summary | WNS=-0.519 | TNS=-15.507 |
Phase 1 Physical Synthesis Initialization | Checksum: 97aa8429

Time (s): cpu = 00:00:01 ; elapsed = 00:00:00.753 . Memory (MB): peak = 1863.609 ; gain = 0.000

Phase 2 SLR Crossing Optimization
Phase 2 SLR Crossing Optimization | Checksum: 97aa8429

Time (s): cpu = 00:00:01 ; elapsed = 00:00:00.796 . Memory (MB): peak = 1863.609 ; gain = 0.000
INFO: [Physopt 32-619] Estimated Timing Summary | WNS=-0.519 | TNS=-15.507 |

Phase 3 Fanout Optimization
INFO: [Physopt 32-76] Pass 1. Identified 10 candidate nets for fanout optimization.
INFO: [Physopt 32-81] Processed net ntt/ctrl_butt_reg_n_0_[2]. Replicated 2 times.
INFO: [Physopt 32-572] Net hash/hash/FSM/FSM_sequential_STATE_reg[1]_1[0] was not replicated.
Resolution: phys_opt_design can be forced to replicate a net driver using the option -force_replication_on_nets <list of net objects>.
INFO: [Physopt 32-81] Processed net state[0]. Replicated 2 times.
INFO: [Physopt 32-81] Processed net state[3]. Replicated 2 times.
INFO: [Physopt 32-81] Processed net ntt/ctrl_butt_reg_n_0_[1]. Replicated 1 times.
INFO: [Physopt 32-81] Processed net hash/hash/FSM/state_reg[3]. Replicated 1 times.
INFO: [Physopt 32-81] Processed net state[2]. Replicated 2 times.
INFO: [Physopt 32-572] Net hash/hash/FSM/FSM_sequential_STATE_reg[0]_2[0] was not replicated.
Resolution: phys_opt_design can be forced to replicate a net driver using the option -force_replication_on_nets <list of net objects>.
INFO: [Physopt 32-81] Processed net state[1]. Replicated 2 times.
INFO: [Physopt 32-81] Processed net state_reg[5]_rep_n_0. Replicated 2 times.
INFO: [Physopt 32-232] Optimized 8 nets. Created 14 new instances.
INFO: [Physopt 32-775] End 1 Pass. Optimized 8 nets or cells. Created 14 new cells, deleted 0 existing cell and moved 0 existing cell
INFO: [Physopt 32-619] Estimated Timing Summary | WNS=-0.519 | TNS=-13.602 |
Netlist sorting complete. Time (s): cpu = 00:00:00 ; elapsed = 00:00:00.043 . Memory (MB): peak = 1863.609 ; gain = 0.000
Phase 3 Fanout Optimization | Checksum: 1432e69db

Time (s): cpu = 00:00:11 ; elapsed = 00:00:07 . Memory (MB): peak = 1863.609 ; gain = 0.000

Phase 4 Single Cell Placement Optimization
INFO: [Physopt 32-660] Identified 248 candidate nets for placement-based optimization.
INFO: [Physopt 32-662] Processed net hash/ofifo1_req_r1_reg[4].  Did not re-place instance hash/in1_butt[4]_i_3
INFO: [Physopt 32-662] Processed net hash/samp2_q[2]_i_5_n_0.  Did not re-place instance hash/samp2_q[2]_i_5
INFO: [Physopt 32-662] Processed net hash/ofifo1_req_r1_reg[9].  Did not re-place instance hash/in1_butt[9]_i_2
INFO: [Physopt 32-662] Processed net hash/samp0_q[2]_i_7_n_0.  Did not re-place instance hash/samp0_q[2]_i_7
INFO: [Physopt 32-662] Processed net hash/samp0_q[1]_i_4_n_0.  Did not re-place instance hash/samp0_q[1]_i_4
INFO: [Physopt 32-662] Processed net hash/in1_butt[4]_i_4_n_0.  Did not re-place instance hash/in1_butt[4]_i_4
INFO: [Physopt 32-662] Processed net hash/in1_butt[9]_i_4_n_0.  Did not re-place instance hash/in1_butt[9]_i_4
INFO: [Physopt 32-662] Processed net hash/samp0_q[2]_i_1_0.  Did not re-place instance hash/samp0_q[1]_i_1
INFO: [Physopt 32-662] Processed net hash/samp2_q[11]_i_2_n_0.  Did not re-place instance hash/samp2_q[11]_i_2
INFO: [Physopt 32-662] Processed net hash/samp2_q[11]_i_3_0.  Did not re-place instance hash/samp2_q[11]_i_1
INFO: [Physopt 32-662] Processed net ntt/samp2_q[11].  Did not re-place instance ntt/samp2_q_reg[11]
INFO: [Physopt 32-662] Processed net ntt/samp0_q[1].  Did not re-place instance ntt/samp0_q_reg[1]
INFO: [Physopt 32-662] Processed net hash/samp0_q[2]_i_3_n_0.  Did not re-place instance hash/samp0_q[2]_i_3
INFO: [Physopt 32-662] Processed net hash/samp0_q[1]_i_5_n_0.  Did not re-place instance hash/samp0_q[1]_i_5
INFO: [Physopt 32-662] Processed net hash/p_1_in0.  Did not re-place instance hash/samp0_q[11]_i_1
INFO: [Physopt 32-662] Processed net ntt/samp0_q[11].  Did not re-place instance ntt/samp0_q_reg[11]
INFO: [Physopt 32-662] Processed net hash/samp0_q[2]_i_7_0.  Did not re-place instance hash/samp0_q[2]_i_1
INFO: [Physopt 32-662] Processed net hash/samp0_q[1]_i_2_n_0.  Did not re-place instance hash/samp0_q[1]_i_2
INFO: [Physopt 32-662] Processed net hash/samp0_q[1]_i_3_n_0.  Did not re-place instance hash/samp0_q[1]_i_3
INFO: [Physopt 32-662] Processed net hash/samp1_q[2]_i_6_n_0.  Did not re-place instance hash/samp1_q[2]_i_6
INFO: [Physopt 32-662] Processed net hash/samp1_q[2]_i_2_1.  Did not re-place instance hash/samp1_q[7]_i_1
INFO: [Physopt 32-662] Processed net hash/samp1_q[2]_i_2_2.  Did not re-place instance hash/samp1_q[1]_i_1
INFO: [Physopt 32-662] Processed net ntt/samp1_q[7].  Did not re-place instance ntt/samp1_q_reg[7]
INFO: [Physopt 32-662] Processed net ntt/samp1_q[1].  Did not re-place instance ntt/samp1_q_reg[1]
INFO: [Physopt 32-662] Processed net hash/samp1_q[2]_i_2_3.  Did not re-place instance hash/samp1_q[11]_i_1
INFO: [Physopt 32-662] Processed net ntt/samp1_q[11].  Did not re-place instance ntt/samp1_q_reg[11]
INFO: [Physopt 32-662] Processed net hash/samp0_q[2]_i_6_n_0.  Did not re-place instance hash/samp0_q[2]_i_6
INFO: [Physopt 32-662] Processed net hash/ofifo1_req_r1_reg[3].  Did not re-place instance hash/in1_butt[3]_i_2
INFO: [Physopt 32-662] Processed net hash/in1_butt[3]_i_3_n_0.  Did not re-place instance hash/in1_butt[3]_i_3
INFO: [Physopt 32-662] Processed net hash/samp1_q[2]_i_4_n_0.  Did not re-place instance hash/samp1_q[2]_i_4
INFO: [Physopt 32-662] Processed net hash/samp1_q[11]_i_2_n_0.  Did not re-place instance hash/samp1_q[11]_i_2
INFO: [Physopt 32-662] Processed net hash/samp1_q[2]_i_2_0.  Did not re-place instance hash/samp1_q[8]_i_1
INFO: [Physopt 32-662] Processed net ntt/samp1_q[8].  Did not re-place instance ntt/samp1_q_reg[8]
INFO: [Physopt 32-662] Processed net hash/samp1_q[2]_i_6_0.  Did not re-place instance hash/samp1_q[2]_i_1
INFO: [Physopt 32-662] Processed net ntt/samp1_q[2].  Did not re-place instance ntt/samp1_q_reg[2]
INFO: [Physopt 32-662] Processed net hash/ofifo1_req_r1_reg[2].  Did not re-place instance hash/in1_butt[2]_i_2
INFO: [Physopt 32-662] Processed net hash/samp2_q[2]_i_2_n_0.  Did not re-place instance hash/samp2_q[2]_i_2
INFO: [Physopt 32-662] Processed net hash/in1_butt[2]_i_3_n_0.  Did not re-place instance hash/in1_butt[2]_i_3
INFO: [Physopt 32-662] Processed net hash/samp2_q[2]_i_7_0.  Did not re-place instance hash/samp2_q[2]_i_1
INFO: [Physopt 32-662] Processed net ntt/samp2_q[2].  Did not re-place instance ntt/samp2_q_reg[2]
INFO: [Physopt 32-662] Processed net decode/E[0].  Did not re-place instance decode/data_ctr[5]_i_1
INFO: [Physopt 32-662] Processed net decode/OFIFO_req.  Did not re-place instance decode/OFIFO_i_36
INFO: [Physopt 32-662] Processed net data_ctr_reg_n_0_[4].  Did not re-place instance data_ctr_reg[4]
INFO: [Physopt 32-662] Processed net data_ctr_reg_n_0_[5].  Did not re-place instance data_ctr_reg[5]
INFO: [Physopt 32-662] Processed net decode/data_ctr[5]_i_3_n_0.  Did not re-place instance decode/data_ctr[5]_i_3
INFO: [Physopt 32-662] Processed net data_ctr_reg_n_0_[0].  Did not re-place instance data_ctr_reg[0]
INFO: [Physopt 32-662] Processed net data_ctr_reg_n_0_[1].  Did not re-place instance data_ctr_reg[1]
INFO: [Physopt 32-662] Processed net data_ctr_reg_n_0_[2].  Did not re-place instance data_ctr_reg[2]
INFO: [Physopt 32-662] Processed net data_ctr_reg_n_0_[3].  Did not re-place instance data_ctr_reg[3]
INFO: [Physopt 32-662] Processed net hash/samp2_q[2]_i_3_n_0.  Did not re-place instance hash/samp2_q[2]_i_3
INFO: [Physopt 32-662] Processed net hash/ofifo1_req_r1_reg[8].  Did not re-place instance hash/in1_butt[8]_i_2
INFO: [Physopt 32-662] Processed net hash/in1_butt[8]_i_3_n_0.  Did not re-place instance hash/in1_butt[8]_i_3
INFO: [Physopt 32-662] Processed net hash/samp0_q[2]_i_2_n_0.  Did not re-place instance hash/samp0_q[2]_i_2
INFO: [Physopt 32-662] Processed net hash/ofifo1_req_r1_reg[0].  Did not re-place instance hash/in1_butt[0]_i_2
INFO: [Physopt 32-662] Processed net hash/in1_butt[0]_i_3_n_0.  Did not re-place instance hash/in1_butt[0]_i_3
INFO: [Physopt 32-662] Processed net hash/samp2_q[11]_i_3_n_0.  Did not re-place instance hash/samp2_q[11]_i_3
INFO: [Physopt 32-662] Processed net hash/samp1_q[2]_i_5_n_0.  Did not re-place instance hash/samp1_q[2]_i_5
INFO: [Physopt 32-662] Processed net hash/ofifo1_req_r1_reg[7].  Did not re-place instance hash/in1_butt[7]_i_2
INFO: [Physopt 32-662] Processed net hash/samp1_q[2]_i_7_n_0.  Did not re-place instance hash/samp1_q[2]_i_7
INFO: [Physopt 32-662] Processed net hash/in1_butt[7]_i_3_n_0.  Did not re-place instance hash/in1_butt[7]_i_3
INFO: [Physopt 32-662] Processed net hash/ofifo1_req_r1_reg[5].  Did not re-place instance hash/in1_butt[5]_i_2
INFO: [Physopt 32-662] Processed net hash/samp0_q[2]_i_4_n_0.  Did not re-place instance hash/samp0_q[2]_i_4
INFO: [Physopt 32-662] Processed net hash/in1_butt[5]_i_3_n_0.  Did not re-place instance hash/in1_butt[5]_i_3
INFO: [Physopt 32-662] Processed net hash/samp2_q[2]_i_4_0.  Did not re-place instance hash/samp2_q[8]_i_1
INFO: [Physopt 32-662] Processed net ntt/samp2_q[8].  Did not re-place instance ntt/samp2_q_reg[8]
INFO: [Physopt 32-663] Processed net hash/samp1_q[2]_i_3_n_0.  Re-placed instance hash/samp1_q[2]_i_3
INFO: [Physopt 32-662] Processed net hash/samp1_q[2]_i_3_0.  Did not re-place instance hash/samp1_q[0]_i_1
INFO: [Physopt 32-662] Processed net ntt/samp1_q[0].  Did not re-place instance ntt/samp1_q_reg[0]
INFO: [Physopt 32-662] Processed net hash/samp2_q[2]_i_4_1.  Did not re-place instance hash/samp2_q[7]_i_1
INFO: [Physopt 32-662] Processed net ntt/samp2_q[7].  Did not re-place instance ntt/samp2_q_reg[7]
INFO: [Physopt 32-662] Processed net hash/samp1_q[11]_i_3_n_0.  Did not re-place instance hash/samp1_q[11]_i_3
INFO: [Physopt 32-662] Processed net hash/samp2_q[2]_i_4_2.  Did not re-place instance hash/samp2_q[1]_i_1
INFO: [Physopt 32-662] Processed net ntt/samp2_q[1].  Did not re-place instance ntt/samp2_q_reg[1]
INFO: [Physopt 32-663] Processed net hash/ififo_req.  Re-placed instance hash/fifo0_i_36
INFO: [Physopt 32-663] Processed net hash/fifo0/U0/inst_fifo_gen/gconvfifo.rf/grf.rf/gntv_or_sync_fifo.gl0.rd/grss.rsts/enb.  Re-placed instance hash/fifo0/U0/inst_fifo_gen/gconvfifo.rf/grf.rf/gntv_or_sync_fifo.gl0.rd/grss.rsts/gbm.gbmg.gbmga.ngecc.bmg_i_2
INFO: [Physopt 32-662] Processed net hash/samp0_q[2]_i_2_2.  Did not re-place instance hash/samp0_q[0]_i_1
INFO: [Physopt 32-662] Processed net ntt/samp0_q[0].  Did not re-place instance ntt/samp0_q_reg[0]
INFO: [Physopt 32-663] Processed net hash/fifo0_i_134_n_0.  Re-placed instance hash/fifo0_i_134
INFO: [Physopt 32-663] Processed net hash/ififo_din[3].  Re-placed instance hash/fifo0_i_31
INFO: [Physopt 32-663] Processed net hash/fifo0_i_90_n_0.  Re-placed instance hash/fifo0_i_90
INFO: [Physopt 32-662] Processed net hash/ififo_din[16].  Did not re-place instance hash/fifo0_i_18
INFO: [Physopt 32-662] Processed net hash/samp3_q[2]_i_3_n_0.  Did not re-place instance hash/samp3_q[2]_i_3
INFO: [Physopt 32-663] Processed net hash/ofifo1_req_r1_reg[18].  Re-placed instance hash/in1_butt[20]_i_3
INFO: [Physopt 32-662] Processed net hash/samp3_q[2]_i_4_1.  Did not re-place instance hash/samp3_q[7]_i_1
INFO: [Physopt 32-662] Processed net ntt/samp3_q[7].  Did not re-place instance ntt/samp3_q_reg[7]
INFO: [Physopt 32-663] Processed net hash/fifo0_i_69_n_0.  Re-placed instance hash/fifo0_i_69
INFO: [Physopt 32-662] Processed net hash/ififo_din[20].  Did not re-place instance hash/fifo0_i_14
INFO: [Physopt 32-663] Processed net DFIFO1/U0/inst_fifo_gen/gconvfifo.rf/grf.rf/gntv_or_sync_fifo.gl0.wr/gwss.wsts/E[0].  Re-placed instance DFIFO1/U0/inst_fifo_gen/gconvfifo.rf/grf.rf/gntv_or_sync_fifo.gl0.wr/gwss.wsts/gbm.gbmg.gbmga.ngecc.bmg_i_1
INFO: [Physopt 32-663] Processed net state[5].  Re-placed instance state_reg[5]
INFO: [Physopt 32-663] Processed net decode/wr_en.  Re-placed instance decode/DFIFO1_i_11
INFO: [Physopt 32-663] Processed net decode/DFIFO1_i_13_n_0.  Re-placed instance decode/DFIFO1_i_13
INFO: [Physopt 32-663] Processed net hash/fifo0_i_61_n_0.  Re-placed instance hash/fifo0_i_61
INFO: [Physopt 32-663] Processed net hash/ififo_din[24].  Re-placed instance hash/fifo0_i_10
INFO: [Physopt 32-662] Processed net hash/ofifo1_req_r1_reg[1].  Did not re-place instance hash/in1_butt[1]_i_2
INFO: [Physopt 32-662] Processed net hash/in1_butt[1]_i_3_n_0.  Did not re-place instance hash/in1_butt[1]_i_3
INFO: [Physopt 32-663] Processed net hash/fifo0_i_75_n_0.  Re-placed instance hash/fifo0_i_75
INFO: [Physopt 32-663] Processed net hash/ififo_din[19].  Re-placed instance hash/fifo0_i_15
INFO: [Physopt 32-663] Processed net hash/samp3_q[11]_i_3_0.  Re-placed instance hash/samp3_q[11]_i_1
INFO: [Physopt 32-662] Processed net ntt/samp3_q[11].  Did not re-place instance ntt/samp3_q_reg[11]
INFO: [Physopt 32-662] Processed net ntt/in1_butt_reg_n_0_[14].  Did not re-place instance ntt/in1_butt_reg[14]
INFO: [Physopt 32-663] Processed net ntt/BU/sum_in1_reg[3]_i_6_n_0.  Re-placed instance ntt/BU/sum_in1_reg[3]_i_6
INFO: [Physopt 32-662] Processed net ntt/BU/sum_in1_reg[10]_i_1_n_0.  Did not re-place instance ntt/BU/sum_in1_reg[10]_i_1
INFO: [Physopt 32-663] Processed net ntt/BU/sum_in1_reg[3]_i_5_n_0.  Re-placed instance ntt/BU/sum_in1_reg[3]_i_5
INFO: [Physopt 32-662] Processed net ntt/BU/sum_in1_reg[10].  Did not re-place instance ntt/BU/sum_in1_reg_reg[10]
INFO: [Physopt 32-662] Processed net ntt/BU/sum_in1_reg[7]_i_1_n_0.  Did not re-place instance ntt/BU/sum_in1_reg[7]_i_1
INFO: [Physopt 32-662] Processed net ntt/BU/sum_in1_reg[7].  Did not re-place instance ntt/BU/sum_in1_reg_reg[7]
INFO: [Physopt 32-662] Processed net hash/ofifo1_req_r1_reg[6].  Did not re-place instance hash/in1_butt[6]_i_2
INFO: [Physopt 32-662] Processed net hash/in1_butt[6]_i_3_n_0.  Did not re-place instance hash/in1_butt[6]_i_3
INFO: [Physopt 32-662] Processed net hash/samp3_q[2]_i_5_n_0.  Did not re-place instance hash/samp3_q[2]_i_5
INFO: [Physopt 32-663] Processed net hash/ofifo1_req_r1_reg[13].  Re-placed instance hash/in1_butt[15]_i_4
INFO: [Physopt 32-662] Processed net ntt/in1_butt_reg_n_0_[15].  Did not re-place instance ntt/in1_butt_reg[15]
INFO: [Physopt 32-663] Processed net ntt/rdata_RAM_mux0[15].  Re-placed instance ntt/rdata_RAM_mux0_r1[15]_i_1
INFO: [Physopt 32-662] Processed net hash/samp3_q[11]_i_2_n_0.  Did not re-place instance hash/samp3_q[11]_i_2
INFO: [Physopt 32-662] Processed net ntt/in1_butt[15]_i_3_n_0.  Did not re-place instance ntt/in1_butt[15]_i_3
INFO: [Physopt 32-663] Processed net ntt/rdata_RAM_mux0_r1[15]_i_2_n_0.  Re-placed instance ntt/rdata_RAM_mux0_r1[15]_i_2
INFO: [Physopt 32-663] Processed net hash/fifo0_i_101_n_0.  Re-placed instance hash/fifo0_i_101
INFO: [Physopt 32-662] Processed net hash/fifo0_i_139_n_0.  Did not re-place instance hash/fifo0_i_139
INFO: [Physopt 32-663] Processed net hash/fifo0_i_206_n_0.  Re-placed instance hash/fifo0_i_206
INFO: [Physopt 32-662] Processed net hash/ififo_din[0].  Did not re-place instance hash/fifo0_i_34
INFO: [Physopt 32-663] Processed net hash/ififo_din[12].  Re-placed instance hash/fifo0_i_22
INFO: [Physopt 32-662] Processed net hash/samp2_q[2]_i_4_n_0.  Did not re-place instance hash/samp2_q[2]_i_4
INFO: [Physopt 32-662] Processed net ntt/in1_butt_reg_n_0_[18].  Did not re-place instance ntt/in1_butt_reg[18]
INFO: [Physopt 32-662] Processed net hash/samp2_q[2]_i_2_0.  Did not re-place instance hash/samp2_q[0]_i_1
INFO: [Physopt 32-662] Processed net ntt/in1_butt[18].  Did not re-place instance ntt/in1_butt[18]_i_1
INFO: [Physopt 32-662] Processed net ntt/in1_butt[18]_i_2_n_0.  Did not re-place instance ntt/in1_butt[18]_i_2
INFO: [Physopt 32-662] Processed net ntt/samp2_q[0].  Did not re-place instance ntt/samp2_q_reg[0]
INFO: [Physopt 32-663] Processed net hash/ofifo1_req_r1_reg[17].  Re-placed instance hash/in1_butt[19]_i_3
INFO: [Physopt 32-662] Processed net ntt/in1_butt[17].  Did not re-place instance ntt/in1_butt[17]_i_1
INFO: [Physopt 32-662] Processed net ntt/in1_butt[17]_i_2_n_0.  Did not re-place instance ntt/in1_butt[17]_i_2
INFO: [Physopt 32-662] Processed net ntt/in1_butt_reg_n_0_[17].  Did not re-place instance ntt/in1_butt_reg[17]
INFO: [Physopt 32-662] Processed net ntt/samp0_q[2].  Did not re-place instance ntt/samp0_q_reg[2]
INFO: [Physopt 32-662] Processed net ntt/BU/sum_in1_reg[11]_i_1_n_0.  Did not re-place instance ntt/BU/sum_in1_reg[11]_i_1
INFO: [Physopt 32-662] Processed net ntt/BU/sum_in1_reg[11].  Did not re-place instance ntt/BU/sum_in1_reg_reg[11]
INFO: [Physopt 32-663] Processed net hash/fifo0_i_42_n_0.  Re-placed instance hash/fifo0_i_42
INFO: [Physopt 32-662] Processed net hash/ififo_din[31].  Did not re-place instance hash/fifo0_i_3
INFO: [Physopt 32-663] Processed net OFIFO/U0/inst_fifo_gen/gconvfifo.rf/grf.rf/gntv_or_sync_fifo.gl0.wr/gwss.wsts/E[0].  Re-placed instance OFIFO/U0/inst_fifo_gen/gconvfifo.rf/grf.rf/gntv_or_sync_fifo.gl0.wr/gwss.wsts/gbm.gbmg.gbmga.ngecc.bmg_i_1
INFO: [Physopt 32-662] Processed net encode/wr_en.  Did not re-place instance encode/OFIFO_i_35
INFO: [Physopt 32-662] Processed net encode/OFIFO_din2.  Did not re-place instance encode/OFIFO_i_74
INFO: [Physopt 32-662] Processed net equal_reg_n_0.  Did not re-place instance equal_reg
INFO: [Physopt 32-662] Processed net ntt/CCA_enc_reg.  Did not re-place instance ntt/equal_i_1
INFO: [Physopt 32-662] Processed net ntt/equal_i_12_n_0.  Did not re-place instance ntt/equal_i_12
INFO: [Physopt 32-663] Processed net ntt/equal_i_20_n_0.  Re-placed instance ntt/equal_i_20
INFO: [Physopt 32-663] Processed net ntt/equal_i_23_n_0.  Re-placed instance ntt/equal_i_23
INFO: [Physopt 32-663] Processed net ntt/rdata_RAM_mux0[22].  Re-placed instance ntt/rdata_RAM_mux0_r1[22]_i_1
INFO: [Physopt 32-662] Processed net ntt/in1_butt_reg_n_0_[22].  Did not re-place instance ntt/in1_butt_reg[22]
INFO: [Physopt 32-662] Processed net ntt/in1_butt[22].  Did not re-place instance ntt/in1_butt[22]_i_1
INFO: [Physopt 32-662] Processed net ntt/in1_butt[22]_i_2_n_0.  Did not re-place instance ntt/in1_butt[22]_i_2
INFO: [Physopt 32-663] Processed net ntt/rdata_RAM_mux0_r1[22]_i_2_n_0.  Re-placed instance ntt/rdata_RAM_mux0_r1[22]_i_2
INFO: [Physopt 32-663] Processed net hash/fifo1/U0/inst_fifo_gen/gconvfifo.rf/grf.rf/gntv_or_sync_fifo.gl0.wr/gwss.wsts/E[0].  Re-placed instance hash/fifo1/U0/inst_fifo_gen/gconvfifo.rf/grf.rf/gntv_or_sync_fifo.gl0.wr/gwss.wsts/gbm.gbmg.gbmga.ngecc.bmg_i_1
INFO: [Physopt 32-663] Processed net hash/decode/wr_en.  Re-placed instance hash/decode/fifo1_i_25
INFO: [Physopt 32-662] Processed net hash/decode/ofifo_din_valid0.  Did not re-place instance hash/decode/fifo1_i_27
INFO: [Physopt 32-663] Processed net hash/decode/decode_dout[11].  Re-placed instance hash/decode/dout_reg[11]
INFO: [Physopt 32-663] Processed net hash/decode/fifo1_i_30_n_0.  Re-placed instance hash/decode/fifo1_i_30
INFO: [Physopt 32-662] Processed net hash/samp3_q[2]_i_4_0.  Did not re-place instance hash/samp3_q[8]_i_1
INFO: [Physopt 32-662] Processed net ntt/samp3_q[8].  Did not re-place instance ntt/samp3_q_reg[8]
INFO: [Physopt 32-663] Processed net hash/ofifo1_req_r1_reg[14].  Re-placed instance hash/in1_butt[16]_i_4
INFO: [Physopt 32-663] Processed net hash/samp2_q[2]_i_7_n_0.  Re-placed instance hash/samp2_q[2]_i_7
INFO: [Physopt 32-663] Processed net hash/decode/decode_dout[3].  Re-placed instance hash/decode/dout_reg[3]
INFO: [Physopt 32-663] Processed net hash/decode/fifo1_i_31_n_0.  Re-placed instance hash/decode/fifo1_i_31
INFO: [Physopt 32-663] Processed net hash/fifo0/U0/inst_fifo_gen/gconvfifo.rf/grf.rf/gntv_or_sync_fifo.gl0.rd/grss.rsts/E[0].  Re-placed instance hash/fifo0/U0/inst_fifo_gen/gconvfifo.rf/grf.rf/gntv_or_sync_fifo.gl0.rd/grss.rsts/gc0.count_d1[7]_i_1
INFO: [Physopt 32-662] Processed net hash/fifo0/U0/inst_fifo_gen/gconvfifo.rf/grf.rf/gntv_or_sync_fifo.gl0.rd/rpntr/ram_full_fb_i_reg.  Did not re-place instance hash/fifo0/U0/inst_fifo_gen/gconvfifo.rf/grf.rf/gntv_or_sync_fifo.gl0.rd/rpntr/ram_full_fb_i_i_1
INFO: [Physopt 32-663] Processed net hash/fifo0/U0/inst_fifo_gen/gconvfifo.rf/grf.rf/gntv_or_sync_fifo.gl0.wr/gwss.wsts/ram_full_i.  Re-placed instance hash/fifo0/U0/inst_fifo_gen/gconvfifo.rf/grf.rf/gntv_or_sync_fifo.gl0.wr/gwss.wsts/ram_full_i_reg
INFO: [Physopt 32-662] Processed net ntt/equal_i_10_n_0.  Did not re-place instance ntt/equal_i_10
INFO: [Physopt 32-663] Processed net ntt/equal_i_18_n_0.  Re-placed instance ntt/equal_i_18
INFO: [Physopt 32-663] Processed net ntt/equal_i_21_n_0.  Re-placed instance ntt/equal_i_21
INFO: [Physopt 32-662] Processed net ntt/BU/sum_in1_reg[3]_i_10_n_0.  Did not re-place instance ntt/BU/sum_in1_reg[3]_i_10
INFO: [Physopt 32-662] Processed net hash/decode/decode_dout[10].  Did not re-place instance hash/decode/dout_reg[10]
INFO: [Physopt 32-662] Processed net hash/samp0_q[2]_i_2_0.  Did not re-place instance hash/samp0_q[8]_i_1
INFO: [Physopt 32-662] Processed net ntt/samp0_q[8].  Did not re-place instance ntt/samp0_q_reg[8]
INFO: [Physopt 32-662] Processed net hash/samp0_q[2]_i_2_1.  Did not re-place instance hash/samp0_q[7]_i_1
INFO: [Physopt 32-662] Processed net ntt/samp0_q[7].  Did not re-place instance ntt/samp0_q_reg[7]
INFO: [Physopt 32-662] Processed net hash/samp3_q[2]_i_4_2.  Did not re-place instance hash/samp3_q[1]_i_1
INFO: [Physopt 32-662] Processed net ntt/samp3_q[1].  Did not re-place instance ntt/samp3_q_reg[1]
INFO: [Physopt 32-662] Processed net hash/ofifo1_req_r1_reg[11].  Did not re-place instance hash/in1_butt[11]_i_2
INFO: [Physopt 32-662] Processed net ntt/rdata_RAM_mux0[18].  Did not re-place instance ntt/rdata_RAM_mux0_r1[18]_i_1
INFO: [Physopt 32-663] Processed net ntt/equal_i_16_n_0.  Re-placed instance ntt/equal_i_16
INFO: [Physopt 32-662] Processed net ntt/equal_i_8_n_0.  Did not re-place instance ntt/equal_i_8
INFO: [Physopt 32-663] Processed net ntt/rdata_RAM_mux0_r1[18]_i_2_n_0.  Re-placed instance ntt/rdata_RAM_mux0_r1[18]_i_2
INFO: [Physopt 32-662] Processed net hash/samp3_q[2]_i_2_n_0.  Did not re-place instance hash/samp3_q[2]_i_2
INFO: [Physopt 32-663] Processed net hash/ofifo1_req_r1_reg[22].  Re-placed instance hash/in1_butt[22]_i_4
INFO: [Physopt 32-663] Processed net hash/fifo0_i_85_n_0.  Re-placed instance hash/fifo0_i_85
INFO: [Physopt 32-662] Processed net hash/ififo_din[17].  Did not re-place instance hash/fifo0_i_17
INFO: [Physopt 32-662] Processed net hash/samp3_q[2]_i_7_0.  Did not re-place instance hash/samp3_q[2]_i_1
INFO: [Physopt 32-662] Processed net ntt/samp3_q[2].  Did not re-place instance ntt/samp3_q_reg[2]
INFO: [Physopt 32-663] Processed net hash/fifo0_i_107_n_0.  Re-placed instance hash/fifo0_i_107
INFO: [Physopt 32-663] Processed net hash/ififo_din[11].  Re-placed instance hash/fifo0_i_23
INFO: [Physopt 32-663] Processed net hash/fifo0_i_123_n_0.  Re-placed instance hash/fifo0_i_123
INFO: [Physopt 32-662] Processed net hash/ififo_din[8].  Did not re-place instance hash/fifo0_i_26
INFO: [Physopt 32-662] Processed net hash/samp0_q[2]_i_5_n_0.  Did not re-place instance hash/samp0_q[2]_i_5
INFO: [Physopt 32-662] Processed net hash/fifo0/U0/inst_fifo_gen/gconvfifo.rf/grf.rf/gntv_or_sync_fifo.gl0.wr/gwss.wsts/ram_full_fb_i.  Did not re-place instance hash/fifo0/U0/inst_fifo_gen/gconvfifo.rf/grf.rf/gntv_or_sync_fifo.gl0.wr/gwss.wsts/ram_full_fb_i_reg
INFO: [Physopt 32-662] Processed net hash/samp1_q[2]_i_2_n_0.  Did not re-place instance hash/samp1_q[2]_i_2
INFO: [Physopt 32-663] Processed net hash/fifo0_i_80_n_0.  Re-placed instance hash/fifo0_i_80
INFO: [Physopt 32-662] Processed net hash/ififo_din[18].  Did not re-place instance hash/fifo0_i_16
INFO: [Physopt 32-663] Processed net OFIFO/U0/inst_fifo_gen/gconvfifo.rf/grf.rf/gntv_or_sync_fifo.gl0.rd/grss.rsts/enb.  Re-placed instance OFIFO/U0/inst_fifo_gen/gconvfifo.rf/grf.rf/gntv_or_sync_fifo.gl0.rd/grss.rsts/gbm.gbmg.gbmga.ngecc.bmg_i_2
INFO: [Physopt 32-662] Processed net ntt/ctrl_butt_reg_n_0_[2].  Did not re-place instance ntt/ctrl_butt_reg[2]
INFO: [Physopt 32-662] Processed net ntt/BU/sum_in1_reg[11]_i_16_n_0.  Did not re-place instance ntt/BU/sum_in1_reg[11]_i_16
INFO: [Physopt 32-663] Processed net ntt/BU/sum_in1_reg[11]_i_19_n_0.  Re-placed instance ntt/BU/sum_in1_reg[11]_i_19
INFO: [Physopt 32-663] Processed net hash/ofifo1_req_r1_reg[10].  Re-placed instance hash/in1_butt[10]_i_3
INFO: [Physopt 32-663] Processed net decode/state_reg[5]_rep[0].  Re-placed instance decode/data_rnd_ctr[3]_i_1
INFO: [Physopt 32-662] Processed net decode/data_rnd_ctr[3]_i_4_n_0.  Did not re-place instance decode/data_rnd_ctr[3]_i_4
INFO: [Physopt 32-663] Processed net data_rnd_ctr_reg_n_0_[0].  Re-placed instance data_rnd_ctr_reg[0]
INFO: [Physopt 32-663] Processed net data_rnd_ctr_reg_n_0_[1].  Re-placed instance data_rnd_ctr_reg[1]
INFO: [Physopt 32-662] Processed net hash/samp3_q[2]_i_4_n_0.  Did not re-place instance hash/samp3_q[2]_i_4
INFO: [Physopt 32-662] Processed net ntt/in1_butt_reg_n_0_[6].  Did not re-place instance ntt/in1_butt_reg[6]
INFO: [Physopt 32-663] Processed net ntt/BU/sum_in1_reg[7]_i_4_n_0.  Re-placed instance ntt/BU/sum_in1_reg[7]_i_4
INFO: [Physopt 32-662] Processed net ntt/in1_butt_reg_n_0_[2].  Did not re-place instance ntt/in1_butt_reg[2]
INFO: [Physopt 32-663] Processed net ntt/rdata_RAM_mux0[2].  Re-placed instance ntt/rdata_RAM_mux0_r1[2]_i_1
INFO: [Physopt 32-662] Processed net ntt/in1_butt[2].  Did not re-place instance ntt/in1_butt[2]_i_1
INFO: [Physopt 32-663] Processed net ntt/rdata_RAM_mux0_r1[2]_i_2_n_0.  Re-placed instance ntt/rdata_RAM_mux0_r1[2]_i_2
INFO: [Physopt 32-662] Processed net ntt/BU/sum_in1_reg[8]_i_1_n_0.  Did not re-place instance ntt/BU/sum_in1_reg[8]_i_1
INFO: [Physopt 32-662] Processed net ntt/BU/sum_in1_reg[8].  Did not re-place instance ntt/BU/sum_in1_reg_reg[8]
INFO: [Physopt 32-663] Processed net ntt/rdata_RAM_mux0[16].  Re-placed instance ntt/rdata_RAM_mux0_r1[16]_i_1
INFO: [Physopt 32-663] Processed net ntt/rdata_RAM_mux0_r1[16]_i_2_n_0.  Re-placed instance ntt/rdata_RAM_mux0_r1[16]_i_2
INFO: [Physopt 32-662] Processed net ntt/rdata_RAM_mux0_r1[16].  Did not re-place instance ntt/rdata_RAM_mux0_r1_reg[16]
INFO: [Physopt 32-662] Processed net ntt/in0_butt_reg_n_0_[14].  Did not re-place instance ntt/in0_butt_reg[14]
INFO: [Physopt 32-663] Processed net hash/NTT_din[24].  Re-placed instance hash/samp1_q[11]_i_4
INFO: [Physopt 32-663] Processed net hash/fifo0_i_95_n_0.  Re-placed instance hash/fifo0_i_95
INFO: [Physopt 32-663] Processed net hash/ififo_din[15].  Re-placed instance hash/fifo0_i_19
INFO: [Physopt 32-662] Processed net hash/samp3_q[2]_i_6_n_0.  Did not re-place instance hash/samp3_q[2]_i_6
INFO: [Physopt 32-663] Processed net hash/ofifo1_req_r1_reg[23].  Re-placed instance hash/in1_butt[23]_i_2
INFO: [Physopt 32-662] Processed net hash/samp3_q[2]_i_2_0.  Did not re-place instance hash/samp3_q[0]_i_1
INFO: [Physopt 32-662] Processed net ntt/samp3_q[0].  Did not re-place instance ntt/samp3_q_reg[0]
INFO: [Physopt 32-662] Processed net ntt/BU/sum_in1_reg[5]_i_1_n_0.  Did not re-place instance ntt/BU/sum_in1_reg[5]_i_1
INFO: [Physopt 32-662] Processed net ntt/BU/sum_in1_reg[9]_i_1_n_0.  Did not re-place instance ntt/BU/sum_in1_reg[9]_i_1
INFO: [Physopt 32-662] Processed net ntt/BU/sum_in1_reg[5].  Did not re-place instance ntt/BU/sum_in1_reg_reg[5]
INFO: [Physopt 32-662] Processed net ntt/BU/sum_in1_reg[9].  Did not re-place instance ntt/BU/sum_in1_reg_reg[9]
INFO: [Physopt 32-663] Processed net hash/ofifo1_req_r1_reg[15].  Re-placed instance hash/in1_butt[17]_i_3
INFO: [Physopt 32-662] Processed net ntt/in1_butt_reg_n_0_[4].  Did not re-place instance ntt/in1_butt_reg[4]
INFO: [Physopt 32-662] Processed net ntt/BU/sum_in1_reg[7]_i_6_n_0.  Did not re-place instance ntt/BU/sum_in1_reg[7]_i_6
INFO: [Physopt 32-663] Processed net hash/ofifo1_req_r1_reg[19].  Re-placed instance hash/in1_butt[21]_i_4
INFO: [Physopt 32-663] Processed net hash/hash/RoundFunction/Reg/Din_mux[23].  Re-placed instance hash/hash/RoundFunction/Reg/Q_buf[1591]_i_2
INFO: [Physopt 32-662] Processed net hash/hash/RoundFunction/Reg/p_2_in[1591].  Did not re-place instance hash/hash/RoundFunction/Reg/Q_buf[1591]_i_1
INFO: [Physopt 32-662] Processed net hash/hash/RoundFunction/Reg/Q[1591].  Did not re-place instance hash/hash/RoundFunction/Reg/Q_buf_reg[1591]
INFO: [Physopt 32-663] Processed net ntt/ctrl_butt_reg_n_0_[2]_repN.  Re-placed instance ntt/ctrl_butt_reg[2]_replica
INFO: [Physopt 32-662] Processed net ntt/BU/sum_in1_reg[7]_i_7_n_0.  Did not re-place instance ntt/BU/sum_in1_reg[7]_i_7
INFO: [Physopt 32-662] Processed net ntt/BU/sum_in1_reg[7]_i_11_n_0.  Did not re-place instance ntt/BU/sum_in1_reg[7]_i_11
INFO: [Physopt 32-662] Processed net ntt/ctrl_butt_reg_n_0_[1]_repN.  Did not re-place instance ntt/ctrl_butt_reg[1]_replica
INFO: [Physopt 32-662] Processed net ntt/BU/sum_in0_reg[7]_i_7_n_0.  Did not re-place instance ntt/BU/sum_in0_reg[7]_i_7
INFO: [Physopt 32-662] Processed net ntt/BU/sum_in0_reg[3]_i_5_n_0.  Did not re-place instance ntt/BU/sum_in0_reg[3]_i_5
INFO: [Physopt 32-662] Processed net ntt/BU/sum_in0_reg[7]_i_11_n_0.  Did not re-place instance ntt/BU/sum_in0_reg[7]_i_11
INFO: [Physopt 32-662] Processed net ntt/BU/sum_in0_reg[9]_i_1_n_0.  Did not re-place instance ntt/BU/sum_in0_reg[9]_i_1
INFO: [Physopt 32-662] Processed net ntt/BU/sum_in0_reg[9].  Did not re-place instance ntt/BU/sum_in0_reg_reg[9]
INFO: [Physopt 32-663] Processed net ntt/in0_butt_reg_n_0_[21].  Re-placed instance ntt/in0_butt_reg[21]
INFO: [Physopt 32-663] Processed net hash/hash/RoundFunction/Reg/Din_mux[25].  Re-placed instance hash/hash/RoundFunction/Reg/Q_buf[1593]_i_2
INFO: [Physopt 32-662] Processed net hash/hash/RoundFunction/Reg/p_2_in[1593].  Did not re-place instance hash/hash/RoundFunction/Reg/Q_buf[1593]_i_1
INFO: [Physopt 32-662] Processed net hash/hash/RoundFunction/Reg/Q[1593].  Did not re-place instance hash/hash/RoundFunction/Reg/Q_buf_reg[1593]
INFO: [Physopt 32-663] Processed net hash/fifo0_i_112_n_0.  Re-placed instance hash/fifo0_i_112
INFO: [Physopt 32-663] Processed net hash/ififo_din[10].  Re-placed instance hash/fifo0_i_24
INFO: [Physopt 32-661] Optimized 75 nets.  Re-placed 75 instances.
INFO: [Physopt 32-775] End 1 Pass. Optimized 75 nets or cells. Created 0 new cell, deleted 0 existing cell and moved 75 existing cells
INFO: [Physopt 32-619] Estimated Timing Summary | WNS=-0.519 | TNS=-7.683 |
Netlist sorting complete. Time (s): cpu = 00:00:00 ; elapsed = 00:00:00.004 . Memory (MB): peak = 1863.609 ; gain = 0.000
Phase 4 Single Cell Placement Optimization | Checksum: 164b11c76

Time (s): cpu = 00:00:38 ; elapsed = 00:00:27 . Memory (MB): peak = 1863.609 ; gain = 0.000

Phase 5 Multi Cell Placement Optimization
INFO: [Physopt 32-660] Identified 100 candidate nets for placement-based optimization.
INFO: [Physopt 32-662] Processed net hash/ofifo1_req_r1_reg[4].  Did not re-place instance hash/in1_butt[4]_i_3/O
INFO: [Physopt 32-662] Processed net hash/samp2_q[2]_i_5_n_0.  Did not re-place instance hash/samp2_q[2]_i_5/O
INFO: [Physopt 32-662] Processed net hash/ofifo1_req_r1_reg[9].  Did not re-place instance hash/in1_butt[9]_i_2/O
INFO: [Physopt 32-662] Processed net hash/samp0_q[2]_i_7_n_0.  Did not re-place instance hash/samp0_q[2]_i_7/O
INFO: [Physopt 32-662] Processed net hash/samp0_q[1]_i_4_n_0.  Did not re-place instance hash/samp0_q[1]_i_4/O
INFO: [Physopt 32-662] Processed net hash/in1_butt[4]_i_4_n_0.  Did not re-place instance hash/in1_butt[4]_i_4/O
INFO: [Physopt 32-663] Processed net hash/in1_butt[9]_i_4_n_0.  Re-placed instance hash/in1_butt[9]_i_4/O
INFO: [Physopt 32-662] Processed net hash/samp0_q[2]_i_1_0.  Did not re-place instance hash/samp0_q[1]_i_1/O
INFO: [Physopt 32-662] Processed net hash/samp2_q[11]_i_2_n_0.  Did not re-place instance hash/samp2_q[11]_i_2/O
INFO: [Physopt 32-662] Processed net hash/samp2_q[11]_i_3_0.  Did not re-place instance hash/samp2_q[11]_i_1/O
INFO: [Physopt 32-662] Processed net hash/samp0_q[2]_i_3_n_0.  Did not re-place instance hash/samp0_q[2]_i_3/O
INFO: [Physopt 32-662] Processed net hash/samp0_q[1]_i_5_n_0.  Did not re-place instance hash/samp0_q[1]_i_5/O
INFO: [Physopt 32-662] Processed net hash/p_1_in0.  Did not re-place instance hash/samp0_q[11]_i_1/O
INFO: [Physopt 32-662] Processed net hash/samp0_q[2]_i_7_0.  Did not re-place instance hash/samp0_q[2]_i_1/O
INFO: [Physopt 32-662] Processed net hash/samp0_q[1]_i_2_n_0.  Did not re-place instance hash/samp0_q[1]_i_2/O
INFO: [Physopt 32-662] Processed net hash/samp0_q[1]_i_3_n_0.  Did not re-place instance hash/samp0_q[1]_i_3/O
INFO: [Physopt 32-662] Processed net hash/samp1_q[2]_i_6_n_0.  Did not re-place instance hash/samp1_q[2]_i_6/O
INFO: [Physopt 32-662] Processed net hash/samp1_q[2]_i_2_1.  Did not re-place instance hash/samp1_q[7]_i_1/O
INFO: [Physopt 32-662] Processed net hash/samp1_q[2]_i_2_2.  Did not re-place instance hash/samp1_q[1]_i_1/O
INFO: [Physopt 32-662] Processed net hash/samp1_q[2]_i_2_3.  Did not re-place instance hash/samp1_q[11]_i_1/O
INFO: [Physopt 32-662] Processed net hash/samp0_q[2]_i_6_n_0.  Did not re-place instance hash/samp0_q[2]_i_6/O
INFO: [Physopt 32-662] Processed net hash/ofifo1_req_r1_reg[3].  Did not re-place instance hash/in1_butt[3]_i_2/O
INFO: [Physopt 32-662] Processed net hash/in1_butt[3]_i_3_n_0.  Did not re-place instance hash/in1_butt[3]_i_3/O
INFO: [Physopt 32-662] Processed net hash/samp1_q[2]_i_4_n_0.  Did not re-place instance hash/samp1_q[2]_i_4/O
INFO: [Physopt 32-662] Processed net hash/samp1_q[11]_i_2_n_0.  Did not re-place instance hash/samp1_q[11]_i_2/O
INFO: [Physopt 32-662] Processed net hash/samp1_q[2]_i_2_0.  Did not re-place instance hash/samp1_q[8]_i_1/O
INFO: [Physopt 32-662] Processed net hash/samp1_q[2]_i_6_0.  Did not re-place instance hash/samp1_q[2]_i_1/O
INFO: [Physopt 32-662] Processed net hash/ofifo1_req_r1_reg[2].  Did not re-place instance hash/in1_butt[2]_i_2/O
INFO: [Physopt 32-662] Processed net hash/samp2_q[2]_i_2_n_0.  Did not re-place instance hash/samp2_q[2]_i_2/O
INFO: [Physopt 32-662] Processed net hash/in1_butt[2]_i_3_n_0.  Did not re-place instance hash/in1_butt[2]_i_3/O
INFO: [Physopt 32-662] Processed net hash/samp2_q[2]_i_7_0.  Did not re-place instance hash/samp2_q[2]_i_1/O
INFO: [Physopt 32-662] Processed net decode/E[0].  Did not re-place instance decode/data_ctr[5]_i_1/O
INFO: [Physopt 32-662] Processed net decode/OFIFO_req.  Did not re-place instance decode/OFIFO_i_36/O
INFO: [Physopt 32-662] Processed net decode/data_ctr[5]_i_3_n_0.  Did not re-place instance decode/data_ctr[5]_i_3/O
INFO: [Physopt 32-662] Processed net hash/samp2_q[2]_i_3_n_0.  Did not re-place instance hash/samp2_q[2]_i_3/O
INFO: [Physopt 32-662] Processed net hash/ofifo1_req_r1_reg[8].  Did not re-place instance hash/in1_butt[8]_i_2/O
INFO: [Physopt 32-662] Processed net hash/in1_butt[8]_i_3_n_0.  Did not re-place instance hash/in1_butt[8]_i_3/O
INFO: [Physopt 32-662] Processed net hash/samp0_q[2]_i_2_n_0.  Did not re-place instance hash/samp0_q[2]_i_2/O
INFO: [Physopt 32-662] Processed net hash/ofifo1_req_r1_reg[0].  Did not re-place instance hash/in1_butt[0]_i_2/O
INFO: [Physopt 32-662] Processed net hash/in1_butt[0]_i_3_n_0.  Did not re-place instance hash/in1_butt[0]_i_3/O
INFO: [Physopt 32-662] Processed net hash/samp2_q[11]_i_3_n_0.  Did not re-place instance hash/samp2_q[11]_i_3/O
INFO: [Physopt 32-662] Processed net hash/samp1_q[2]_i_5_n_0.  Did not re-place instance hash/samp1_q[2]_i_5/O
INFO: [Physopt 32-662] Processed net hash/ofifo1_req_r1_reg[7].  Did not re-place instance hash/in1_butt[7]_i_2/O
INFO: [Physopt 32-662] Processed net hash/samp1_q[2]_i_7_n_0.  Did not re-place instance hash/samp1_q[2]_i_7/O
INFO: [Physopt 32-662] Processed net hash/in1_butt[7]_i_3_n_0.  Did not re-place instance hash/in1_butt[7]_i_3/O
INFO: [Physopt 32-662] Processed net hash/ofifo1_req_r1_reg[5].  Did not re-place instance hash/in1_butt[5]_i_2/O
INFO: [Physopt 32-662] Processed net hash/samp0_q[2]_i_4_n_0.  Did not re-place instance hash/samp0_q[2]_i_4/O
INFO: [Physopt 32-662] Processed net hash/in1_butt[5]_i_3_n_0.  Did not re-place instance hash/in1_butt[5]_i_3/O
INFO: [Physopt 32-662] Processed net hash/samp2_q[2]_i_4_0.  Did not re-place instance hash/samp2_q[8]_i_1/O
INFO: [Physopt 32-662] Processed net hash/samp2_q[2]_i_4_1.  Did not re-place instance hash/samp2_q[7]_i_1/O
INFO: [Physopt 32-662] Processed net hash/samp1_q[11]_i_3_n_0.  Did not re-place instance hash/samp1_q[11]_i_3/O
INFO: [Physopt 32-662] Processed net hash/samp2_q[2]_i_4_2.  Did not re-place instance hash/samp2_q[1]_i_1/O
INFO: [Physopt 32-662] Processed net hash/samp0_q[2]_i_2_2.  Did not re-place instance hash/samp0_q[0]_i_1/O
INFO: [Physopt 32-662] Processed net hash/samp1_q[2]_i_3_0.  Did not re-place instance hash/samp1_q[0]_i_1/O
INFO: [Physopt 32-662] Processed net hash/ofifo1_req_r1_reg[1].  Did not re-place instance hash/in1_butt[1]_i_2/O
INFO: [Physopt 32-662] Processed net hash/in1_butt[1]_i_3_n_0.  Did not re-place instance hash/in1_butt[1]_i_3/O
INFO: [Physopt 32-662] Processed net hash/samp1_q[2]_i_3_n_0.  Did not re-place instance hash/samp1_q[2]_i_3/O
INFO: [Physopt 32-662] Processed net hash/ofifo1_req_r1_reg[6].  Did not re-place instance hash/in1_butt[6]_i_2/O
INFO: [Physopt 32-662] Processed net hash/in1_butt[6]_i_3_n_0.  Did not re-place instance hash/in1_butt[6]_i_3/O
INFO: [Physopt 32-662] Processed net hash/samp2_q[2]_i_4_n_0.  Did not re-place instance hash/samp2_q[2]_i_4/O
INFO: [Physopt 32-663] Processed net hash/samp2_q[2]_i_2_0.  Re-placed instance hash/samp2_q[0]_i_1/O
INFO: [Physopt 32-662] Processed net hash/samp3_q[2]_i_5_n_0.  Did not re-place instance hash/samp3_q[2]_i_5/O
INFO: [Physopt 32-662] Processed net hash/ofifo1_req_r1_reg[13].  Did not re-place instance hash/in1_butt[15]_i_4/O
INFO: [Physopt 32-662] Processed net hash/samp3_q[11]_i_2_n_0.  Did not re-place instance hash/samp3_q[11]_i_2/O
INFO: [Physopt 32-662] Processed net hash/samp3_q[11]_i_3_0.  Did not re-place instance hash/samp3_q[11]_i_1/O
INFO: [Physopt 32-662] Processed net hash/samp0_q[2]_i_2_0.  Did not re-place instance hash/samp0_q[8]_i_1/O
INFO: [Physopt 32-662] Processed net hash/samp0_q[2]_i_2_1.  Did not re-place instance hash/samp0_q[7]_i_1/O
INFO: [Physopt 32-662] Processed net hash/ofifo1_req_r1_reg[11].  Did not re-place instance hash/in1_butt[11]_i_2/O
INFO: [Physopt 32-662] Processed net hash/samp0_q[2]_i_5_n_0.  Did not re-place instance hash/samp0_q[2]_i_5/O
INFO: [Physopt 32-662] Processed net hash/samp1_q[2]_i_2_n_0.  Did not re-place instance hash/samp1_q[2]_i_2/O
INFO: [Physopt 32-662] Processed net hash/NTT_din[24].  Did not re-place instance hash/samp1_q[11]_i_4/O
INFO: [Physopt 32-662] Processed net ntt/ctrl_butt_reg_n_0_[1]_repN.  Did not re-place instance ntt/ctrl_butt_reg[1]_replica/Q
INFO: [Physopt 32-662] Processed net ntt/BU/sum_in0_reg[7]_i_7_n_0.  Did not re-place instance ntt/BU/sum_in0_reg[7]_i_7/O
INFO: [Physopt 32-661] Optimized 2 nets.  Re-placed 4 instances.
INFO: [Physopt 32-775] End 1 Pass. Optimized 2 nets or cells. Created 0 new cell, deleted 0 existing cell and moved 4 existing cells
INFO: [Physopt 32-619] Estimated Timing Summary | WNS=-0.519 | TNS=-7.658 |
Netlist sorting complete. Time (s): cpu = 00:00:00 ; elapsed = 00:00:00.005 . Memory (MB): peak = 1863.609 ; gain = 0.000
Phase 5 Multi Cell Placement Optimization | Checksum: efb5766a

Time (s): cpu = 00:01:40 ; elapsed = 00:01:10 . Memory (MB): peak = 1863.609 ; gain = 0.000

Phase 6 Rewire
INFO: [Physopt 32-246] Starting Signal Push optimization...
INFO: [Physopt 32-77] Pass 1. Identified 4 candidate nets for rewire optimization.
INFO: [Physopt 32-134] Processed net hash/samp0_q[1]_i_5_n_0. Rewiring did not optimize the net.
INFO: [Physopt 32-134] Processed net hash/samp2_q[11]_i_2_n_0. Rewiring did not optimize the net.
INFO: [Physopt 32-134] Processed net hash/samp1_q[11]_i_2_n_0. Rewiring did not optimize the net.
INFO: [Physopt 32-134] Processed net hash/samp1_q[11]_i_3_n_0. Rewiring did not optimize the net.
INFO: [Physopt 32-232] Optimized 0 net. Created 0 new instance.
INFO: [Physopt 32-775] End 1 Pass. Optimized 0 net or cell. Created 0 new cell, deleted 0 existing cell and moved 0 existing cell
Netlist sorting complete. Time (s): cpu = 00:00:00 ; elapsed = 00:00:00.008 . Memory (MB): peak = 1863.609 ; gain = 0.000
Netlist sorting complete. Time (s): cpu = 00:00:00 ; elapsed = 00:00:00.006 . Memory (MB): peak = 1863.609 ; gain = 0.000
Phase 6 Rewire | Checksum: 1a0b33f81

Time (s): cpu = 00:01:41 ; elapsed = 00:01:11 . Memory (MB): peak = 1863.609 ; gain = 0.000

Phase 7 Critical Cell Optimization
INFO: [Physopt 32-46] Identified 26 candidate nets for critical-cell optimization.
INFO: [Physopt 32-572] Net hash/ofifo1_req_r1_reg[4] was not replicated.
Resolution: phys_opt_design can be forced to replicate a net driver using the option -force_replication_on_nets <list of net objects>.
INFO: [Physopt 32-572] Net hash/samp0_q[2]_i_7_n_0 was not replicated.
Resolution: phys_opt_design can be forced to replicate a net driver using the option -force_replication_on_nets <list of net objects>.
INFO: [Physopt 32-572] Net hash/samp0_q[1]_i_4_n_0 was not replicated.
Resolution: phys_opt_design can be forced to replicate a net driver using the option -force_replication_on_nets <list of net objects>.
INFO: [Physopt 32-572] Net hash/samp0_q[2]_i_3_n_0 was not replicated.
Resolution: phys_opt_design can be forced to replicate a net driver using the option -force_replication_on_nets <list of net objects>.
INFO: [Physopt 32-572] Net hash/samp0_q[1]_i_5_n_0 was not replicated.
Resolution: phys_opt_design can be forced to replicate a net driver using the option -force_replication_on_nets <list of net objects>.
INFO: [Physopt 32-572] Net hash/samp2_q[2]_i_5_n_0 was not replicated.
Resolution: phys_opt_design can be forced to replicate a net driver using the option -force_replication_on_nets <list of net objects>.
INFO: [Physopt 32-572] Net hash/ofifo1_req_r1_reg[9] was not replicated.
Resolution: phys_opt_design can be forced to replicate a net driver using the option -force_replication_on_nets <list of net objects>.
INFO: [Physopt 32-572] Net hash/samp0_q[1]_i_2_n_0 was not replicated.
Resolution: phys_opt_design can be forced to replicate a net driver using the option -force_replication_on_nets <list of net objects>.
INFO: [Physopt 32-572] Net hash/samp0_q[1]_i_3_n_0 was not replicated.
Resolution: phys_opt_design can be forced to replicate a net driver using the option -force_replication_on_nets <list of net objects>.
INFO: [Physopt 32-572] Net hash/samp1_q[2]_i_6_n_0 was not replicated.
Resolution: phys_opt_design can be forced to replicate a net driver using the option -force_replication_on_nets <list of net objects>.
INFO: [Physopt 32-572] Net hash/samp0_q[2]_i_6_n_0 was not replicated.
Resolution: phys_opt_design can be forced to replicate a net driver using the option -force_replication_on_nets <list of net objects>.
INFO: [Physopt 32-572] Net hash/ofifo1_req_r1_reg[3] was not replicated.
Resolution: phys_opt_design can be forced to replicate a net driver using the option -force_replication_on_nets <list of net objects>.
INFO: [Physopt 32-572] Net hash/samp1_q[2]_i_4_n_0 was not replicated.
Resolution: phys_opt_design can be forced to replicate a net driver using the option -force_replication_on_nets <list of net objects>.
INFO: [Physopt 32-572] Net hash/ofifo1_req_r1_reg[2] was not replicated.
Resolution: phys_opt_design can be forced to replicate a net driver using the option -force_replication_on_nets <list of net objects>.
INFO: [Physopt 32-572] Net decode/E[0] was not replicated.
Resolution: phys_opt_design can be forced to replicate a net driver using the option -force_replication_on_nets <list of net objects>.
INFO: [Physopt 32-572] Net decode/OFIFO_req was not replicated.
Resolution: phys_opt_design can be forced to replicate a net driver using the option -force_replication_on_nets <list of net objects>.
INFO: [Physopt 32-572] Net hash/samp2_q[2]_i_3_n_0 was not replicated.
Resolution: phys_opt_design can be forced to replicate a net driver using the option -force_replication_on_nets <list of net objects>.
INFO: [Physopt 32-81] Processed net hash/ofifo1_req_r1_reg[8]. Replicated 1 times.
INFO: [Physopt 32-572] Net hash/samp0_q[2]_i_2_n_0 was not replicated.
Resolution: phys_opt_design can be forced to replicate a net driver using the option -force_replication_on_nets <list of net objects>.
INFO: [Physopt 32-572] Net hash/ofifo1_req_r1_reg[0] was not replicated.
Resolution: phys_opt_design can be forced to replicate a net driver using the option -force_replication_on_nets <list of net objects>.
INFO: [Physopt 32-572] Net hash/samp1_q[2]_i_5_n_0 was not replicated.
Resolution: phys_opt_design can be forced to replicate a net driver using the option -force_replication_on_nets <list of net objects>.
INFO: [Physopt 32-572] Net hash/ofifo1_req_r1_reg[7] was not replicated.
Resolution: phys_opt_design can be forced to replicate a net driver using the option -force_replication_on_nets <list of net objects>.
INFO: [Physopt 32-572] Net hash/samp1_q[2]_i_7_n_0 was not replicated.
Resolution: phys_opt_design can be forced to replicate a net driver using the option -force_replication_on_nets <list of net objects>.
INFO: [Physopt 32-81] Processed net hash/ofifo1_req_r1_reg[5]. Replicated 1 times.
INFO: [Physopt 32-572] Net hash/samp0_q[2]_i_4_n_0 was not replicated.
Resolution: phys_opt_design can be forced to replicate a net driver using the option -force_replication_on_nets <list of net objects>.
INFO: [Physopt 32-232] Optimized 2 nets. Created 2 new instances.
INFO: [Physopt 32-775] End 1 Pass. Optimized 2 nets or cells. Created 2 new cells, deleted 0 existing cell and moved 0 existing cell
INFO: [Physopt 32-619] Estimated Timing Summary | WNS=-0.519 | TNS=-7.979 |
Netlist sorting complete. Time (s): cpu = 00:00:00 ; elapsed = 00:00:00.021 . Memory (MB): peak = 1863.609 ; gain = 0.000
Phase 7 Critical Cell Optimization | Checksum: f92fda5b

Time (s): cpu = 00:01:51 ; elapsed = 00:01:18 . Memory (MB): peak = 1863.609 ; gain = 0.000

Phase 8 Fanout Optimization
INFO: [Physopt 32-76] Pass 1. Identified 2 candidate nets for fanout optimization.
INFO: [Physopt 32-81] Processed net hash/hash/FSM/FSM_sequential_STATE_reg[1]_1[0]. Replicated 8 times.
INFO: [Physopt 32-81] Processed net hash/hash/FSM/FSM_sequential_STATE_reg[0]_2[0]. Replicated 8 times.
INFO: [Physopt 32-232] Optimized 2 nets. Created 16 new instances.
INFO: [Physopt 32-775] End 1 Pass. Optimized 2 nets or cells. Created 16 new cells, deleted 0 existing cell and moved 0 existing cell
INFO: [Physopt 32-619] Estimated Timing Summary | WNS=-0.519 | TNS=-7.979 |
Netlist sorting complete. Time (s): cpu = 00:00:00 ; elapsed = 00:00:00.023 . Memory (MB): peak = 1863.609 ; gain = 0.000
Phase 8 Fanout Optimization | Checksum: c3637197

Time (s): cpu = 00:01:54 ; elapsed = 00:01:20 . Memory (MB): peak = 1863.609 ; gain = 0.000

Phase 9 Single Cell Placement Optimization
INFO: [Physopt 32-660] Identified 113 candidate nets for placement-based optimization.
INFO: [Physopt 32-662] Processed net hash/ofifo1_req_r1_reg[4].  Did not re-place instance hash/in1_butt[4]_i_3
INFO: [Physopt 32-662] Processed net hash/samp0_q[2]_i_7_n_0.  Did not re-place instance hash/samp0_q[2]_i_7
INFO: [Physopt 32-662] Processed net hash/samp0_q[1]_i_4_n_0.  Did not re-place instance hash/samp0_q[1]_i_4
INFO: [Physopt 32-662] Processed net hash/in1_butt[4]_i_4_n_0.  Did not re-place instance hash/in1_butt[4]_i_4
INFO: [Physopt 32-662] Processed net hash/samp0_q[2]_i_1_0.  Did not re-place instance hash/samp0_q[1]_i_1
INFO: [Physopt 32-662] Processed net ntt/samp0_q[1].  Did not re-place instance ntt/samp0_q_reg[1]
INFO: [Physopt 32-662] Processed net hash/samp0_q[2]_i_3_n_0.  Did not re-place instance hash/samp0_q[2]_i_3
INFO: [Physopt 32-662] Processed net hash/samp0_q[1]_i_5_n_0.  Did not re-place instance hash/samp0_q[1]_i_5
INFO: [Physopt 32-662] Processed net hash/p_1_in0.  Did not re-place instance hash/samp0_q[11]_i_1
INFO: [Physopt 32-662] Processed net ntt/samp0_q[11].  Did not re-place instance ntt/samp0_q_reg[11]
INFO: [Physopt 32-662] Processed net hash/samp2_q[2]_i_5_n_0.  Did not re-place instance hash/samp2_q[2]_i_5
INFO: [Physopt 32-662] Processed net hash/ofifo1_req_r1_reg[9].  Did not re-place instance hash/in1_butt[9]_i_2
INFO: [Physopt 32-662] Processed net hash/in1_butt[9]_i_4_n_0.  Did not re-place instance hash/in1_butt[9]_i_4
INFO: [Physopt 32-662] Processed net hash/samp2_q[11]_i_2_n_0.  Did not re-place instance hash/samp2_q[11]_i_2
INFO: [Physopt 32-662] Processed net hash/samp2_q[11]_i_3_0.  Did not re-place instance hash/samp2_q[11]_i_1
INFO: [Physopt 32-662] Processed net ntt/samp2_q[11].  Did not re-place instance ntt/samp2_q_reg[11]
INFO: [Physopt 32-662] Processed net hash/samp0_q[2]_i_7_0.  Did not re-place instance hash/samp0_q[2]_i_1
INFO: [Physopt 32-662] Processed net hash/samp0_q[1]_i_2_n_0.  Did not re-place instance hash/samp0_q[1]_i_2
INFO: [Physopt 32-662] Processed net hash/samp0_q[1]_i_3_n_0.  Did not re-place instance hash/samp0_q[1]_i_3
INFO: [Physopt 32-662] Processed net hash/samp1_q[2]_i_6_n_0.  Did not re-place instance hash/samp1_q[2]_i_6
INFO: [Physopt 32-662] Processed net hash/samp1_q[2]_i_2_1.  Did not re-place instance hash/samp1_q[7]_i_1
INFO: [Physopt 32-662] Processed net hash/samp1_q[2]_i_2_2.  Did not re-place instance hash/samp1_q[1]_i_1
INFO: [Physopt 32-662] Processed net ntt/samp1_q[7].  Did not re-place instance ntt/samp1_q_reg[7]
INFO: [Physopt 32-662] Processed net ntt/samp1_q[1].  Did not re-place instance ntt/samp1_q_reg[1]
INFO: [Physopt 32-662] Processed net hash/samp1_q[2]_i_2_3.  Did not re-place instance hash/samp1_q[11]_i_1
INFO: [Physopt 32-662] Processed net ntt/samp1_q[11].  Did not re-place instance ntt/samp1_q_reg[11]
INFO: [Physopt 32-662] Processed net hash/samp1_q[2]_i_2_0.  Did not re-place instance hash/samp1_q[8]_i_1
INFO: [Physopt 32-662] Processed net ntt/samp1_q[8].  Did not re-place instance ntt/samp1_q_reg[8]
INFO: [Physopt 32-662] Processed net hash/samp0_q[2]_i_6_n_0.  Did not re-place instance hash/samp0_q[2]_i_6
INFO: [Physopt 32-662] Processed net hash/ofifo1_req_r1_reg[3].  Did not re-place instance hash/in1_butt[3]_i_2
INFO: [Physopt 32-662] Processed net hash/in1_butt[3]_i_3_n_0.  Did not re-place instance hash/in1_butt[3]_i_3
INFO: [Physopt 32-662] Processed net hash/samp1_q[2]_i_6_0.  Did not re-place instance hash/samp1_q[2]_i_1
INFO: [Physopt 32-662] Processed net ntt/samp1_q[2].  Did not re-place instance ntt/samp1_q_reg[2]
INFO: [Physopt 32-662] Processed net hash/samp1_q[2]_i_4_n_0.  Did not re-place instance hash/samp1_q[2]_i_4
INFO: [Physopt 32-662] Processed net hash/samp1_q[11]_i_2_n_0.  Did not re-place instance hash/samp1_q[11]_i_2
INFO: [Physopt 32-662] Processed net hash/samp0_q[2]_i_4_n_0.  Did not re-place instance hash/samp0_q[2]_i_4
INFO: [Physopt 32-663] Processed net hash/ofifo1_req_r1_reg[5]_repN.  Re-placed instance hash/in1_butt[5]_i_2_replica
INFO: [Physopt 32-662] Processed net hash/in1_butt[5]_i_3_n_0.  Did not re-place instance hash/in1_butt[5]_i_3
INFO: [Physopt 32-662] Processed net hash/ofifo1_req_r1_reg[2].  Did not re-place instance hash/in1_butt[2]_i_2
INFO: [Physopt 32-662] Processed net hash/in1_butt[2]_i_3_n_0.  Did not re-place instance hash/in1_butt[2]_i_3
INFO: [Physopt 32-662] Processed net decode/E[0].  Did not re-place instance decode/data_ctr[5]_i_1
INFO: [Physopt 32-662] Processed net decode/OFIFO_req.  Did not re-place instance decode/OFIFO_i_36
INFO: [Physopt 32-662] Processed net data_ctr_reg_n_0_[4].  Did not re-place instance data_ctr_reg[4]
INFO: [Physopt 32-662] Processed net data_ctr_reg_n_0_[5].  Did not re-place instance data_ctr_reg[5]
INFO: [Physopt 32-662] Processed net decode/data_ctr[5]_i_3_n_0.  Did not re-place instance decode/data_ctr[5]_i_3
INFO: [Physopt 32-662] Processed net data_ctr_reg_n_0_[0].  Did not re-place instance data_ctr_reg[0]
INFO: [Physopt 32-662] Processed net data_ctr_reg_n_0_[1].  Did not re-place instance data_ctr_reg[1]
INFO: [Physopt 32-662] Processed net data_ctr_reg_n_0_[2].  Did not re-place instance data_ctr_reg[2]
INFO: [Physopt 32-662] Processed net data_ctr_reg_n_0_[3].  Did not re-place instance data_ctr_reg[3]
INFO: [Physopt 32-662] Processed net hash/samp2_q[2]_i_3_n_0.  Did not re-place instance hash/samp2_q[2]_i_3
INFO: [Physopt 32-662] Processed net hash/ofifo1_req_r1_reg[8].  Did not re-place instance hash/in1_butt[8]_i_2
INFO: [Physopt 32-662] Processed net hash/in1_butt[8]_i_3_n_0.  Did not re-place instance hash/in1_butt[8]_i_3
INFO: [Physopt 32-662] Processed net hash/samp2_q[2]_i_7_0.  Did not re-place instance hash/samp2_q[2]_i_1
INFO: [Physopt 32-662] Processed net ntt/samp2_q[2].  Did not re-place instance ntt/samp2_q_reg[2]
INFO: [Physopt 32-662] Processed net hash/samp0_q[2]_i_2_n_0.  Did not re-place instance hash/samp0_q[2]_i_2
INFO: [Physopt 32-662] Processed net hash/samp0_q[2]_i_2_2.  Did not re-place instance hash/samp0_q[0]_i_1
INFO: [Physopt 32-662] Processed net ntt/samp0_q[0].  Did not re-place instance ntt/samp0_q_reg[0]
INFO: [Physopt 32-662] Processed net hash/ofifo1_req_r1_reg[0].  Did not re-place instance hash/in1_butt[0]_i_2
INFO: [Physopt 32-662] Processed net hash/in1_butt[0]_i_3_n_0.  Did not re-place instance hash/in1_butt[0]_i_3
INFO: [Physopt 32-662] Processed net hash/samp1_q[2]_i_5_n_0.  Did not re-place instance hash/samp1_q[2]_i_5
INFO: [Physopt 32-662] Processed net hash/ofifo1_req_r1_reg[7].  Did not re-place instance hash/in1_butt[7]_i_2
INFO: [Physopt 32-662] Processed net hash/samp1_q[2]_i_7_n_0.  Did not re-place instance hash/samp1_q[2]_i_7
INFO: [Physopt 32-662] Processed net hash/in1_butt[7]_i_3_n_0.  Did not re-place instance hash/in1_butt[7]_i_3
INFO: [Physopt 32-662] Processed net hash/samp2_q[11]_i_3_n_0.  Did not re-place instance hash/samp2_q[11]_i_3
INFO: [Physopt 32-662] Processed net hash/samp0_q[2]_i_2_0.  Did not re-place instance hash/samp0_q[8]_i_1
INFO: [Physopt 32-662] Processed net ntt/samp0_q[8].  Did not re-place instance ntt/samp0_q_reg[8]
INFO: [Physopt 32-662] Processed net hash/samp0_q[2]_i_2_1.  Did not re-place instance hash/samp0_q[7]_i_1
INFO: [Physopt 32-662] Processed net ntt/samp0_q[7].  Did not re-place instance ntt/samp0_q_reg[7]
INFO: [Physopt 32-662] Processed net hash/samp1_q[11]_i_3_n_0.  Did not re-place instance hash/samp1_q[11]_i_3
INFO: [Physopt 32-662] Processed net hash/samp1_q[2]_i_3_0.  Did not re-place instance hash/samp1_q[0]_i_1
INFO: [Physopt 32-662] Processed net ntt/samp1_q[0].  Did not re-place instance ntt/samp1_q_reg[0]
INFO: [Physopt 32-662] Processed net hash/samp2_q[2]_i_4_1.  Did not re-place instance hash/samp2_q[7]_i_1
INFO: [Physopt 32-662] Processed net ntt/samp2_q[7].  Did not re-place instance ntt/samp2_q_reg[7]
INFO: [Physopt 32-662] Processed net hash/samp2_q[2]_i_2_n_0.  Did not re-place instance hash/samp2_q[2]_i_2
INFO: [Physopt 32-662] Processed net hash/ofifo1_req_r1_reg[1].  Did not re-place instance hash/in1_butt[1]_i_2
INFO: [Physopt 32-662] Processed net hash/in1_butt[1]_i_3_n_0.  Did not re-place instance hash/in1_butt[1]_i_3
INFO: [Physopt 32-662] Processed net hash/samp2_q[2]_i_4_0.  Did not re-place instance hash/samp2_q[8]_i_1
INFO: [Physopt 32-662] Processed net ntt/samp2_q[8].  Did not re-place instance ntt/samp2_q_reg[8]
INFO: [Physopt 32-662] Processed net hash/samp2_q[2]_i_4_2.  Did not re-place instance hash/samp2_q[1]_i_1
INFO: [Physopt 32-662] Processed net ntt/samp2_q[1].  Did not re-place instance ntt/samp2_q_reg[1]
INFO: [Physopt 32-662] Processed net hash/samp1_q[2]_i_3_n_0.  Did not re-place instance hash/samp1_q[2]_i_3
INFO: [Physopt 32-662] Processed net hash/ofifo1_req_r1_reg[6].  Did not re-place instance hash/in1_butt[6]_i_2
INFO: [Physopt 32-662] Processed net hash/in1_butt[6]_i_3_n_0.  Did not re-place instance hash/in1_butt[6]_i_3
INFO: [Physopt 32-662] Processed net hash/ofifo1_req_r1_reg[5].  Did not re-place instance hash/in1_butt[5]_i_2
INFO: [Physopt 32-662] Processed net ntt/samp0_q[2].  Did not re-place instance ntt/samp0_q_reg[2]
INFO: [Physopt 32-662] Processed net hash/samp3_q[2]_i_5_n_0.  Did not re-place instance hash/samp3_q[2]_i_5
INFO: [Physopt 32-662] Processed net hash/ofifo1_req_r1_reg[13].  Did not re-place instance hash/in1_butt[15]_i_4
INFO: [Physopt 32-662] Processed net hash/samp3_q[11]_i_2_n_0.  Did not re-place instance hash/samp3_q[11]_i_2
INFO: [Physopt 32-662] Processed net hash/samp3_q[11]_i_3_0.  Did not re-place instance hash/samp3_q[11]_i_1
INFO: [Physopt 32-662] Processed net ntt/samp3_q[11].  Did not re-place instance ntt/samp3_q_reg[11]
INFO: [Physopt 32-662] Processed net hash/samp2_q[2]_i_2_0.  Did not re-place instance hash/samp2_q[0]_i_1
INFO: [Physopt 32-662] Processed net ntt/samp2_q[0].  Did not re-place instance ntt/samp2_q_reg[0]
INFO: [Physopt 32-662] Processed net hash/ofifo1_req_r1_reg[11].  Did not re-place instance hash/in1_butt[11]_i_2
INFO: [Physopt 32-662] Processed net ntt/in1_butt_reg_n_0_[9].  Did not re-place instance ntt/in1_butt_reg[9]
INFO: [Physopt 32-663] Processed net ntt/in1_butt[9].  Re-placed instance ntt/in1_butt[9]_i_1
INFO: [Physopt 32-662] Processed net hash/samp0_q[2]_i_5_n_0.  Did not re-place instance hash/samp0_q[2]_i_5
INFO: [Physopt 32-662] Processed net hash/samp1_q[2]_i_2_n_0.  Did not re-place instance hash/samp1_q[2]_i_2
INFO: [Physopt 32-662] Processed net hash/NTT_din[24].  Did not re-place instance hash/samp1_q[11]_i_4
INFO: [Physopt 32-662] Processed net ntt/ctrl_butt_reg_n_0_[1]_repN.  Did not re-place instance ntt/ctrl_butt_reg[1]_replica
INFO: [Physopt 32-662] Processed net ntt/BU/sum_in0_reg[7]_i_7_n_0.  Did not re-place instance ntt/BU/sum_in0_reg[7]_i_7
INFO: [Physopt 32-662] Processed net ntt/BU/sum_in0_reg[3]_i_5_n_0.  Did not re-place instance ntt/BU/sum_in0_reg[3]_i_5
INFO: [Physopt 32-662] Processed net ntt/BU/sum_in0_reg[7]_i_11_n_0.  Did not re-place instance ntt/BU/sum_in0_reg[7]_i_11
INFO: [Physopt 32-662] Processed net ntt/BU/sum_in0_reg[9]_i_1_n_0.  Did not re-place instance ntt/BU/sum_in0_reg[9]_i_1
INFO: [Physopt 32-662] Processed net ntt/BU/sum_in0_reg[9].  Did not re-place instance ntt/BU/sum_in0_reg_reg[9]
INFO: [Physopt 32-663] Processed net hash/ofifo1_req_r1_reg[14].  Re-placed instance hash/in1_butt[16]_i_4
INFO: [Physopt 32-663] Processed net hash/samp2_q[2]_i_7_n_0.  Re-placed instance hash/samp2_q[2]_i_7
INFO: [Physopt 32-663] Processed net hash/samp2_q[2]_i_6_n_0.  Re-placed instance hash/samp2_q[2]_i_6
INFO: [Physopt 32-662] Processed net hash/ofifo1_req_r1_reg[17].  Did not re-place instance hash/in1_butt[19]_i_3
INFO: [Physopt 32-663] Processed net state[1]_repN.  Re-placed instance state_reg[1]_replica
INFO: [Physopt 32-662] Processed net hash/fifo0_i_46_n_0.  Did not re-place instance hash/fifo0_i_46
INFO: [Physopt 32-663] Processed net hash/fifo0_i_133_n_0.  Re-placed instance hash/fifo0_i_133
INFO: [Physopt 32-663] Processed net hash/fifo0_i_198_n_0.  Re-placed instance hash/fifo0_i_198
INFO: [Physopt 32-662] Processed net hash/ififo_din[3].  Did not re-place instance hash/fifo0_i_31
INFO: [Physopt 32-661] Optimized 8 nets.  Re-placed 8 instances.
INFO: [Physopt 32-775] End 1 Pass. Optimized 8 nets or cells. Created 0 new cell, deleted 0 existing cell and moved 8 existing cells
INFO: [Physopt 32-619] Estimated Timing Summary | WNS=-0.519 | TNS=-7.882 |
Netlist sorting complete. Time (s): cpu = 00:00:00 ; elapsed = 00:00:00.005 . Memory (MB): peak = 1863.609 ; gain = 0.000
Phase 9 Single Cell Placement Optimization | Checksum: 46a1c77f

Time (s): cpu = 00:02:09 ; elapsed = 00:01:29 . Memory (MB): peak = 1863.609 ; gain = 0.000

Phase 10 Multi Cell Placement Optimization
INFO: [Physopt 32-660] Identified 100 candidate nets for placement-based optimization.
INFO: [Physopt 32-662] Processed net hash/ofifo1_req_r1_reg[4].  Did not re-place instance hash/in1_butt[4]_i_3/O
INFO: [Physopt 32-662] Processed net hash/samp0_q[2]_i_7_n_0.  Did not re-place instance hash/samp0_q[2]_i_7/O
INFO: [Physopt 32-662] Processed net hash/samp0_q[1]_i_4_n_0.  Did not re-place instance hash/samp0_q[1]_i_4/O
INFO: [Physopt 32-662] Processed net hash/in1_butt[4]_i_4_n_0.  Did not re-place instance hash/in1_butt[4]_i_4/O
INFO: [Physopt 32-662] Processed net hash/samp0_q[2]_i_1_0.  Did not re-place instance hash/samp0_q[1]_i_1/O
INFO: [Physopt 32-662] Processed net hash/samp0_q[2]_i_3_n_0.  Did not re-place instance hash/samp0_q[2]_i_3/O
INFO: [Physopt 32-662] Processed net hash/samp0_q[1]_i_5_n_0.  Did not re-place instance hash/samp0_q[1]_i_5/O
INFO: [Physopt 32-662] Processed net hash/p_1_in0.  Did not re-place instance hash/samp0_q[11]_i_1/O
INFO: [Physopt 32-662] Processed net hash/samp2_q[2]_i_5_n_0.  Did not re-place instance hash/samp2_q[2]_i_5/O
INFO: [Physopt 32-662] Processed net hash/ofifo1_req_r1_reg[9].  Did not re-place instance hash/in1_butt[9]_i_2/O
INFO: [Physopt 32-662] Processed net hash/in1_butt[9]_i_4_n_0.  Did not re-place instance hash/in1_butt[9]_i_4/O
INFO: [Physopt 32-662] Processed net hash/samp2_q[11]_i_2_n_0.  Did not re-place instance hash/samp2_q[11]_i_2/O
INFO: [Physopt 32-662] Processed net hash/samp2_q[11]_i_3_0.  Did not re-place instance hash/samp2_q[11]_i_1/O
INFO: [Physopt 32-662] Processed net hash/samp0_q[2]_i_7_0.  Did not re-place instance hash/samp0_q[2]_i_1/O
INFO: [Physopt 32-662] Processed net hash/samp0_q[1]_i_2_n_0.  Did not re-place instance hash/samp0_q[1]_i_2/O
INFO: [Physopt 32-662] Processed net hash/samp0_q[1]_i_3_n_0.  Did not re-place instance hash/samp0_q[1]_i_3/O
INFO: [Physopt 32-662] Processed net hash/samp1_q[2]_i_6_n_0.  Did not re-place instance hash/samp1_q[2]_i_6/O
INFO: [Physopt 32-662] Processed net hash/samp1_q[2]_i_2_1.  Did not re-place instance hash/samp1_q[7]_i_1/O
INFO: [Physopt 32-662] Processed net hash/samp1_q[2]_i_2_2.  Did not re-place instance hash/samp1_q[1]_i_1/O
INFO: [Physopt 32-662] Processed net hash/samp1_q[2]_i_2_3.  Did not re-place instance hash/samp1_q[11]_i_1/O
INFO: [Physopt 32-662] Processed net hash/samp1_q[2]_i_2_0.  Did not re-place instance hash/samp1_q[8]_i_1/O
INFO: [Physopt 32-662] Processed net hash/samp0_q[2]_i_6_n_0.  Did not re-place instance hash/samp0_q[2]_i_6/O
INFO: [Physopt 32-662] Processed net hash/ofifo1_req_r1_reg[3].  Did not re-place instance hash/in1_butt[3]_i_2/O
INFO: [Physopt 32-662] Processed net hash/in1_butt[3]_i_3_n_0.  Did not re-place instance hash/in1_butt[3]_i_3/O
INFO: [Physopt 32-662] Processed net hash/samp1_q[2]_i_6_0.  Did not re-place instance hash/samp1_q[2]_i_1/O
INFO: [Physopt 32-662] Processed net hash/samp1_q[2]_i_4_n_0.  Did not re-place instance hash/samp1_q[2]_i_4/O
INFO: [Physopt 32-662] Processed net hash/samp1_q[11]_i_2_n_0.  Did not re-place instance hash/samp1_q[11]_i_2/O
INFO: [Physopt 32-662] Processed net hash/samp0_q[2]_i_4_n_0.  Did not re-place instance hash/samp0_q[2]_i_4/O
INFO: [Physopt 32-662] Processed net hash/ofifo1_req_r1_reg[5]_repN.  Did not re-place instance hash/in1_butt[5]_i_2_replica/O
INFO: [Physopt 32-662] Processed net hash/in1_butt[5]_i_3_n_0.  Did not re-place instance hash/in1_butt[5]_i_3/O
INFO: [Physopt 32-662] Processed net hash/ofifo1_req_r1_reg[2].  Did not re-place instance hash/in1_butt[2]_i_2/O
INFO: [Physopt 32-662] Processed net hash/in1_butt[2]_i_3_n_0.  Did not re-place instance hash/in1_butt[2]_i_3/O
INFO: [Physopt 32-662] Processed net decode/E[0].  Did not re-place instance decode/data_ctr[5]_i_1/O
INFO: [Physopt 32-662] Processed net decode/OFIFO_req.  Did not re-place instance decode/OFIFO_i_36/O
INFO: [Physopt 32-662] Processed net decode/data_ctr[5]_i_3_n_0.  Did not re-place instance decode/data_ctr[5]_i_3/O
INFO: [Physopt 32-662] Processed net hash/samp2_q[2]_i_3_n_0.  Did not re-place instance hash/samp2_q[2]_i_3/O
INFO: [Physopt 32-662] Processed net hash/ofifo1_req_r1_reg[8].  Did not re-place instance hash/in1_butt[8]_i_2/O
INFO: [Physopt 32-662] Processed net hash/in1_butt[8]_i_3_n_0.  Did not re-place instance hash/in1_butt[8]_i_3/O
INFO: [Physopt 32-662] Processed net hash/samp2_q[2]_i_7_0.  Did not re-place instance hash/samp2_q[2]_i_1/O
INFO: [Physopt 32-662] Processed net hash/samp0_q[2]_i_2_n_0.  Did not re-place instance hash/samp0_q[2]_i_2/O
INFO: [Physopt 32-662] Processed net hash/ofifo1_req_r1_reg[0].  Did not re-place instance hash/in1_butt[0]_i_2/O
INFO: [Physopt 32-662] Processed net hash/in1_butt[0]_i_3_n_0.  Did not re-place instance hash/in1_butt[0]_i_3/O
INFO: [Physopt 32-663] Processed net hash/samp0_q[2]_i_2_2.  Re-placed instance hash/samp0_q[0]_i_1/O
INFO: [Physopt 32-662] Processed net hash/samp1_q[2]_i_5_n_0.  Did not re-place instance hash/samp1_q[2]_i_5/O
INFO: [Physopt 32-662] Processed net hash/ofifo1_req_r1_reg[7].  Did not re-place instance hash/in1_butt[7]_i_2/O
INFO: [Physopt 32-662] Processed net hash/samp1_q[2]_i_7_n_0.  Did not re-place instance hash/samp1_q[2]_i_7/O
INFO: [Physopt 32-662] Processed net hash/in1_butt[7]_i_3_n_0.  Did not re-place instance hash/in1_butt[7]_i_3/O
INFO: [Physopt 32-662] Processed net hash/samp2_q[11]_i_3_n_0.  Did not re-place instance hash/samp2_q[11]_i_3/O
INFO: [Physopt 32-662] Processed net hash/samp0_q[2]_i_2_0.  Did not re-place instance hash/samp0_q[8]_i_1/O
INFO: [Physopt 32-662] Processed net hash/samp0_q[2]_i_2_1.  Did not re-place instance hash/samp0_q[7]_i_1/O
INFO: [Physopt 32-662] Processed net hash/samp1_q[11]_i_3_n_0.  Did not re-place instance hash/samp1_q[11]_i_3/O
INFO: [Physopt 32-662] Processed net hash/samp1_q[2]_i_3_0.  Did not re-place instance hash/samp1_q[0]_i_1/O
INFO: [Physopt 32-662] Processed net hash/samp2_q[2]_i_4_1.  Did not re-place instance hash/samp2_q[7]_i_1/O
INFO: [Physopt 32-662] Processed net hash/samp2_q[2]_i_2_n_0.  Did not re-place instance hash/samp2_q[2]_i_2/O
INFO: [Physopt 32-662] Processed net hash/ofifo1_req_r1_reg[1].  Did not re-place instance hash/in1_butt[1]_i_2/O
INFO: [Physopt 32-662] Processed net hash/in1_butt[1]_i_3_n_0.  Did not re-place instance hash/in1_butt[1]_i_3/O
INFO: [Physopt 32-662] Processed net hash/samp2_q[2]_i_4_0.  Did not re-place instance hash/samp2_q[8]_i_1/O
INFO: [Physopt 32-662] Processed net hash/samp2_q[2]_i_4_2.  Did not re-place instance hash/samp2_q[1]_i_1/O
INFO: [Physopt 32-662] Processed net hash/samp1_q[2]_i_3_n_0.  Did not re-place instance hash/samp1_q[2]_i_3/O
INFO: [Physopt 32-662] Processed net hash/ofifo1_req_r1_reg[6].  Did not re-place instance hash/in1_butt[6]_i_2/O
INFO: [Physopt 32-662] Processed net hash/in1_butt[6]_i_3_n_0.  Did not re-place instance hash/in1_butt[6]_i_3/O
INFO: [Physopt 32-662] Processed net hash/ofifo1_req_r1_reg[5].  Did not re-place instance hash/in1_butt[5]_i_2/O
INFO: [Physopt 32-662] Processed net hash/samp3_q[2]_i_5_n_0.  Did not re-place instance hash/samp3_q[2]_i_5/O
INFO: [Physopt 32-662] Processed net hash/ofifo1_req_r1_reg[13].  Did not re-place instance hash/in1_butt[15]_i_4/O
INFO: [Physopt 32-662] Processed net hash/samp3_q[11]_i_2_n_0.  Did not re-place instance hash/samp3_q[11]_i_2/O
INFO: [Physopt 32-662] Processed net hash/samp3_q[11]_i_3_0.  Did not re-place instance hash/samp3_q[11]_i_1/O
INFO: [Physopt 32-663] Processed net hash/samp2_q[2]_i_2_0.  Re-placed instance hash/samp2_q[0]_i_1/O
INFO: [Physopt 32-662] Processed net hash/ofifo1_req_r1_reg[11].  Did not re-place instance hash/in1_butt[11]_i_2/O
INFO: [Physopt 32-662] Processed net hash/samp0_q[2]_i_5_n_0.  Did not re-place instance hash/samp0_q[2]_i_5/O
INFO: [Physopt 32-662] Processed net hash/samp1_q[2]_i_2_n_0.  Did not re-place instance hash/samp1_q[2]_i_2/O
INFO: [Physopt 32-662] Processed net hash/NTT_din[24].  Did not re-place instance hash/samp1_q[11]_i_4/O
INFO: [Physopt 32-662] Processed net ntt/rdata_RAM_mux0[9].  Did not re-place instance ntt/rdata_RAM_mux0_r1[9]_i_1/O
INFO: [Physopt 32-662] Processed net ntt/in1_butt[9].  Did not re-place instance ntt/in1_butt[9]_i_1/O
INFO: [Physopt 32-663] Processed net ntt/rdata_RAM_mux0_r1[9]_i_2_n_0.  Re-placed instance ntt/rdata_RAM_mux0_r1[9]_i_2/O
INFO: [Physopt 32-661] Optimized 3 nets.  Re-placed 6 instances.
INFO: [Physopt 32-775] End 1 Pass. Optimized 3 nets or cells. Created 0 new cell, deleted 0 existing cell and moved 6 existing cells
INFO: [Physopt 32-619] Estimated Timing Summary | WNS=-0.519 | TNS=-7.734 |
Netlist sorting complete. Time (s): cpu = 00:00:00 ; elapsed = 00:00:00.008 . Memory (MB): peak = 1863.609 ; gain = 0.000
Phase 10 Multi Cell Placement Optimization | Checksum: d015aa05

Time (s): cpu = 00:03:07 ; elapsed = 00:02:09 . Memory (MB): peak = 1863.609 ; gain = 0.000

Phase 11 Rewire
INFO: [Physopt 32-246] Starting Signal Push optimization...
INFO: [Physopt 32-77] Pass 1. Identified 1 candidate net for rewire optimization.
INFO: [Physopt 32-134] Processed net hash/ofifo1_req_r1_reg[5]_repN. Rewiring did not optimize the net.
INFO: [Physopt 32-232] Optimized 0 net. Created 0 new instance.
INFO: [Physopt 32-775] End 1 Pass. Optimized 0 net or cell. Created 0 new cell, deleted 0 existing cell and moved 0 existing cell
Netlist sorting complete. Time (s): cpu = 00:00:00 ; elapsed = 00:00:00.009 . Memory (MB): peak = 1863.609 ; gain = 0.000
Netlist sorting complete. Time (s): cpu = 00:00:00 ; elapsed = 00:00:00.006 . Memory (MB): peak = 1863.609 ; gain = 0.000
Phase 11 Rewire | Checksum: f13c6bad

Time (s): cpu = 00:03:07 ; elapsed = 00:02:09 . Memory (MB): peak = 1863.609 ; gain = 0.000

Phase 12 Critical Cell Optimization
INFO: [Physopt 32-46] Identified 16 candidate nets for critical-cell optimization.
INFO: [Physopt 32-572] Net hash/ofifo1_req_r1_reg[4] was not replicated.
Resolution: phys_opt_design can be forced to replicate a net driver using the option -force_replication_on_nets <list of net objects>.
INFO: [Physopt 32-572] Net hash/samp0_q[1]_i_5_n_0 was not replicated.
Resolution: phys_opt_design can be forced to replicate a net driver using the option -force_replication_on_nets <list of net objects>.
INFO: [Physopt 32-572] Net hash/ofifo1_req_r1_reg[9] was not replicated.
Resolution: phys_opt_design can be forced to replicate a net driver using the option -force_replication_on_nets <list of net objects>.
INFO: [Physopt 32-572] Net hash/samp0_q[1]_i_2_n_0 was not replicated.
Resolution: phys_opt_design can be forced to replicate a net driver using the option -force_replication_on_nets <list of net objects>.
INFO: [Physopt 32-572] Net hash/ofifo1_req_r1_reg[3] was not replicated.
Resolution: phys_opt_design can be forced to replicate a net driver using the option -force_replication_on_nets <list of net objects>.
INFO: [Physopt 32-572] Net hash/samp0_q[2]_i_4_n_0 was not replicated.
Resolution: phys_opt_design can be forced to replicate a net driver using the option -force_replication_on_nets <list of net objects>.
INFO: [Physopt 32-81] Processed net hash/ofifo1_req_r1_reg[5]_repN. Replicated 1 times.
INFO: [Physopt 32-572] Net hash/in1_butt[5]_i_3_n_0 was not replicated.
Resolution: phys_opt_design can be forced to replicate a net driver using the option -force_replication_on_nets <list of net objects>.
INFO: [Physopt 32-572] Net hash/ofifo1_req_r1_reg[2] was not replicated.
Resolution: phys_opt_design can be forced to replicate a net driver using the option -force_replication_on_nets <list of net objects>.
INFO: [Physopt 32-572] Net hash/samp2_q[2]_i_3_n_0 was not replicated.
Resolution: phys_opt_design can be forced to replicate a net driver using the option -force_replication_on_nets <list of net objects>.
INFO: [Physopt 32-571] Net hash/ofifo1_req_r1_reg[8] was not replicated.
INFO: [Physopt 32-572] Net hash/in1_butt[8]_i_3_n_0 was not replicated.
Resolution: phys_opt_design can be forced to replicate a net driver using the option -force_replication_on_nets <list of net objects>.
INFO: [Physopt 32-572] Net hash/ofifo1_req_r1_reg[0] was not replicated.
Resolution: phys_opt_design can be forced to replicate a net driver using the option -force_replication_on_nets <list of net objects>.
INFO: [Physopt 32-572] Net hash/ofifo1_req_r1_reg[7] was not replicated.
Resolution: phys_opt_design can be forced to replicate a net driver using the option -force_replication_on_nets <list of net objects>.
INFO: [Physopt 32-572] Net hash/samp1_q[2]_i_7_n_0 was not replicated.
Resolution: phys_opt_design can be forced to replicate a net driver using the option -force_replication_on_nets <list of net objects>.
INFO: [Physopt 32-232] Optimized 1 net. Created 1 new instance.
INFO: [Physopt 32-775] End 1 Pass. Optimized 1 net or cell. Created 1 new cell, deleted 0 existing cell and moved 0 existing cell
INFO: [Physopt 32-619] Estimated Timing Summary | WNS=-0.519 | TNS=-7.755 |
Netlist sorting complete. Time (s): cpu = 00:00:00 ; elapsed = 00:00:00.009 . Memory (MB): peak = 1863.609 ; gain = 0.000
Phase 12 Critical Cell Optimization | Checksum: 140fc5ebd

Time (s): cpu = 00:03:12 ; elapsed = 00:02:12 . Memory (MB): peak = 1863.609 ; gain = 0.000

Phase 13 SLR Crossing Optimization
Phase 13 SLR Crossing Optimization | Checksum: 140fc5ebd

Time (s): cpu = 00:03:12 ; elapsed = 00:02:12 . Memory (MB): peak = 1863.609 ; gain = 0.000

Phase 14 Fanout Optimization
INFO: [Physopt 32-64] No nets found for fanout-optimization.
INFO: [Physopt 32-232] Optimized 0 net. Created 0 new instance.
INFO: [Physopt 32-775] End 1 Pass. Optimized 0 net or cell. Created 0 new cell, deleted 0 existing cell and moved 0 existing cell
Phase 14 Fanout Optimization | Checksum: 140fc5ebd

Time (s): cpu = 00:03:12 ; elapsed = 00:02:12 . Memory (MB): peak = 1863.609 ; gain = 0.000

Phase 15 Single Cell Placement Optimization
INFO: [Physopt 32-660] Identified 100 candidate nets for placement-based optimization.
INFO: [Physopt 32-662] Processed net hash/ofifo1_req_r1_reg[4].  Did not re-place instance hash/in1_butt[4]_i_3
INFO: [Physopt 32-662] Processed net hash/samp0_q[2]_i_7_n_0.  Did not re-place instance hash/samp0_q[2]_i_7
INFO: [Physopt 32-662] Processed net hash/samp0_q[1]_i_4_n_0.  Did not re-place instance hash/samp0_q[1]_i_4
INFO: [Physopt 32-662] Processed net hash/in1_butt[4]_i_4_n_0.  Did not re-place instance hash/in1_butt[4]_i_4
INFO: [Physopt 32-662] Processed net hash/samp0_q[2]_i_1_0.  Did not re-place instance hash/samp0_q[1]_i_1
INFO: [Physopt 32-662] Processed net ntt/samp0_q[1].  Did not re-place instance ntt/samp0_q_reg[1]
INFO: [Physopt 32-662] Processed net hash/samp0_q[2]_i_3_n_0.  Did not re-place instance hash/samp0_q[2]_i_3
INFO: [Physopt 32-662] Processed net hash/samp0_q[1]_i_5_n_0.  Did not re-place instance hash/samp0_q[1]_i_5
INFO: [Physopt 32-662] Processed net hash/p_1_in0.  Did not re-place instance hash/samp0_q[11]_i_1
INFO: [Physopt 32-662] Processed net ntt/samp0_q[11].  Did not re-place instance ntt/samp0_q_reg[11]
INFO: [Physopt 32-662] Processed net hash/samp2_q[2]_i_5_n_0.  Did not re-place instance hash/samp2_q[2]_i_5
INFO: [Physopt 32-662] Processed net hash/ofifo1_req_r1_reg[9].  Did not re-place instance hash/in1_butt[9]_i_2
INFO: [Physopt 32-662] Processed net hash/in1_butt[9]_i_4_n_0.  Did not re-place instance hash/in1_butt[9]_i_4
INFO: [Physopt 32-662] Processed net hash/samp2_q[11]_i_2_n_0.  Did not re-place instance hash/samp2_q[11]_i_2
INFO: [Physopt 32-662] Processed net hash/samp2_q[11]_i_3_0.  Did not re-place instance hash/samp2_q[11]_i_1
INFO: [Physopt 32-662] Processed net ntt/samp2_q[11].  Did not re-place instance ntt/samp2_q_reg[11]
INFO: [Physopt 32-662] Processed net hash/samp0_q[2]_i_7_0.  Did not re-place instance hash/samp0_q[2]_i_1
INFO: [Physopt 32-662] Processed net hash/samp0_q[1]_i_2_n_0.  Did not re-place instance hash/samp0_q[1]_i_2
INFO: [Physopt 32-662] Processed net hash/samp0_q[1]_i_3_n_0.  Did not re-place instance hash/samp0_q[1]_i_3
INFO: [Physopt 32-662] Processed net hash/samp1_q[2]_i_6_n_0.  Did not re-place instance hash/samp1_q[2]_i_6
INFO: [Physopt 32-662] Processed net hash/samp1_q[2]_i_2_1.  Did not re-place instance hash/samp1_q[7]_i_1
INFO: [Physopt 32-662] Processed net hash/samp1_q[2]_i_2_2.  Did not re-place instance hash/samp1_q[1]_i_1
INFO: [Physopt 32-662] Processed net ntt/samp1_q[7].  Did not re-place instance ntt/samp1_q_reg[7]
INFO: [Physopt 32-662] Processed net ntt/samp1_q[1].  Did not re-place instance ntt/samp1_q_reg[1]
INFO: [Physopt 32-662] Processed net hash/samp1_q[2]_i_2_3.  Did not re-place instance hash/samp1_q[11]_i_1
INFO: [Physopt 32-662] Processed net ntt/samp1_q[11].  Did not re-place instance ntt/samp1_q_reg[11]
INFO: [Physopt 32-662] Processed net hash/samp1_q[2]_i_2_0.  Did not re-place instance hash/samp1_q[8]_i_1
INFO: [Physopt 32-662] Processed net ntt/samp1_q[8].  Did not re-place instance ntt/samp1_q_reg[8]
INFO: [Physopt 32-662] Processed net hash/samp0_q[2]_i_6_n_0.  Did not re-place instance hash/samp0_q[2]_i_6
INFO: [Physopt 32-662] Processed net hash/ofifo1_req_r1_reg[3].  Did not re-place instance hash/in1_butt[3]_i_2
INFO: [Physopt 32-662] Processed net hash/in1_butt[3]_i_3_n_0.  Did not re-place instance hash/in1_butt[3]_i_3
INFO: [Physopt 32-662] Processed net hash/samp1_q[2]_i_6_0.  Did not re-place instance hash/samp1_q[2]_i_1
INFO: [Physopt 32-662] Processed net ntt/samp1_q[2].  Did not re-place instance ntt/samp1_q_reg[2]
INFO: [Physopt 32-662] Processed net hash/samp1_q[2]_i_4_n_0.  Did not re-place instance hash/samp1_q[2]_i_4
INFO: [Physopt 32-662] Processed net hash/samp1_q[11]_i_2_n_0.  Did not re-place instance hash/samp1_q[11]_i_2
INFO: [Physopt 32-662] Processed net hash/samp0_q[2]_i_4_n_0.  Did not re-place instance hash/samp0_q[2]_i_4
INFO: [Physopt 32-662] Processed net hash/in1_butt[5]_i_3_n_0.  Did not re-place instance hash/in1_butt[5]_i_3
INFO: [Physopt 32-662] Processed net hash/ofifo1_req_r1_reg[5]_repN_1.  Did not re-place instance hash/in1_butt[5]_i_2_replica_1
INFO: [Physopt 32-662] Processed net hash/ofifo1_req_r1_reg[2].  Did not re-place instance hash/in1_butt[2]_i_2
INFO: [Physopt 32-662] Processed net hash/in1_butt[2]_i_3_n_0.  Did not re-place instance hash/in1_butt[2]_i_3
INFO: [Physopt 32-662] Processed net decode/E[0].  Did not re-place instance decode/data_ctr[5]_i_1
INFO: [Physopt 32-662] Processed net decode/OFIFO_req.  Did not re-place instance decode/OFIFO_i_36
INFO: [Physopt 32-662] Processed net data_ctr_reg_n_0_[4].  Did not re-place instance data_ctr_reg[4]
INFO: [Physopt 32-662] Processed net data_ctr_reg_n_0_[5].  Did not re-place instance data_ctr_reg[5]
INFO: [Physopt 32-662] Processed net decode/data_ctr[5]_i_3_n_0.  Did not re-place instance decode/data_ctr[5]_i_3
INFO: [Physopt 32-662] Processed net data_ctr_reg_n_0_[0].  Did not re-place instance data_ctr_reg[0]
INFO: [Physopt 32-662] Processed net data_ctr_reg_n_0_[1].  Did not re-place instance data_ctr_reg[1]
INFO: [Physopt 32-662] Processed net data_ctr_reg_n_0_[2].  Did not re-place instance data_ctr_reg[2]
INFO: [Physopt 32-662] Processed net data_ctr_reg_n_0_[3].  Did not re-place instance data_ctr_reg[3]
INFO: [Physopt 32-662] Processed net hash/samp2_q[2]_i_3_n_0.  Did not re-place instance hash/samp2_q[2]_i_3
INFO: [Physopt 32-662] Processed net hash/ofifo1_req_r1_reg[8].  Did not re-place instance hash/in1_butt[8]_i_2
INFO: [Physopt 32-662] Processed net hash/in1_butt[8]_i_3_n_0.  Did not re-place instance hash/in1_butt[8]_i_3
INFO: [Physopt 32-662] Processed net hash/samp2_q[2]_i_7_0.  Did not re-place instance hash/samp2_q[2]_i_1
INFO: [Physopt 32-662] Processed net ntt/samp2_q[2].  Did not re-place instance ntt/samp2_q_reg[2]
INFO: [Physopt 32-662] Processed net hash/samp0_q[2]_i_2_n_0.  Did not re-place instance hash/samp0_q[2]_i_2
INFO: [Physopt 32-662] Processed net hash/ofifo1_req_r1_reg[0].  Did not re-place instance hash/in1_butt[0]_i_2
INFO: [Physopt 32-662] Processed net hash/in1_butt[0]_i_3_n_0.  Did not re-place instance hash/in1_butt[0]_i_3
INFO: [Physopt 32-662] Processed net hash/samp0_q[2]_i_2_2.  Did not re-place instance hash/samp0_q[0]_i_1
INFO: [Physopt 32-662] Processed net ntt/samp0_q[0].  Did not re-place instance ntt/samp0_q_reg[0]
INFO: [Physopt 32-662] Processed net hash/samp1_q[2]_i_5_n_0.  Did not re-place instance hash/samp1_q[2]_i_5
INFO: [Physopt 32-662] Processed net hash/ofifo1_req_r1_reg[7].  Did not re-place instance hash/in1_butt[7]_i_2
INFO: [Physopt 32-662] Processed net hash/samp1_q[2]_i_7_n_0.  Did not re-place instance hash/samp1_q[2]_i_7
INFO: [Physopt 32-662] Processed net hash/in1_butt[7]_i_3_n_0.  Did not re-place instance hash/in1_butt[7]_i_3
INFO: [Physopt 32-662] Processed net hash/samp2_q[11]_i_3_n_0.  Did not re-place instance hash/samp2_q[11]_i_3
INFO: [Physopt 32-662] Processed net hash/samp0_q[2]_i_2_0.  Did not re-place instance hash/samp0_q[8]_i_1
INFO: [Physopt 32-662] Processed net ntt/samp0_q[8].  Did not re-place instance ntt/samp0_q_reg[8]
INFO: [Physopt 32-662] Processed net hash/samp0_q[2]_i_2_1.  Did not re-place instance hash/samp0_q[7]_i_1
INFO: [Physopt 32-662] Processed net ntt/samp0_q[7].  Did not re-place instance ntt/samp0_q_reg[7]
INFO: [Physopt 32-663] Processed net hash/samp1_q[11]_i_3_n_0.  Re-placed instance hash/samp1_q[11]_i_3
INFO: [Physopt 32-662] Processed net hash/samp1_q[2]_i_3_0.  Did not re-place instance hash/samp1_q[0]_i_1
INFO: [Physopt 32-662] Processed net ntt/samp1_q[0].  Did not re-place instance ntt/samp1_q_reg[0]
INFO: [Physopt 32-662] Processed net hash/samp2_q[2]_i_4_1.  Did not re-place instance hash/samp2_q[7]_i_1
INFO: [Physopt 32-662] Processed net ntt/samp2_q[7].  Did not re-place instance ntt/samp2_q_reg[7]
INFO: [Physopt 32-662] Processed net hash/samp2_q[2]_i_2_n_0.  Did not re-place instance hash/samp2_q[2]_i_2
INFO: [Physopt 32-662] Processed net hash/ofifo1_req_r1_reg[1].  Did not re-place instance hash/in1_butt[1]_i_2
INFO: [Physopt 32-662] Processed net hash/in1_butt[1]_i_3_n_0.  Did not re-place instance hash/in1_butt[1]_i_3
INFO: [Physopt 32-662] Processed net hash/samp2_q[2]_i_4_0.  Did not re-place instance hash/samp2_q[8]_i_1
INFO: [Physopt 32-662] Processed net ntt/samp2_q[8].  Did not re-place instance ntt/samp2_q_reg[8]
INFO: [Physopt 32-662] Processed net hash/ofifo1_req_r1_reg[5].  Did not re-place instance hash/in1_butt[5]_i_2
INFO: [Physopt 32-662] Processed net hash/samp1_q[2]_i_3_n_0.  Did not re-place instance hash/samp1_q[2]_i_3
INFO: [Physopt 32-662] Processed net hash/samp2_q[2]_i_4_2.  Did not re-place instance hash/samp2_q[1]_i_1
INFO: [Physopt 32-662] Processed net ntt/samp2_q[1].  Did not re-place instance ntt/samp2_q_reg[1]
INFO: [Physopt 32-662] Processed net hash/ofifo1_req_r1_reg[6].  Did not re-place instance hash/in1_butt[6]_i_2
INFO: [Physopt 32-662] Processed net hash/in1_butt[6]_i_3_n_0.  Did not re-place instance hash/in1_butt[6]_i_3
INFO: [Physopt 32-662] Processed net ntt/samp0_q[2].  Did not re-place instance ntt/samp0_q_reg[2]
INFO: [Physopt 32-662] Processed net hash/samp3_q[2]_i_5_n_0.  Did not re-place instance hash/samp3_q[2]_i_5
INFO: [Physopt 32-662] Processed net hash/ofifo1_req_r1_reg[13].  Did not re-place instance hash/in1_butt[15]_i_4
INFO: [Physopt 32-662] Processed net hash/samp3_q[11]_i_2_n_0.  Did not re-place instance hash/samp3_q[11]_i_2
INFO: [Physopt 32-662] Processed net hash/samp3_q[11]_i_3_0.  Did not re-place instance hash/samp3_q[11]_i_1
INFO: [Physopt 32-662] Processed net ntt/samp3_q[11].  Did not re-place instance ntt/samp3_q_reg[11]
INFO: [Physopt 32-662] Processed net hash/samp0_q[2]_i_5_n_0.  Did not re-place instance hash/samp0_q[2]_i_5
INFO: [Physopt 32-662] Processed net hash/ofifo1_req_r1_reg[11].  Did not re-place instance hash/in1_butt[11]_i_2
INFO: [Physopt 32-662] Processed net hash/samp1_q[2]_i_2_n_0.  Did not re-place instance hash/samp1_q[2]_i_2
INFO: [Physopt 32-662] Processed net hash/NTT_din[24].  Did not re-place instance hash/samp1_q[11]_i_4
INFO: [Physopt 32-662] Processed net ntt/ctrl_butt_reg_n_0_[1]_repN.  Did not re-place instance ntt/ctrl_butt_reg[1]_replica
INFO: [Physopt 32-662] Processed net ntt/BU/sum_in0_reg[7]_i_7_n_0.  Did not re-place instance ntt/BU/sum_in0_reg[7]_i_7
INFO: [Physopt 32-662] Processed net ntt/BU/sum_in0_reg[3]_i_5_n_0.  Did not re-place instance ntt/BU/sum_in0_reg[3]_i_5
INFO: [Physopt 32-662] Processed net ntt/BU/sum_in0_reg[7]_i_11_n_0.  Did not re-place instance ntt/BU/sum_in0_reg[7]_i_11
INFO: [Physopt 32-662] Processed net ntt/BU/sum_in0_reg[9]_i_1_n_0.  Did not re-place instance ntt/BU/sum_in0_reg[9]_i_1
INFO: [Physopt 32-662] Processed net ntt/BU/sum_in0_reg[9].  Did not re-place instance ntt/BU/sum_in0_reg_reg[9]
INFO: [Physopt 32-661] Optimized 1 net.  Re-placed 1 instance.
INFO: [Physopt 32-775] End 1 Pass. Optimized 1 net or cell. Created 0 new cell, deleted 0 existing cell and moved 1 existing cell
INFO: [Physopt 32-619] Estimated Timing Summary | WNS=-0.519 | TNS=-7.755 |
Netlist sorting complete. Time (s): cpu = 00:00:00 ; elapsed = 00:00:00.008 . Memory (MB): peak = 1863.609 ; gain = 0.000
Phase 15 Single Cell Placement Optimization | Checksum: 1d2230ae3

Time (s): cpu = 00:03:26 ; elapsed = 00:02:22 . Memory (MB): peak = 1863.609 ; gain = 0.000

Phase 16 Multi Cell Placement Optimization
INFO: [Physopt 32-660] Identified 100 candidate nets for placement-based optimization.
INFO: [Physopt 32-662] Processed net hash/ofifo1_req_r1_reg[4].  Did not re-place instance hash/in1_butt[4]_i_3/O
INFO: [Physopt 32-662] Processed net hash/samp0_q[2]_i_7_n_0.  Did not re-place instance hash/samp0_q[2]_i_7/O
INFO: [Physopt 32-662] Processed net hash/samp0_q[1]_i_4_n_0.  Did not re-place instance hash/samp0_q[1]_i_4/O
INFO: [Physopt 32-662] Processed net hash/in1_butt[4]_i_4_n_0.  Did not re-place instance hash/in1_butt[4]_i_4/O
INFO: [Physopt 32-662] Processed net hash/samp0_q[2]_i_1_0.  Did not re-place instance hash/samp0_q[1]_i_1/O
INFO: [Physopt 32-662] Processed net hash/samp0_q[2]_i_3_n_0.  Did not re-place instance hash/samp0_q[2]_i_3/O
INFO: [Physopt 32-662] Processed net hash/samp0_q[1]_i_5_n_0.  Did not re-place instance hash/samp0_q[1]_i_5/O
INFO: [Physopt 32-662] Processed net hash/p_1_in0.  Did not re-place instance hash/samp0_q[11]_i_1/O
INFO: [Physopt 32-662] Processed net hash/samp2_q[2]_i_5_n_0.  Did not re-place instance hash/samp2_q[2]_i_5/O
INFO: [Physopt 32-662] Processed net hash/ofifo1_req_r1_reg[9].  Did not re-place instance hash/in1_butt[9]_i_2/O
INFO: [Physopt 32-662] Processed net hash/in1_butt[9]_i_4_n_0.  Did not re-place instance hash/in1_butt[9]_i_4/O
INFO: [Physopt 32-662] Processed net hash/samp2_q[11]_i_2_n_0.  Did not re-place instance hash/samp2_q[11]_i_2/O
INFO: [Physopt 32-662] Processed net hash/samp2_q[11]_i_3_0.  Did not re-place instance hash/samp2_q[11]_i_1/O
INFO: [Physopt 32-662] Processed net hash/samp0_q[2]_i_7_0.  Did not re-place instance hash/samp0_q[2]_i_1/O
INFO: [Physopt 32-662] Processed net hash/samp0_q[1]_i_2_n_0.  Did not re-place instance hash/samp0_q[1]_i_2/O
INFO: [Physopt 32-662] Processed net hash/samp0_q[1]_i_3_n_0.  Did not re-place instance hash/samp0_q[1]_i_3/O
INFO: [Physopt 32-662] Processed net hash/samp1_q[2]_i_6_n_0.  Did not re-place instance hash/samp1_q[2]_i_6/O
INFO: [Physopt 32-662] Processed net hash/samp1_q[2]_i_2_1.  Did not re-place instance hash/samp1_q[7]_i_1/O
INFO: [Physopt 32-662] Processed net hash/samp1_q[2]_i_2_2.  Did not re-place instance hash/samp1_q[1]_i_1/O
INFO: [Physopt 32-662] Processed net hash/samp1_q[2]_i_2_3.  Did not re-place instance hash/samp1_q[11]_i_1/O
INFO: [Physopt 32-662] Processed net hash/samp1_q[2]_i_2_0.  Did not re-place instance hash/samp1_q[8]_i_1/O
INFO: [Physopt 32-662] Processed net hash/samp0_q[2]_i_6_n_0.  Did not re-place instance hash/samp0_q[2]_i_6/O
INFO: [Physopt 32-662] Processed net hash/ofifo1_req_r1_reg[3].  Did not re-place instance hash/in1_butt[3]_i_2/O
INFO: [Physopt 32-662] Processed net hash/in1_butt[3]_i_3_n_0.  Did not re-place instance hash/in1_butt[3]_i_3/O
INFO: [Physopt 32-662] Processed net hash/samp1_q[2]_i_6_0.  Did not re-place instance hash/samp1_q[2]_i_1/O
INFO: [Physopt 32-662] Processed net hash/samp1_q[2]_i_4_n_0.  Did not re-place instance hash/samp1_q[2]_i_4/O
INFO: [Physopt 32-662] Processed net hash/samp1_q[11]_i_2_n_0.  Did not re-place instance hash/samp1_q[11]_i_2/O
INFO: [Physopt 32-662] Processed net hash/samp0_q[2]_i_4_n_0.  Did not re-place instance hash/samp0_q[2]_i_4/O
INFO: [Physopt 32-663] Processed net hash/in1_butt[5]_i_3_n_0.  Re-placed instance hash/in1_butt[5]_i_3/O
INFO: [Physopt 32-662] Processed net hash/ofifo1_req_r1_reg[5]_repN_1.  Did not re-place instance hash/in1_butt[5]_i_2_replica_1/O
INFO: [Physopt 32-662] Processed net hash/ofifo1_req_r1_reg[2].  Did not re-place instance hash/in1_butt[2]_i_2/O
INFO: [Physopt 32-662] Processed net hash/in1_butt[2]_i_3_n_0.  Did not re-place instance hash/in1_butt[2]_i_3/O
INFO: [Physopt 32-662] Processed net decode/E[0].  Did not re-place instance decode/data_ctr[5]_i_1/O
INFO: [Physopt 32-662] Processed net decode/OFIFO_req.  Did not re-place instance decode/OFIFO_i_36/O
INFO: [Physopt 32-662] Processed net decode/data_ctr[5]_i_3_n_0.  Did not re-place instance decode/data_ctr[5]_i_3/O
INFO: [Physopt 32-662] Processed net hash/samp2_q[2]_i_3_n_0.  Did not re-place instance hash/samp2_q[2]_i_3/O
INFO: [Physopt 32-662] Processed net hash/ofifo1_req_r1_reg[8].  Did not re-place instance hash/in1_butt[8]_i_2/O
INFO: [Physopt 32-662] Processed net hash/in1_butt[8]_i_3_n_0.  Did not re-place instance hash/in1_butt[8]_i_3/O
INFO: [Physopt 32-662] Processed net hash/samp2_q[2]_i_7_0.  Did not re-place instance hash/samp2_q[2]_i_1/O
INFO: [Physopt 32-662] Processed net hash/samp0_q[2]_i_2_n_0.  Did not re-place instance hash/samp0_q[2]_i_2/O
INFO: [Physopt 32-662] Processed net hash/ofifo1_req_r1_reg[0].  Did not re-place instance hash/in1_butt[0]_i_2/O
INFO: [Physopt 32-662] Processed net hash/in1_butt[0]_i_3_n_0.  Did not re-place instance hash/in1_butt[0]_i_3/O
INFO: [Physopt 32-663] Processed net hash/samp0_q[2]_i_2_2.  Re-placed instance hash/samp0_q[0]_i_1/O
INFO: [Physopt 32-662] Processed net hash/samp1_q[2]_i_5_n_0.  Did not re-place instance hash/samp1_q[2]_i_5/O
INFO: [Physopt 32-662] Processed net hash/ofifo1_req_r1_reg[7].  Did not re-place instance hash/in1_butt[7]_i_2/O
INFO: [Physopt 32-662] Processed net hash/samp1_q[2]_i_7_n_0.  Did not re-place instance hash/samp1_q[2]_i_7/O
INFO: [Physopt 32-662] Processed net hash/in1_butt[7]_i_3_n_0.  Did not re-place instance hash/in1_butt[7]_i_3/O
INFO: [Physopt 32-662] Processed net hash/samp2_q[11]_i_3_n_0.  Did not re-place instance hash/samp2_q[11]_i_3/O
INFO: [Physopt 32-662] Processed net hash/samp0_q[2]_i_2_0.  Did not re-place instance hash/samp0_q[8]_i_1/O
INFO: [Physopt 32-662] Processed net hash/samp0_q[2]_i_2_1.  Did not re-place instance hash/samp0_q[7]_i_1/O
INFO: [Physopt 32-662] Processed net hash/samp1_q[11]_i_3_n_0.  Did not re-place instance hash/samp1_q[11]_i_3/O
INFO: [Physopt 32-662] Processed net hash/samp1_q[2]_i_3_0.  Did not re-place instance hash/samp1_q[0]_i_1/O
INFO: [Physopt 32-662] Processed net hash/samp2_q[2]_i_4_1.  Did not re-place instance hash/samp2_q[7]_i_1/O
INFO: [Physopt 32-662] Processed net hash/samp2_q[2]_i_2_n_0.  Did not re-place instance hash/samp2_q[2]_i_2/O
INFO: [Physopt 32-662] Processed net hash/ofifo1_req_r1_reg[1].  Did not re-place instance hash/in1_butt[1]_i_2/O
INFO: [Physopt 32-662] Processed net hash/in1_butt[1]_i_3_n_0.  Did not re-place instance hash/in1_butt[1]_i_3/O
INFO: [Physopt 32-662] Processed net hash/samp2_q[2]_i_4_0.  Did not re-place instance hash/samp2_q[8]_i_1/O
INFO: [Physopt 32-662] Processed net hash/ofifo1_req_r1_reg[5].  Did not re-place instance hash/in1_butt[5]_i_2/O
INFO: [Physopt 32-662] Processed net hash/samp1_q[2]_i_3_n_0.  Did not re-place instance hash/samp1_q[2]_i_3/O
INFO: [Physopt 32-662] Processed net hash/samp2_q[2]_i_4_2.  Did not re-place instance hash/samp2_q[1]_i_1/O
INFO: [Physopt 32-662] Processed net hash/ofifo1_req_r1_reg[6].  Did not re-place instance hash/in1_butt[6]_i_2/O
INFO: [Physopt 32-662] Processed net hash/in1_butt[6]_i_3_n_0.  Did not re-place instance hash/in1_butt[6]_i_3/O
INFO: [Physopt 32-662] Processed net hash/samp3_q[2]_i_5_n_0.  Did not re-place instance hash/samp3_q[2]_i_5/O
INFO: [Physopt 32-662] Processed net hash/ofifo1_req_r1_reg[13].  Did not re-place instance hash/in1_butt[15]_i_4/O
INFO: [Physopt 32-662] Processed net hash/samp3_q[11]_i_2_n_0.  Did not re-place instance hash/samp3_q[11]_i_2/O
INFO: [Physopt 32-662] Processed net hash/samp3_q[11]_i_3_0.  Did not re-place instance hash/samp3_q[11]_i_1/O
INFO: [Physopt 32-662] Processed net hash/samp0_q[2]_i_5_n_0.  Did not re-place instance hash/samp0_q[2]_i_5/O
INFO: [Physopt 32-662] Processed net hash/ofifo1_req_r1_reg[11].  Did not re-place instance hash/in1_butt[11]_i_2/O
INFO: [Physopt 32-662] Processed net hash/samp1_q[2]_i_2_n_0.  Did not re-place instance hash/samp1_q[2]_i_2/O
INFO: [Physopt 32-662] Processed net hash/NTT_din[24].  Did not re-place instance hash/samp1_q[11]_i_4/O
INFO: [Physopt 32-662] Processed net ntt/ctrl_butt_reg_n_0_[1]_repN.  Did not re-place instance ntt/ctrl_butt_reg[1]_replica/Q
INFO: [Physopt 32-662] Processed net ntt/BU/sum_in0_reg[7]_i_7_n_0.  Did not re-place instance ntt/BU/sum_in0_reg[7]_i_7/O
INFO: [Physopt 32-662] Processed net ntt/BU/sum_in0_reg[9]_i_1_n_0.  Did not re-place instance ntt/BU/sum_in0_reg[9]_i_1/O
INFO: [Physopt 32-661] Optimized 2 nets.  Re-placed 5 instances.
INFO: [Physopt 32-775] End 1 Pass. Optimized 2 nets or cells. Created 0 new cell, deleted 0 existing cell and moved 5 existing cells
INFO: [Physopt 32-619] Estimated Timing Summary | WNS=-0.519 | TNS=-7.427 |
Netlist sorting complete. Time (s): cpu = 00:00:00 ; elapsed = 00:00:00.006 . Memory (MB): peak = 1863.609 ; gain = 0.000
Phase 16 Multi Cell Placement Optimization | Checksum: 185be64c9

Time (s): cpu = 00:04:21 ; elapsed = 00:02:59 . Memory (MB): peak = 1863.609 ; gain = 0.000

Phase 17 Rewire
INFO: [Physopt 32-246] Starting Signal Push optimization...
INFO: [Physopt 32-77] Pass 1. Identified 2 candidate nets for rewire optimization.
INFO: [Physopt 32-134] Processed net hash/ofifo1_req_r1_reg[5]_repN_1. Rewiring did not optimize the net.
INFO: [Physopt 32-134] Processed net hash/samp1_q[11]_i_3_n_0. Rewiring did not optimize the net.
INFO: [Physopt 32-232] Optimized 0 net. Created 0 new instance.
INFO: [Physopt 32-775] End 1 Pass. Optimized 0 net or cell. Created 0 new cell, deleted 0 existing cell and moved 0 existing cell
Netlist sorting complete. Time (s): cpu = 00:00:00 ; elapsed = 00:00:00.009 . Memory (MB): peak = 1863.609 ; gain = 0.000
Netlist sorting complete. Time (s): cpu = 00:00:00 ; elapsed = 00:00:00.006 . Memory (MB): peak = 1863.609 ; gain = 0.000
Phase 17 Rewire | Checksum: 16a1f3d32

Time (s): cpu = 00:04:21 ; elapsed = 00:02:59 . Memory (MB): peak = 1863.609 ; gain = 0.000

Phase 18 Critical Cell Optimization
INFO: [Physopt 32-46] Identified 10 candidate nets for critical-cell optimization.
INFO: [Physopt 32-572] Net hash/ofifo1_req_r1_reg[4] was not replicated.
Resolution: phys_opt_design can be forced to replicate a net driver using the option -force_replication_on_nets <list of net objects>.
INFO: [Physopt 32-572] Net hash/samp0_q[1]_i_5_n_0 was not replicated.
Resolution: phys_opt_design can be forced to replicate a net driver using the option -force_replication_on_nets <list of net objects>.
INFO: [Physopt 32-572] Net hash/ofifo1_req_r1_reg[9] was not replicated.
Resolution: phys_opt_design can be forced to replicate a net driver using the option -force_replication_on_nets <list of net objects>.
INFO: [Physopt 32-572] Net hash/samp0_q[1]_i_2_n_0 was not replicated.
Resolution: phys_opt_design can be forced to replicate a net driver using the option -force_replication_on_nets <list of net objects>.
INFO: [Physopt 32-572] Net hash/ofifo1_req_r1_reg[3] was not replicated.
Resolution: phys_opt_design can be forced to replicate a net driver using the option -force_replication_on_nets <list of net objects>.
INFO: [Physopt 32-572] Net hash/samp1_q[2]_i_7_n_0 was not replicated.
Resolution: phys_opt_design can be forced to replicate a net driver using the option -force_replication_on_nets <list of net objects>.
INFO: [Physopt 32-572] Net hash/samp0_q[2]_i_4_n_0 was not replicated.
Resolution: phys_opt_design can be forced to replicate a net driver using the option -force_replication_on_nets <list of net objects>.
INFO: [Physopt 32-572] Net hash/in1_butt[5]_i_3_n_0 was not replicated.
Resolution: phys_opt_design can be forced to replicate a net driver using the option -force_replication_on_nets <list of net objects>.
INFO: [Physopt 32-572] Net hash/ofifo1_req_r1_reg[5]_repN_1 was not replicated.
Resolution: phys_opt_design can be forced to replicate a net driver using the option -force_replication_on_nets <list of net objects>.
INFO: [Physopt 32-232] Optimized 0 net. Created 0 new instance.
INFO: [Physopt 32-775] End 1 Pass. Optimized 0 net or cell. Created 0 new cell, deleted 0 existing cell and moved 0 existing cell
Netlist sorting complete. Time (s): cpu = 00:00:00 ; elapsed = 00:00:00.011 . Memory (MB): peak = 1863.609 ; gain = 0.000
Phase 18 Critical Cell Optimization | Checksum: 125d01d9b

Time (s): cpu = 00:04:25 ; elapsed = 00:03:02 . Memory (MB): peak = 1863.609 ; gain = 0.000

Phase 19 DSP Register Optimization
INFO: [Physopt 32-456] No candidate cells for DSP register optimization found in the design.
INFO: [Physopt 32-775] End 1 Pass. Optimized 0 net or cell. Created 0 new cell, deleted 0 existing cell and moved 0 existing cell
Phase 19 DSP Register Optimization | Checksum: 125d01d9b

Time (s): cpu = 00:04:25 ; elapsed = 00:03:02 . Memory (MB): peak = 1863.609 ; gain = 0.000

Phase 20 BRAM Register Optimization
INFO: [Physopt 32-526] No candidate cells for BRAM register optimization found in the design
INFO: [Physopt 32-775] End 1 Pass. Optimized 0 net or cell. Created 0 new cell, deleted 0 existing cell and moved 0 existing cell
Phase 20 BRAM Register Optimization | Checksum: 125d01d9b

Time (s): cpu = 00:04:25 ; elapsed = 00:03:02 . Memory (MB): peak = 1863.609 ; gain = 0.000

Phase 21 URAM Register Optimization
INFO: [Physopt 32-846] No candidate cells for URAM register optimization found in the design
INFO: [Physopt 32-775] End 1 Pass. Optimized 0 net or cell. Created 0 new cell, deleted 0 existing cell and moved 0 existing cell
INFO: [Physopt 32-846] No candidate cells for URAM register optimization found in the design
INFO: [Physopt 32-775] End 1 Pass. Optimized 0 net or cell. Created 0 new cell, deleted 0 existing cell and moved 0 existing cell
Phase 21 URAM Register Optimization | Checksum: 125d01d9b

Time (s): cpu = 00:04:25 ; elapsed = 00:03:02 . Memory (MB): peak = 1863.609 ; gain = 0.000

Phase 22 Shift Register Optimization
INFO: [Physopt 32-1401] No candidate cells found for Shift Register optimization.
INFO: [Physopt 32-677] No candidate cells for Shift Register optimization found in the design
INFO: [Physopt 32-775] End 1 Pass. Optimized 0 net or cell. Created 0 new cell, deleted 0 existing cell and moved 0 existing cell
Phase 22 Shift Register Optimization | Checksum: 125d01d9b

Time (s): cpu = 00:04:25 ; elapsed = 00:03:02 . Memory (MB): peak = 1863.609 ; gain = 0.000

Phase 23 DSP Register Optimization
INFO: [Physopt 32-456] No candidate cells for DSP register optimization found in the design.
INFO: [Physopt 32-775] End 1 Pass. Optimized 0 net or cell. Created 0 new cell, deleted 0 existing cell and moved 0 existing cell
Phase 23 DSP Register Optimization | Checksum: 125d01d9b

Time (s): cpu = 00:04:25 ; elapsed = 00:03:02 . Memory (MB): peak = 1863.609 ; gain = 0.000

Phase 24 BRAM Register Optimization
INFO: [Physopt 32-526] No candidate cells for BRAM register optimization found in the design
INFO: [Physopt 32-775] End 1 Pass. Optimized 0 net or cell. Created 0 new cell, deleted 0 existing cell and moved 0 existing cell
Phase 24 BRAM Register Optimization | Checksum: 125d01d9b

Time (s): cpu = 00:04:25 ; elapsed = 00:03:02 . Memory (MB): peak = 1863.609 ; gain = 0.000

Phase 25 URAM Register Optimization
INFO: [Physopt 32-846] No candidate cells for URAM register optimization found in the design
INFO: [Physopt 32-775] End 1 Pass. Optimized 0 net or cell. Created 0 new cell, deleted 0 existing cell and moved 0 existing cell
INFO: [Physopt 32-846] No candidate cells for URAM register optimization found in the design
INFO: [Physopt 32-775] End 1 Pass. Optimized 0 net or cell. Created 0 new cell, deleted 0 existing cell and moved 0 existing cell
Phase 25 URAM Register Optimization | Checksum: 125d01d9b

Time (s): cpu = 00:04:25 ; elapsed = 00:03:02 . Memory (MB): peak = 1863.609 ; gain = 0.000

Phase 26 Shift Register Optimization
INFO: [Physopt 32-1401] No candidate cells found for Shift Register optimization.
INFO: [Physopt 32-677] No candidate cells for Shift Register optimization found in the design
INFO: [Physopt 32-775] End 1 Pass. Optimized 0 net or cell. Created 0 new cell, deleted 0 existing cell and moved 0 existing cell
Phase 26 Shift Register Optimization | Checksum: 125d01d9b

Time (s): cpu = 00:04:25 ; elapsed = 00:03:02 . Memory (MB): peak = 1863.609 ; gain = 0.000

Phase 27 Critical Pin Optimization
INFO: [Physopt 32-606] Identified 36 candidate nets for critical-pin optimization.
INFO: [Physopt 32-608] Optimized 11 nets.  Swapped 247 pins.
INFO: [Physopt 32-775] End 1 Pass. Optimized 11 nets or cells. Created 0 new cell, deleted 0 existing cell and moved 247 existing cells
INFO: [Physopt 32-619] Estimated Timing Summary | WNS=-0.298 | TNS=-2.354 |
Netlist sorting complete. Time (s): cpu = 00:00:00 ; elapsed = 00:00:00.009 . Memory (MB): peak = 1863.609 ; gain = 0.000
Phase 27 Critical Pin Optimization | Checksum: 125d01d9b

Time (s): cpu = 00:04:25 ; elapsed = 00:03:02 . Memory (MB): peak = 1863.609 ; gain = 0.000

Phase 28 Very High Fanout Optimization
INFO: [Physopt 32-1408] Pass 1. Identified 7 candidate nets for high-fanout optimization.
INFO: [Physopt 32-572] Net hash/hash/RoundFunction/Reg/pad_flag_reg was not replicated.
Resolution: phys_opt_design can be forced to replicate a net driver using the option -force_replication_on_nets <list of net objects>.
INFO: [Physopt 32-572] Net hash/hash/FSM/FSM_sequential_STATE_reg[0]_2[0] was not replicated.
Resolution: phys_opt_design can be forced to replicate a net driver using the option -force_replication_on_nets <list of net objects>.
INFO: [Physopt 32-572] Net hash/hash/FSM/FSM_sequential_STATE_reg[1]_1[0] was not replicated.
Resolution: phys_opt_design can be forced to replicate a net driver using the option -force_replication_on_nets <list of net objects>.
INFO: [Physopt 32-232] Optimized 0 net. Created 0 new instance.
INFO: [Physopt 32-775] End 1 Pass. Optimized 0 net or cell. Created 0 new cell, deleted 0 existing cell and moved 0 existing cell
Netlist sorting complete. Time (s): cpu = 00:00:00 ; elapsed = 00:00:00.019 . Memory (MB): peak = 1863.609 ; gain = 0.000
Phase 28 Very High Fanout Optimization | Checksum: 1d139589a

Time (s): cpu = 00:04:39 ; elapsed = 00:03:12 . Memory (MB): peak = 1863.609 ; gain = 0.000

Phase 29 Single Cell Placement Optimization
INFO: [Physopt 32-660] Identified 250 candidate nets for placement-based optimization.
INFO: [Physopt 32-662] Processed net hash/samp0_q[2]_i_6_n_0.  Did not re-place instance hash/samp0_q[2]_i_6
INFO: [Physopt 32-662] Processed net hash/ofifo1_req_r1_reg[0].  Did not re-place instance hash/in1_butt[0]_i_2
INFO: [Physopt 32-662] Processed net hash/samp0_q[1]_i_4_n_0.  Did not re-place instance hash/samp0_q[1]_i_4
INFO: [Physopt 32-662] Processed net hash/in1_butt[0]_i_3_n_0.  Did not re-place instance hash/in1_butt[0]_i_3
INFO: [Physopt 32-662] Processed net hash/samp0_q[2]_i_1_0.  Did not re-place instance hash/samp0_q[1]_i_1
INFO: [Physopt 32-662] Processed net ntt/samp0_q[1].  Did not re-place instance ntt/samp0_q_reg[1]
INFO: [Physopt 32-662] Processed net hash/samp0_q[2]_i_2_n_0.  Did not re-place instance hash/samp0_q[2]_i_2
INFO: [Physopt 32-662] Processed net hash/samp0_q[2]_i_7_0.  Did not re-place instance hash/samp0_q[2]_i_1
INFO: [Physopt 32-662] Processed net hash/samp2_q[2]_i_5_n_0.  Did not re-place instance hash/samp2_q[2]_i_5
INFO: [Physopt 32-663] Processed net hash/ofifo1_req_r1_reg[16].  Re-placed instance hash/in1_butt[18]_i_3
INFO: [Physopt 32-662] Processed net hash/samp2_q[11]_i_2_n_0.  Did not re-place instance hash/samp2_q[11]_i_2
INFO: [Physopt 32-662] Processed net hash/samp2_q[11]_i_3_0.  Did not re-place instance hash/samp2_q[11]_i_1
INFO: [Physopt 32-662] Processed net ntt/samp2_q[11].  Did not re-place instance ntt/samp2_q_reg[11]
INFO: [Physopt 32-662] Processed net hash/samp1_q[2]_i_5_n_0.  Did not re-place instance hash/samp1_q[2]_i_5
INFO: [Physopt 32-662] Processed net hash/ofifo1_req_r1_reg[7].  Did not re-place instance hash/in1_butt[7]_i_2
INFO: [Physopt 32-662] Processed net hash/samp1_q[2]_i_7_n_0.  Did not re-place instance hash/samp1_q[2]_i_7
INFO: [Physopt 32-662] Processed net hash/in1_butt[7]_i_3_n_0.  Did not re-place instance hash/in1_butt[7]_i_3
INFO: [Physopt 32-662] Processed net hash/samp1_q[2]_i_2_3.  Did not re-place instance hash/samp1_q[11]_i_1
INFO: [Physopt 32-662] Processed net ntt/samp1_q[11].  Did not re-place instance ntt/samp1_q_reg[11]
INFO: [Physopt 32-662] Processed net hash/p_1_in0.  Did not re-place instance hash/samp0_q[11]_i_1
INFO: [Physopt 32-662] Processed net ntt/samp0_q[11].  Did not re-place instance ntt/samp0_q_reg[11]
INFO: [Physopt 32-662] Processed net hash/samp0_q[2]_i_4_n_0.  Did not re-place instance hash/samp0_q[2]_i_4
INFO: [Physopt 32-662] Processed net hash/in1_butt[5]_i_3_n_0.  Did not re-place instance hash/in1_butt[5]_i_3
INFO: [Physopt 32-662] Processed net hash/ofifo1_req_r1_reg[5]_repN_1.  Did not re-place instance hash/in1_butt[5]_i_2_replica_1
INFO: [Physopt 32-662] Processed net hash/ofifo1_req_r1_reg[5].  Did not re-place instance hash/in1_butt[5]_i_2
INFO: [Physopt 32-663] Processed net hash/ofifo1_req_r1_reg[4].  Re-placed instance hash/in1_butt[4]_i_3
INFO: [Physopt 32-662] Processed net hash/samp0_q[2]_i_7_n_0.  Did not re-place instance hash/samp0_q[2]_i_7
INFO: [Physopt 32-662] Processed net hash/samp1_q[2]_i_3_n_0.  Did not re-place instance hash/samp1_q[2]_i_3
INFO: [Physopt 32-662] Processed net hash/samp0_q[2]_i_3_n_0.  Did not re-place instance hash/samp0_q[2]_i_3
INFO: [Physopt 32-662] Processed net hash/ofifo1_req_r1_reg[1].  Did not re-place instance hash/in1_butt[1]_i_2
INFO: [Physopt 32-662] Processed net hash/samp0_q[1]_i_5_n_0.  Did not re-place instance hash/samp0_q[1]_i_5
INFO: [Physopt 32-662] Processed net hash/in1_butt[1]_i_3_n_0.  Did not re-place instance hash/in1_butt[1]_i_3
INFO: [Physopt 32-662] Processed net hash/samp1_q[2]_i_3_0.  Did not re-place instance hash/samp1_q[0]_i_1
INFO: [Physopt 32-662] Processed net ntt/samp1_q[0].  Did not re-place instance ntt/samp1_q_reg[0]
INFO: [Physopt 32-662] Processed net hash/samp1_q[2]_i_2_2.  Did not re-place instance hash/samp1_q[1]_i_1
INFO: [Physopt 32-662] Processed net ntt/samp1_q[1].  Did not re-place instance ntt/samp1_q_reg[1]
INFO: [Physopt 32-663] Processed net hash/ofifo1_req_r1_reg[9].  Re-placed instance hash/in1_butt[9]_i_2
INFO: [Physopt 32-662] Processed net hash/samp1_q[2]_i_6_n_0.  Did not re-place instance hash/samp1_q[2]_i_6
INFO: [Physopt 32-662] Processed net hash/in1_butt[9]_i_4_n_0.  Did not re-place instance hash/in1_butt[9]_i_4
INFO: [Physopt 32-662] Processed net hash/samp1_q[2]_i_2_1.  Did not re-place instance hash/samp1_q[7]_i_1
INFO: [Physopt 32-662] Processed net ntt/samp1_q[7].  Did not re-place instance ntt/samp1_q_reg[7]
INFO: [Physopt 32-662] Processed net hash/ofifo1_req_r1_reg[6].  Did not re-place instance hash/in1_butt[6]_i_2
INFO: [Physopt 32-662] Processed net hash/in1_butt[6]_i_3_n_0.  Did not re-place instance hash/in1_butt[6]_i_3
INFO: [Physopt 32-662] Processed net hash/samp1_q[2]_i_6_0.  Did not re-place instance hash/samp1_q[2]_i_1
INFO: [Physopt 32-662] Processed net ntt/samp1_q[2].  Did not re-place instance ntt/samp1_q_reg[2]
INFO: [Physopt 32-662] Processed net hash/samp1_q[2]_i_2_0.  Did not re-place instance hash/samp1_q[8]_i_1
INFO: [Physopt 32-662] Processed net ntt/samp1_q[8].  Did not re-place instance ntt/samp1_q_reg[8]
INFO: [Physopt 32-662] Processed net hash/samp0_q[1]_i_2_n_0.  Did not re-place instance hash/samp0_q[1]_i_2
INFO: [Physopt 32-662] Processed net hash/samp3_q[2]_i_5_n_0.  Did not re-place instance hash/samp3_q[2]_i_5
INFO: [Physopt 32-662] Processed net hash/ofifo1_req_r1_reg[13].  Did not re-place instance hash/in1_butt[15]_i_4
INFO: [Physopt 32-662] Processed net hash/samp3_q[11]_i_2_n_0.  Did not re-place instance hash/samp3_q[11]_i_2
INFO: [Physopt 32-662] Processed net hash/samp3_q[11]_i_3_0.  Did not re-place instance hash/samp3_q[11]_i_1
INFO: [Physopt 32-662] Processed net ntt/samp3_q[11].  Did not re-place instance ntt/samp3_q_reg[11]
INFO: [Physopt 32-662] Processed net hash/samp0_q[2]_i_2_2.  Did not re-place instance hash/samp0_q[0]_i_1
INFO: [Physopt 32-662] Processed net ntt/samp0_q[0].  Did not re-place instance ntt/samp0_q_reg[0]
INFO: [Physopt 32-662] Processed net hash/samp0_q[1]_i_3_n_0.  Did not re-place instance hash/samp0_q[1]_i_3
INFO: [Physopt 32-662] Processed net hash/in1_butt[4]_i_4_n_0.  Did not re-place instance hash/in1_butt[4]_i_4
INFO: [Physopt 32-662] Processed net hash/ofifo1_req_r1_reg[3].  Did not re-place instance hash/in1_butt[3]_i_2
INFO: [Physopt 32-662] Processed net hash/ofifo1_req_r1_reg[11].  Did not re-place instance hash/in1_butt[11]_i_2
INFO: [Physopt 32-662] Processed net hash/samp1_q[2]_i_4_n_0.  Did not re-place instance hash/samp1_q[2]_i_4
INFO: [Physopt 32-662] Processed net hash/samp1_q[11]_i_2_n_0.  Did not re-place instance hash/samp1_q[11]_i_2
INFO: [Physopt 32-662] Processed net hash/samp1_q[2]_i_2_n_0.  Did not re-place instance hash/samp1_q[2]_i_2
INFO: [Physopt 32-662] Processed net hash/samp0_q[2]_i_2_0.  Did not re-place instance hash/samp0_q[8]_i_1
INFO: [Physopt 32-662] Processed net ntt/samp0_q[8].  Did not re-place instance ntt/samp0_q_reg[8]
INFO: [Physopt 32-662] Processed net hash/samp0_q[2]_i_2_1.  Did not re-place instance hash/samp0_q[7]_i_1
INFO: [Physopt 32-662] Processed net ntt/samp0_q[7].  Did not re-place instance ntt/samp0_q_reg[7]
INFO: [Physopt 32-662] Processed net hash/samp2_q[11]_i_3_n_0.  Did not re-place instance hash/samp2_q[11]_i_3
INFO: [Physopt 32-662] Processed net hash/NTT_din[24].  Did not re-place instance hash/samp1_q[11]_i_4
INFO: [Physopt 32-662] Processed net ntt/ctrl_butt_reg_n_0_[1]_repN.  Did not re-place instance ntt/ctrl_butt_reg[1]_replica
INFO: [Physopt 32-662] Processed net ntt/BU/sum_in0_reg[7]_i_7_n_0.  Did not re-place instance ntt/BU/sum_in0_reg[7]_i_7
INFO: [Physopt 32-662] Processed net ntt/BU/sum_in0_reg[3]_i_5_n_0.  Did not re-place instance ntt/BU/sum_in0_reg[3]_i_5
INFO: [Physopt 32-662] Processed net ntt/BU/sum_in0_reg[7]_i_11_n_0.  Did not re-place instance ntt/BU/sum_in0_reg[7]_i_11
INFO: [Physopt 32-662] Processed net ntt/BU/sum_in0_reg[9]_i_1_n_0.  Did not re-place instance ntt/BU/sum_in0_reg[9]_i_1
INFO: [Physopt 32-662] Processed net ntt/BU/sum_in0_reg[9].  Did not re-place instance ntt/BU/sum_in0_reg_reg[9]
INFO: [Physopt 32-662] Processed net hash/in1_butt[3]_i_3_n_0.  Did not re-place instance hash/in1_butt[3]_i_3
INFO: [Physopt 32-662] Processed net ntt/samp0_q[2].  Did not re-place instance ntt/samp0_q_reg[2]
INFO: [Physopt 32-663] Processed net hash/fifo0_i_59_n_0.  Re-placed instance hash/fifo0_i_59
INFO: [Physopt 32-663] Processed net hash/ififo_din[25].  Re-placed instance hash/fifo0_i_9
INFO: [Physopt 32-663] Processed net ntt/ctr_group[6]_i_1_n_0.  Re-placed instance ntt/ctr_group[6]_i_1
INFO: [Physopt 32-662] Processed net ntt/ctr_j[5]_i_14_n_0.  Did not re-place instance ntt/ctr_j[5]_i_14
INFO: [Physopt 32-663] Processed net ntt/ctr_i_reg_n_0_[0].  Re-placed instance ntt/ctr_i_reg[0]
INFO: [Physopt 32-663] Processed net ntt/ctr_j[5]_i_9_n_0.  Re-placed instance ntt/ctr_j[5]_i_9
INFO: [Physopt 32-662] Processed net ntt/ctr_group[6]_i_6_n_0.  Did not re-place instance ntt/ctr_group[6]_i_6
INFO: [Physopt 32-662] Processed net ntt/ctr_j[5]_i_20_n_0.  Did not re-place instance ntt/ctr_j[5]_i_20
INFO: [Physopt 32-663] Processed net ntt/ctr_group_reg_n_0_[0].  Re-placed instance ntt/ctr_group_reg[0]
INFO: [Common 17-14] Message 'Physopt 32-663' appears 100 times and further instances of the messages will be disabled. Use the Tcl command set_msg_config to change the current settings.
INFO: [Physopt 32-662] Processed net hash/ofifo1_req_r1_reg[19].  Did not re-place instance hash/in1_butt[21]_i_4
INFO: [Physopt 32-662] Processed net hash/samp2_q[2]_i_2_n_0.  Did not re-place instance hash/samp2_q[2]_i_2
INFO: [Physopt 32-662] Processed net equal_reg_n_0.  Did not re-place instance equal_reg
INFO: [Physopt 32-662] Processed net ntt/CCA_enc_reg.  Did not re-place instance ntt/equal_i_1
INFO: [Physopt 32-662] Processed net ntt/equal_i_11_n_0.  Did not re-place instance ntt/equal_i_11
INFO: [Physopt 32-662] Processed net ntt/equal_i_19_n_0.  Did not re-place instance ntt/equal_i_19
INFO: [Physopt 32-662] Processed net ntt/equal_i_22_n_0.  Did not re-place instance ntt/equal_i_22
INFO: [Physopt 32-662] Processed net hash/ififo_din[17].  Did not re-place instance hash/fifo0_i_17
INFO: [Physopt 32-662] Processed net hash/samp2_q[2]_i_4_0.  Did not re-place instance hash/samp2_q[8]_i_1
INFO: [Physopt 32-662] Processed net ntt/samp2_q[8].  Did not re-place instance ntt/samp2_q_reg[8]
INFO: [Physopt 32-662] Processed net hash/samp2_q[2]_i_4_1.  Did not re-place instance hash/samp2_q[7]_i_1
INFO: [Physopt 32-662] Processed net ntt/samp2_q[7].  Did not re-place instance ntt/samp2_q_reg[7]
INFO: [Physopt 32-662] Processed net ntt/in1_butt[19].  Did not re-place instance ntt/in1_butt[19]_i_1
INFO: [Physopt 32-662] Processed net ntt/in1_butt_reg_n_0_[19].  Did not re-place instance ntt/in1_butt_reg[19]
INFO: [Physopt 32-662] Processed net hash/samp2_q[2]_i_4_2.  Did not re-place instance hash/samp2_q[1]_i_1
INFO: [Physopt 32-662] Processed net ntt/samp2_q[1].  Did not re-place instance ntt/samp2_q_reg[1]
INFO: [Physopt 32-662] Processed net hash/ififo_din[9].  Did not re-place instance hash/fifo0_i_25
INFO: [Physopt 32-662] Processed net hash/samp0_q[2]_i_5_n_0.  Did not re-place instance hash/samp0_q[2]_i_5
INFO: [Physopt 32-662] Processed net hash/ififo_din[12].  Did not re-place instance hash/fifo0_i_22
INFO: [Physopt 32-662] Processed net hash/fifo0_i_121_n_0.  Did not re-place instance hash/fifo0_i_121
INFO: [Physopt 32-662] Processed net hash/fifo0_i_187_n_0.  Did not re-place instance hash/fifo0_i_187
INFO: [Physopt 32-662] Processed net hash/ififo_din[8].  Did not re-place instance hash/fifo0_i_26
INFO: [Physopt 32-662] Processed net hash/hash/RoundFunction/Reg/p_2_in[1584].  Did not re-place instance hash/hash/RoundFunction/Reg/Q_buf[1584]_i_1
INFO: [Physopt 32-662] Processed net hash/hash/RoundFunction/Reg/Q[1584].  Did not re-place instance hash/hash/RoundFunction/Reg/Q_buf_reg[1584]
INFO: [Physopt 32-662] Processed net OFIFO/U0/inst_fifo_gen/gconvfifo.rf/grf.rf/gntv_or_sync_fifo.gl0.wr/gwss.wsts/E[0].  Did not re-place instance OFIFO/U0/inst_fifo_gen/gconvfifo.rf/grf.rf/gntv_or_sync_fifo.gl0.wr/gwss.wsts/gbm.gbmg.gbmga.ngecc.bmg_i_1
INFO: [Physopt 32-662] Processed net encode/wr_en.  Did not re-place instance encode/OFIFO_i_35
INFO: [Physopt 32-662] Processed net encode/OFIFO_din2.  Did not re-place instance encode/OFIFO_i_74
INFO: [Physopt 32-662] Processed net hash/fifo0_i_90_n_0.  Did not re-place instance hash/fifo0_i_90
INFO: [Physopt 32-662] Processed net hash/fifo0_i_138_n_0.  Did not re-place instance hash/fifo0_i_138
INFO: [Physopt 32-662] Processed net hash/fifo0_i_205_n_0.  Did not re-place instance hash/fifo0_i_205
INFO: [Physopt 32-662] Processed net hash/samp3_q[2]_i_6_n_0.  Did not re-place instance hash/samp3_q[2]_i_6
INFO: [Physopt 32-662] Processed net hash/samp3_q[2]_i_2_0.  Did not re-place instance hash/samp3_q[0]_i_1
INFO: [Physopt 32-662] Processed net ntt/samp3_q[0].  Did not re-place instance ntt/samp3_q_reg[0]
INFO: [Physopt 32-662] Processed net ntt/equal_i_10_n_0.  Did not re-place instance ntt/equal_i_10
INFO: [Physopt 32-662] Processed net ntt/equal_i_18_n_0.  Did not re-place instance ntt/equal_i_18
INFO: [Physopt 32-662] Processed net ntt/equal_i_21_n_0.  Did not re-place instance ntt/equal_i_21
INFO: [Physopt 32-662] Processed net hash/fifo0_i_139_n_0.  Did not re-place instance hash/fifo0_i_139
INFO: [Physopt 32-662] Processed net hash/fifo0_i_206_n_0.  Did not re-place instance hash/fifo0_i_206
INFO: [Physopt 32-662] Processed net hash/ififo_din[0].  Did not re-place instance hash/fifo0_i_34
INFO: [Physopt 32-662] Processed net ntt/BU/sum_in0_reg[11]_i_13_n_0.  Did not re-place instance ntt/BU/sum_in0_reg[11]_i_13
INFO: [Physopt 32-662] Processed net ntt/equal_i_12_n_0.  Did not re-place instance ntt/equal_i_12
INFO: [Physopt 32-662] Processed net ntt/equal_i_23_n_0.  Did not re-place instance ntt/equal_i_23
INFO: [Physopt 32-662] Processed net hash/fifo0_i_173_n_0.  Did not re-place instance hash/fifo0_i_173
INFO: [Physopt 32-662] Processed net state[0]_repN_1.  Did not re-place instance state_reg[0]_replica_1
INFO: [Physopt 32-662] Processed net hash/ififo_din[13].  Did not re-place instance hash/fifo0_i_21
INFO: [Physopt 32-662] Processed net hash/in1_butt[2]_i_3_n_0.  Did not re-place instance hash/in1_butt[2]_i_3
INFO: [Physopt 32-662] Processed net ntt/BU/sum_in0_reg[3]_i_8_n_0.  Did not re-place instance ntt/BU/sum_in0_reg[3]_i_8
INFO: [Physopt 32-662] Processed net ntt/rdata_RAM_mux0[8].  Did not re-place instance ntt/rdata_RAM_mux0_r1[8]_i_1
INFO: [Physopt 32-662] Processed net ntt/BU/sum_in0_reg[11]_i_12_n_0.  Did not re-place instance ntt/BU/sum_in0_reg[11]_i_12
INFO: [Physopt 32-662] Processed net hash/samp3_q[2]_i_3_n_0.  Did not re-place instance hash/samp3_q[2]_i_3
INFO: [Physopt 32-662] Processed net hash/samp3_q[2]_i_4_1.  Did not re-place instance hash/samp3_q[7]_i_1
INFO: [Physopt 32-662] Processed net ntt/samp3_q[7].  Did not re-place instance ntt/samp3_q_reg[7]
INFO: [Physopt 32-662] Processed net hash/D[1].  Did not re-place instance hash/state[1]_i_1__2
INFO: [Physopt 32-662] Processed net hash/state[1]_i_18__0_n_0.  Did not re-place instance hash/state[1]_i_18__0
INFO: [Physopt 32-662] Processed net ntt/state[1]_i_9_n_0.  Did not re-place instance ntt/state[1]_i_9
INFO: [Physopt 32-662] Processed net ntt/state_reg[1]_1.  Did not re-place instance ntt/state[1]_i_3__0
INFO: [Physopt 32-662] Processed net hash/ofifo1_req_r1_reg[14].  Did not re-place instance hash/in1_butt[16]_i_4
INFO: [Physopt 32-662] Processed net hash/samp3_q[2]_i_7_0.  Did not re-place instance hash/samp3_q[2]_i_1
INFO: [Physopt 32-662] Processed net ntt/samp3_q[2].  Did not re-place instance ntt/samp3_q_reg[2]
INFO: [Physopt 32-662] Processed net hash/ififo_din[4].  Did not re-place instance hash/fifo0_i_30
INFO: [Physopt 32-662] Processed net ntt/rdata_RAM_mux0_r1[5].  Did not re-place instance ntt/rdata_RAM_mux0_r1_reg[5]
INFO: [Physopt 32-662] Processed net hash/samp2_q[2]_i_6_n_0.  Did not re-place instance hash/samp2_q[2]_i_6
INFO: [Physopt 32-662] Processed net hash/samp2_q[2]_i_7_0.  Did not re-place instance hash/samp2_q[2]_i_1
INFO: [Physopt 32-662] Processed net ntt/samp2_q[2].  Did not re-place instance ntt/samp2_q_reg[2]
INFO: [Physopt 32-662] Processed net ntt/BU/sum_in0_reg[3]_i_12_n_0.  Did not re-place instance ntt/BU/sum_in0_reg[3]_i_12
INFO: [Physopt 32-662] Processed net ntt/ctr_j[5]_i_19_n_0.  Did not re-place instance ntt/ctr_j[5]_i_19
INFO: [Physopt 32-662] Processed net ntt/ctr_k_reg_n_0_[1].  Did not re-place instance ntt/ctr_k_reg[1]
INFO: [Physopt 32-662] Processed net ntt/ctr_i[6]_i_3_n_0.  Did not re-place instance ntt/ctr_i[6]_i_3
INFO: [Physopt 32-662] Processed net hash/ififo_din[20].  Did not re-place instance hash/fifo0_i_14
INFO: [Physopt 32-662] Processed net ntt/BU/sum_in0_reg[11]_i_1_n_0.  Did not re-place instance ntt/BU/sum_in0_reg[11]_i_1
INFO: [Physopt 32-662] Processed net ntt/BU/sum_in0_reg[11].  Did not re-place instance ntt/BU/sum_in0_reg_reg[11]
INFO: [Physopt 32-662] Processed net hash/ofifo1_req_r1_reg[17].  Did not re-place instance hash/in1_butt[19]_i_3
INFO: [Physopt 32-662] Processed net encode/OFIFO_i_38_n_0.  Did not re-place instance encode/OFIFO_i_38
INFO: [Physopt 32-662] Processed net ntt/rdata_RAM_mux0[10].  Did not re-place instance ntt/rdata_RAM_mux0_r1[10]_i_1
INFO: [Physopt 32-662] Processed net ntt/rdata_RAM_mux0_r1[10]_i_2_n_0.  Did not re-place instance ntt/rdata_RAM_mux0_r1[10]_i_2
INFO: [Physopt 32-662] Processed net hash/samp3_q[2]_i_2_n_0.  Did not re-place instance hash/samp3_q[2]_i_2
INFO: [Physopt 32-662] Processed net hash/ofifo1_req_r1_reg[22].  Did not re-place instance hash/in1_butt[22]_i_4
INFO: [Physopt 32-662] Processed net ntt/BU/sum_in0_reg[11]_i_14_n_0.  Did not re-place instance ntt/BU/sum_in0_reg[11]_i_14
INFO: [Physopt 32-662] Processed net ntt/BU/sum_in0_reg[10]_i_1_n_0.  Did not re-place instance ntt/BU/sum_in0_reg[10]_i_1
INFO: [Physopt 32-662] Processed net ntt/BU/sum_in0_reg[10].  Did not re-place instance ntt/BU/sum_in0_reg_reg[10]
INFO: [Physopt 32-662] Processed net hash/ofifo1_req_r1_reg[15].  Did not re-place instance hash/in1_butt[17]_i_3
INFO: [Physopt 32-662] Processed net ntt/in1_butt_reg_n_0_[9].  Did not re-place instance ntt/in1_butt_reg[9]
INFO: [Physopt 32-662] Processed net ntt/in1_butt[9].  Did not re-place instance ntt/in1_butt[9]_i_1
INFO: [Physopt 32-662] Processed net state[1]_repN.  Did not re-place instance state_reg[1]_replica
INFO: [Physopt 32-662] Processed net hash/samp2_q[2]_i_2_0.  Did not re-place instance hash/samp2_q[0]_i_1
INFO: [Physopt 32-662] Processed net ntt/samp2_q[0].  Did not re-place instance ntt/samp2_q_reg[0]
INFO: [Physopt 32-662] Processed net ntt/BU/sum_in0_reg[8]_i_1_n_0.  Did not re-place instance ntt/BU/sum_in0_reg[8]_i_1
INFO: [Physopt 32-662] Processed net ntt/BU/sum_in0_reg[8].  Did not re-place instance ntt/BU/sum_in0_reg_reg[8]
INFO: [Physopt 32-662] Processed net hash/fifo0_i_117_n_0.  Did not re-place instance hash/fifo0_i_117
INFO: [Physopt 32-662] Processed net hash/fifo0_i_185_n_0.  Did not re-place instance hash/fifo0_i_185
INFO: [Physopt 32-662] Processed net hash/samp1_q[11]_i_3_n_0.  Did not re-place instance hash/samp1_q[11]_i_3
INFO: [Physopt 32-662] Processed net ntt/BU/sum_in0_reg[7]_i_6_n_0.  Did not re-place instance ntt/BU/sum_in0_reg[7]_i_6
INFO: [Physopt 32-662] Processed net ntt/BU/sum_in0_reg[7]_i_10_n_0.  Did not re-place instance ntt/BU/sum_in0_reg[7]_i_10
INFO: [Physopt 32-662] Processed net hash/samp3_q[2]_i_4_2.  Did not re-place instance hash/samp3_q[1]_i_1
INFO: [Physopt 32-662] Processed net ntt/samp3_q[1].  Did not re-place instance ntt/samp3_q_reg[1]
INFO: [Physopt 32-662] Processed net ntt/BU/sum_in0_reg[11]_i_16_n_0.  Did not re-place instance ntt/BU/sum_in0_reg[11]_i_16
INFO: [Physopt 32-662] Processed net ntt/BU/sum_in0_reg[11]_i_19_n_0.  Did not re-place instance ntt/BU/sum_in0_reg[11]_i_19
INFO: [Physopt 32-662] Processed net ntt/BU/sum_in0_reg[7]_i_4_n_0.  Did not re-place instance ntt/BU/sum_in0_reg[7]_i_4
INFO: [Physopt 32-662] Processed net ntt/BU/sum_in0_reg[7]_i_8_n_0.  Did not re-place instance ntt/BU/sum_in0_reg[7]_i_8
INFO: [Physopt 32-662] Processed net hash/samp2_q[2]_i_3_n_0.  Did not re-place instance hash/samp2_q[2]_i_3
INFO: [Physopt 32-662] Processed net ntt/BU/sum_in0_reg[11]_i_17_n_0.  Did not re-place instance ntt/BU/sum_in0_reg[11]_i_17
INFO: [Physopt 32-662] Processed net ntt/rdata_RAM_mux0[11].  Did not re-place instance ntt/rdata_RAM_mux0_r1[11]_i_1
INFO: [Physopt 32-662] Processed net ntt/rdata_RAM_mux0_r1[11]_i_2_n_0.  Did not re-place instance ntt/rdata_RAM_mux0_r1[11]_i_2
INFO: [Physopt 32-662] Processed net hash/ofifo1_req_r1_reg[21].  Did not re-place instance hash/in1_butt[22]_i_3
INFO: [Physopt 32-662] Processed net hash/samp3_q[2]_i_4_0.  Did not re-place instance hash/samp3_q[8]_i_1
INFO: [Physopt 32-662] Processed net ntt/samp3_q[8].  Did not re-place instance ntt/samp3_q_reg[8]
INFO: [Physopt 32-662] Processed net ntt/in1_butt_reg_n_0_[21].  Did not re-place instance ntt/in1_butt_reg[21]
INFO: [Physopt 32-661] Optimized 67 nets.  Re-placed 67 instances.
INFO: [Physopt 32-775] End 1 Pass. Optimized 67 nets or cells. Created 0 new cell, deleted 0 existing cell and moved 67 existing cells
INFO: [Physopt 32-619] Estimated Timing Summary | WNS=-0.298 | TNS=-2.211 |
Netlist sorting complete. Time (s): cpu = 00:00:00 ; elapsed = 00:00:00.006 . Memory (MB): peak = 1863.609 ; gain = 0.000
Phase 29 Single Cell Placement Optimization | Checksum: 1ae56d9c7

Time (s): cpu = 00:04:58 ; elapsed = 00:03:24 . Memory (MB): peak = 1863.609 ; gain = 0.000

Phase 30 Multi Cell Placement Optimization
INFO: [Physopt 32-660] Identified 100 candidate nets for placement-based optimization.
INFO: [Physopt 32-662] Processed net hash/samp0_q[2]_i_6_n_0.  Did not re-place instance hash/samp0_q[2]_i_6/O
INFO: [Physopt 32-662] Processed net hash/ofifo1_req_r1_reg[0].  Did not re-place instance hash/in1_butt[0]_i_2/O
INFO: [Physopt 32-662] Processed net hash/samp0_q[1]_i_4_n_0.  Did not re-place instance hash/samp0_q[1]_i_4/O
INFO: [Physopt 32-662] Processed net hash/in1_butt[0]_i_3_n_0.  Did not re-place instance hash/in1_butt[0]_i_3/O
INFO: [Physopt 32-662] Processed net hash/samp0_q[2]_i_1_0.  Did not re-place instance hash/samp0_q[1]_i_1/O
INFO: [Physopt 32-662] Processed net hash/samp0_q[2]_i_2_n_0.  Did not re-place instance hash/samp0_q[2]_i_2/O
INFO: [Physopt 32-662] Processed net hash/samp0_q[2]_i_7_0.  Did not re-place instance hash/samp0_q[2]_i_1/O
INFO: [Physopt 32-662] Processed net hash/samp1_q[2]_i_5_n_0.  Did not re-place instance hash/samp1_q[2]_i_5/O
INFO: [Physopt 32-662] Processed net hash/ofifo1_req_r1_reg[7].  Did not re-place instance hash/in1_butt[7]_i_2/O
INFO: [Physopt 32-662] Processed net hash/samp1_q[2]_i_7_n_0.  Did not re-place instance hash/samp1_q[2]_i_7/O
INFO: [Physopt 32-662] Processed net hash/in1_butt[7]_i_3_n_0.  Did not re-place instance hash/in1_butt[7]_i_3/O
INFO: [Physopt 32-662] Processed net hash/samp1_q[2]_i_2_3.  Did not re-place instance hash/samp1_q[11]_i_1/O
INFO: [Physopt 32-662] Processed net hash/p_1_in0.  Did not re-place instance hash/samp0_q[11]_i_1/O
INFO: [Physopt 32-662] Processed net hash/samp0_q[2]_i_4_n_0.  Did not re-place instance hash/samp0_q[2]_i_4/O
INFO: [Physopt 32-662] Processed net hash/in1_butt[5]_i_3_n_0.  Did not re-place instance hash/in1_butt[5]_i_3/O
INFO: [Physopt 32-662] Processed net hash/ofifo1_req_r1_reg[5]_repN_1.  Did not re-place instance hash/in1_butt[5]_i_2_replica_1/O
INFO: [Physopt 32-662] Processed net hash/ofifo1_req_r1_reg[5].  Did not re-place instance hash/in1_butt[5]_i_2/O
INFO: [Physopt 32-662] Processed net hash/samp1_q[2]_i_3_n_0.  Did not re-place instance hash/samp1_q[2]_i_3/O
INFO: [Physopt 32-662] Processed net hash/samp0_q[2]_i_3_n_0.  Did not re-place instance hash/samp0_q[2]_i_3/O
INFO: [Physopt 32-662] Processed net hash/ofifo1_req_r1_reg[1].  Did not re-place instance hash/in1_butt[1]_i_2/O
INFO: [Physopt 32-662] Processed net hash/samp0_q[1]_i_5_n_0.  Did not re-place instance hash/samp0_q[1]_i_5/O
INFO: [Physopt 32-662] Processed net hash/in1_butt[1]_i_3_n_0.  Did not re-place instance hash/in1_butt[1]_i_3/O
INFO: [Physopt 32-662] Processed net hash/samp1_q[2]_i_3_0.  Did not re-place instance hash/samp1_q[0]_i_1/O
INFO: [Physopt 32-662] Processed net hash/samp1_q[2]_i_2_2.  Did not re-place instance hash/samp1_q[1]_i_1/O
INFO: [Physopt 32-662] Processed net hash/samp1_q[2]_i_2_1.  Did not re-place instance hash/samp1_q[7]_i_1/O
INFO: [Physopt 32-662] Processed net hash/samp1_q[2]_i_6_n_0.  Did not re-place instance hash/samp1_q[2]_i_6/O
INFO: [Physopt 32-662] Processed net hash/ofifo1_req_r1_reg[6].  Did not re-place instance hash/in1_butt[6]_i_2/O
INFO: [Physopt 32-662] Processed net hash/in1_butt[6]_i_3_n_0.  Did not re-place instance hash/in1_butt[6]_i_3/O
INFO: [Physopt 32-662] Processed net hash/samp1_q[2]_i_6_0.  Did not re-place instance hash/samp1_q[2]_i_1/O
INFO: [Physopt 32-662] Processed net hash/samp1_q[2]_i_2_0.  Did not re-place instance hash/samp1_q[8]_i_1/O
INFO: [Physopt 32-662] Processed net hash/samp0_q[1]_i_2_n_0.  Did not re-place instance hash/samp0_q[1]_i_2/O
INFO: [Physopt 32-662] Processed net hash/samp3_q[2]_i_5_n_0.  Did not re-place instance hash/samp3_q[2]_i_5/O
INFO: [Physopt 32-662] Processed net hash/ofifo1_req_r1_reg[13].  Did not re-place instance hash/in1_butt[15]_i_4/O
INFO: [Physopt 32-662] Processed net hash/samp3_q[11]_i_2_n_0.  Did not re-place instance hash/samp3_q[11]_i_2/O
INFO: [Physopt 32-662] Processed net hash/samp3_q[11]_i_3_0.  Did not re-place instance hash/samp3_q[11]_i_1/O
INFO: [Physopt 32-662] Processed net hash/samp0_q[2]_i_2_2.  Did not re-place instance hash/samp0_q[0]_i_1/O
INFO: [Physopt 32-662] Processed net hash/ofifo1_req_r1_reg[4].  Did not re-place instance hash/in1_butt[4]_i_3/O
INFO: [Physopt 32-662] Processed net hash/samp0_q[2]_i_7_n_0.  Did not re-place instance hash/samp0_q[2]_i_7/O
INFO: [Physopt 32-662] Processed net hash/samp0_q[1]_i_3_n_0.  Did not re-place instance hash/samp0_q[1]_i_3/O
INFO: [Physopt 32-662] Processed net hash/in1_butt[4]_i_4_n_0.  Did not re-place instance hash/in1_butt[4]_i_4/O
INFO: [Physopt 32-662] Processed net hash/ofifo1_req_r1_reg[3].  Did not re-place instance hash/in1_butt[3]_i_2/O
INFO: [Physopt 32-662] Processed net hash/ofifo1_req_r1_reg[11].  Did not re-place instance hash/in1_butt[11]_i_2/O
INFO: [Physopt 32-662] Processed net hash/samp2_q[2]_i_5_n_0.  Did not re-place instance hash/samp2_q[2]_i_5/O
INFO: [Physopt 32-662] Processed net hash/samp2_q[11]_i_2_n_0.  Did not re-place instance hash/samp2_q[11]_i_2/O
INFO: [Physopt 32-662] Processed net hash/samp2_q[11]_i_3_0.  Did not re-place instance hash/samp2_q[11]_i_1/O
INFO: [Physopt 32-662] Processed net hash/ofifo1_req_r1_reg[9].  Did not re-place instance hash/in1_butt[9]_i_2/O
INFO: [Physopt 32-662] Processed net hash/in1_butt[9]_i_4_n_0.  Did not re-place instance hash/in1_butt[9]_i_4/O
INFO: [Physopt 32-662] Processed net hash/samp1_q[2]_i_4_n_0.  Did not re-place instance hash/samp1_q[2]_i_4/O
INFO: [Physopt 32-662] Processed net hash/samp1_q[11]_i_2_n_0.  Did not re-place instance hash/samp1_q[11]_i_2/O
INFO: [Physopt 32-662] Processed net hash/samp1_q[2]_i_2_n_0.  Did not re-place instance hash/samp1_q[2]_i_2/O
INFO: [Physopt 32-662] Processed net hash/samp0_q[2]_i_2_0.  Did not re-place instance hash/samp0_q[8]_i_1/O
INFO: [Physopt 32-662] Processed net hash/samp0_q[2]_i_2_1.  Did not re-place instance hash/samp0_q[7]_i_1/O
INFO: [Physopt 32-662] Processed net hash/samp2_q[2]_i_2_n_0.  Did not re-place instance hash/samp2_q[2]_i_2/O
INFO: [Physopt 32-662] Processed net hash/ofifo1_req_r1_reg[16].  Did not re-place instance hash/in1_butt[18]_i_3/O
INFO: [Physopt 32-662] Processed net hash/NTT_din[24].  Did not re-place instance hash/samp1_q[11]_i_4/O
INFO: [Physopt 32-662] Processed net ntt/ctrl_butt_reg_n_0_[1]_repN.  Did not re-place instance ntt/ctrl_butt_reg[1]_replica/Q
INFO: [Physopt 32-662] Processed net ntt/BU/sum_in0_reg[7]_i_7_n_0.  Did not re-place instance ntt/BU/sum_in0_reg[7]_i_7/O
INFO: [Physopt 32-662] Processed net ntt/BU/sum_in0_reg[9]_i_1_n_0.  Did not re-place instance ntt/BU/sum_in0_reg[9]_i_1/O
INFO: [Physopt 32-662] Processed net hash/samp2_q[2]_i_4_1.  Did not re-place instance hash/samp2_q[7]_i_1/O
INFO: [Physopt 32-662] Processed net hash/samp2_q[2]_i_4_2.  Did not re-place instance hash/samp2_q[1]_i_1/O
INFO: [Physopt 32-662] Processed net hash/in1_butt[3]_i_3_n_0.  Did not re-place instance hash/in1_butt[3]_i_3/O
INFO: [Physopt 32-661] Optimized 1 net.  Re-placed 2 instances.
INFO: [Physopt 32-775] End 1 Pass. Optimized 1 net or cell. Created 0 new cell, deleted 0 existing cell and moved 2 existing cells
INFO: [Physopt 32-619] Estimated Timing Summary | WNS=-0.298 | TNS=-2.190 |
Netlist sorting complete. Time (s): cpu = 00:00:00 ; elapsed = 00:00:00.004 . Memory (MB): peak = 1863.609 ; gain = 0.000
Phase 30 Multi Cell Placement Optimization | Checksum: 1bead5180

Time (s): cpu = 00:05:29 ; elapsed = 00:03:45 . Memory (MB): peak = 1863.609 ; gain = 0.000

Phase 31 SLR Crossing Optimization
Phase 31 SLR Crossing Optimization | Checksum: 1bead5180

Time (s): cpu = 00:05:29 ; elapsed = 00:03:45 . Memory (MB): peak = 1863.609 ; gain = 0.000

Phase 32 Critical Path Optimization
INFO: [Physopt 32-619] Estimated Timing Summary | WNS=-0.298 | TNS=-2.190 |
INFO: [Physopt 32-702] Processed net ntt/samp0_q[1]. Optimizations did not improve timing on the net.
INFO: [Physopt 32-702] Processed net DFIFO0/U0/inst_fifo_gen/gconvfifo.rf/grf.rf/gntv_or_sync_fifo.mem/gbm.gbmg.gbmga.ngecc.bmg/inst_blk_mem_gen/gnbram.gnativebmg.native_blk_mem_gen/valid.cstr/ramloop[0].ram.r/prim_noinit.ram/doutb[0]. Optimizations did not improve timing on the net.
INFO: [Physopt 32-702] Processed net hash/samp0_q[1]_i_4_n_0. Optimizations did not improve timing on the net.
INFO: [Physopt 32-702] Processed net hash/samp0_q[2]_i_6_n_0. Optimizations did not improve timing on the net.
INFO: [Physopt 32-702] Processed net hash/ofifo1_req_r1_reg[0]. Optimizations did not improve timing on the net.
INFO: [Physopt 32-710] Processed net hash/ofifo1_req_r1_reg[0]. Critical path length was reduced through logic transformation on cell hash/in1_butt[0]_i_2_comp.
INFO: [Physopt 32-735] Processed net hash/in1_butt[0]_i_3_n_0. Optimization improves timing on the net.
INFO: [Physopt 32-619] Estimated Timing Summary | WNS=-0.296 | TNS=-2.184 |
INFO: [Physopt 32-702] Processed net hash/fifo2/U0/inst_fifo_gen/gconvfifo.rf/grf.rf/gntv_or_sync_fifo.mem/gbm.gbmg.gbmga.ngecc.bmg/inst_blk_mem_gen/gnbram.gnativebmg.native_blk_mem_gen/valid.cstr/ramloop[0].ram.r/prim_noinit.ram/doutb[0]. Optimizations did not improve timing on the net.
INFO: [Physopt 32-735] Processed net hash/in1_butt[0]_i_3_n_0. Optimization improves timing on the net.
INFO: [Physopt 32-619] Estimated Timing Summary | WNS=-0.268 | TNS=-2.124 |
INFO: [Physopt 32-702] Processed net hash/fifo1/U0/inst_fifo_gen/gconvfifo.rf/grf.rf/gntv_or_sync_fifo.mem/gbm.gbmg.gbmga.ngecc.bmg/inst_blk_mem_gen/gnbram.gnativebmg.native_blk_mem_gen/valid.cstr/ramloop[0].ram.r/prim_noinit.ram/doutb[0]. Optimizations did not improve timing on the net.
INFO: [Physopt 32-702] Processed net hash/samp0_q[2]_i_1_0. Optimizations did not improve timing on the net.
INFO: [Physopt 32-702] Processed net clk_IBUF. Optimizations did not improve timing on the net.
INFO: [Physopt 32-702] Processed net ntt/samp0_q[1]. Optimizations did not improve timing on the net.
INFO: [Physopt 32-702] Processed net hash/fifo1/U0/inst_fifo_gen/gconvfifo.rf/grf.rf/gntv_or_sync_fifo.mem/gbm.gbmg.gbmga.ngecc.bmg/inst_blk_mem_gen/gnbram.gnativebmg.native_blk_mem_gen/valid.cstr/ramloop[0].ram.r/prim_noinit.ram/doutb[0]. Optimizations did not improve timing on the net.
INFO: [Physopt 32-702] Processed net hash/samp0_q[1]_i_4_n_0. Optimizations did not improve timing on the net.
INFO: [Physopt 32-702] Processed net hash/samp0_q[2]_i_6_n_0. Optimizations did not improve timing on the net.
INFO: [Physopt 32-608] Optimized 1 net.  Swapped 25 pins.
INFO: [Physopt 32-735] Processed net hash/ofifo1_req_r1_reg[0]. Optimization improves timing on the net.
INFO: [Physopt 32-619] Estimated Timing Summary | WNS=-0.246 | TNS=-2.059 |
INFO: [Physopt 32-702] Processed net ntt/samp1_q[11]. Optimizations did not improve timing on the net.
INFO: [Physopt 32-702] Processed net hash/fifo2/U0/inst_fifo_gen/gconvfifo.rf/grf.rf/gntv_or_sync_fifo.mem/gbm.gbmg.gbmga.ngecc.bmg/inst_blk_mem_gen/gnbram.gnativebmg.native_blk_mem_gen/valid.cstr/ramloop[0].ram.r/prim_noinit.ram/doutb[7]. Optimizations did not improve timing on the net.
INFO: [Physopt 32-702] Processed net hash/samp1_q[2]_i_5_n_0. Optimizations did not improve timing on the net.
INFO: [Physopt 32-608] Optimized 1 net.  Swapped 24 pins.
INFO: [Physopt 32-735] Processed net hash/samp1_q[2]_i_7_n_0. Optimization improves timing on the net.
INFO: [Physopt 32-619] Estimated Timing Summary | WNS=-0.212 | TNS=-1.892 |
INFO: [Physopt 32-702] Processed net hash/fifo2/U0/inst_fifo_gen/gconvfifo.rf/grf.rf/gntv_or_sync_fifo.mem/gbm.gbmg.gbmga.ngecc.bmg/inst_blk_mem_gen/gnbram.gnativebmg.native_blk_mem_gen/valid.cstr/ramloop[0].ram.r/prim_noinit.ram/doutb[5]. Optimizations did not improve timing on the net.
INFO: [Physopt 32-702] Processed net hash/samp0_q[2]_i_7_0. Optimizations did not improve timing on the net.
INFO: [Physopt 32-608] Optimized 1 net.  Swapped 17 pins.
INFO: [Physopt 32-735] Processed net hash/samp0_q[2]_i_4_n_0. Optimization improves timing on the net.
INFO: [Physopt 32-619] Estimated Timing Summary | WNS=-0.193 | TNS=-1.576 |
INFO: [Physopt 32-702] Processed net ntt/samp0_q[11]. Optimizations did not improve timing on the net.
INFO: [Physopt 32-702] Processed net DFIFO0/U0/inst_fifo_gen/gconvfifo.rf/grf.rf/gntv_or_sync_fifo.mem/gbm.gbmg.gbmga.ngecc.bmg/inst_blk_mem_gen/gnbram.gnativebmg.native_blk_mem_gen/valid.cstr/ramloop[0].ram.r/prim_noinit.ram/doutb[1]. Optimizations did not improve timing on the net.
INFO: [Physopt 32-702] Processed net hash/samp0_q[1]_i_5_n_0. Optimizations did not improve timing on the net.
INFO: [Physopt 32-702] Processed net hash/samp0_q[2]_i_3_n_0. Optimizations did not improve timing on the net.
INFO: [Physopt 32-702] Processed net hash/ofifo1_req_r1_reg[1]. Optimizations did not improve timing on the net.
INFO: [Physopt 32-608] Optimized 1 net.  Swapped 21 pins.
INFO: [Physopt 32-735] Processed net hash/in1_butt[1]_i_3_n_0. Optimization improves timing on the net.
INFO: [Physopt 32-619] Estimated Timing Summary | WNS=-0.193 | TNS=-1.445 |
INFO: [Physopt 32-702] Processed net ntt/samp1_q[0]. Optimizations did not improve timing on the net.
INFO: [Physopt 32-608] Optimized 1 net.  Swapped 18 pins.
INFO: [Physopt 32-735] Processed net hash/samp1_q[2]_i_3_n_0. Optimization improves timing on the net.
INFO: [Physopt 32-619] Estimated Timing Summary | WNS=-0.168 | TNS=-1.253 |
INFO: [Physopt 32-702] Processed net ntt/samp1_q[1]. Optimizations did not improve timing on the net.
INFO: [Physopt 32-702] Processed net hash/fifo2/U0/inst_fifo_gen/gconvfifo.rf/grf.rf/gntv_or_sync_fifo.mem/gbm.gbmg.gbmga.ngecc.bmg/inst_blk_mem_gen/gnbram.gnativebmg.native_blk_mem_gen/valid.cstr/ramloop[0].ram.r/prim_noinit.ram/doutb[6]. Optimizations did not improve timing on the net.
INFO: [Physopt 32-702] Processed net hash/samp1_q[2]_i_6_n_0. Optimizations did not improve timing on the net.
INFO: [Physopt 32-702] Processed net hash/ofifo1_req_r1_reg[6]. Optimizations did not improve timing on the net.
INFO: [Physopt 32-608] Optimized 1 net.  Swapped 23 pins.
INFO: [Physopt 32-735] Processed net hash/in1_butt[6]_i_3_n_0. Optimization improves timing on the net.
INFO: [Physopt 32-619] Estimated Timing Summary | WNS=-0.138 | TNS=-0.914 |
INFO: [Physopt 32-702] Processed net hash/samp1_q[2]_i_7_n_0. Optimizations did not improve timing on the net.
INFO: [Physopt 32-702] Processed net hash/ofifo1_req_r1_reg[5]. Optimizations did not improve timing on the net.
INFO: [Physopt 32-735] Processed net hash/in1_butt[5]_i_3_n_0. Optimization improves timing on the net.
INFO: [Physopt 32-619] Estimated Timing Summary | WNS=-0.137 | TNS=-0.874 |
INFO: [Physopt 32-702] Processed net ntt/samp3_q[11]. Optimizations did not improve timing on the net.
INFO: [Physopt 32-702] Processed net DFIFO0/U0/inst_fifo_gen/gconvfifo.rf/grf.rf/gntv_or_sync_fifo.mem/gbm.gbmg.gbmga.ngecc.bmg/inst_blk_mem_gen/gnbram.gnativebmg.native_blk_mem_gen/valid.cstr/ramloop[0].ram.r/prim_noinit.ram/doutb[13]. Optimizations did not improve timing on the net.
INFO: [Physopt 32-702] Processed net hash/samp3_q[11]_i_2_n_0. Optimizations did not improve timing on the net.
INFO: [Physopt 32-608] Optimized 1 net.  Swapped 24 pins.
INFO: [Physopt 32-735] Processed net hash/samp3_q[2]_i_5_n_0. Optimization improves timing on the net.
INFO: [Physopt 32-619] Estimated Timing Summary | WNS=-0.119 | TNS=-0.737 |
INFO: [Physopt 32-702] Processed net hash/fifo2/U0/inst_fifo_gen/gconvfifo.rf/grf.rf/gntv_or_sync_fifo.mem/gbm.gbmg.gbmga.ngecc.bmg/inst_blk_mem_gen/gnbram.gnativebmg.native_blk_mem_gen/valid.cstr/ramloop[0].ram.r/prim_noinit.ram/doutb[4]. Optimizations did not improve timing on the net.
INFO: [Physopt 32-702] Processed net hash/samp0_q[2]_i_7_n_0. Optimizations did not improve timing on the net.
INFO: [Physopt 32-702] Processed net hash/ofifo1_req_r1_reg[4]. Optimizations did not improve timing on the net.
INFO: [Physopt 32-702] Processed net hash/in1_butt[4]_i_4_n_0. Optimizations did not improve timing on the net.
INFO: [Physopt 32-608] Optimized 1 net.  Swapped 24 pins.
INFO: [Physopt 32-735] Processed net hash/samp0_q[2]_i_1_0. Optimization improves timing on the net.
INFO: [Physopt 32-619] Estimated Timing Summary | WNS=-0.103 | TNS=-0.714 |
INFO: [Physopt 32-702] Processed net ntt/samp2_q[11]. Optimizations did not improve timing on the net.
INFO: [Physopt 32-702] Processed net DFIFO0/U0/inst_fifo_gen/gconvfifo.rf/grf.rf/gntv_or_sync_fifo.mem/gbm.gbmg.gbmga.ngecc.bmg/inst_blk_mem_gen/gnbram.gnativebmg.native_blk_mem_gen/valid.cstr/ramloop[0].ram.r/prim_noinit.ram/doutb[11]. Optimizations did not improve timing on the net.
INFO: [Physopt 32-702] Processed net hash/samp2_q[11]_i_2_n_0. Optimizations did not improve timing on the net.
INFO: [Physopt 32-702] Processed net hash/samp2_q[2]_i_5_n_0. Optimizations did not improve timing on the net.
INFO: [Physopt 32-608] Optimized 1 net.  Swapped 23 pins.
INFO: [Physopt 32-735] Processed net hash/ofifo1_req_r1_reg[11]. Optimization improves timing on the net.
INFO: [Physopt 32-619] Estimated Timing Summary | WNS=-0.100 | TNS=-0.656 |
INFO: [Physopt 32-702] Processed net hash/ofifo1_req_r1_reg[5]_repN_1. Optimizations did not improve timing on the net.
INFO: [Physopt 32-608] Optimized 1 net.  Swapped 21 pins.
INFO: [Physopt 32-735] Processed net hash/in1_butt[5]_i_3_n_0. Optimization improves timing on the net.
INFO: [Physopt 32-619] Estimated Timing Summary | WNS=-0.096 | TNS=-0.645 |
INFO: [Physopt 32-702] Processed net hash/samp0_q[1]_i_3_n_0. Optimizations did not improve timing on the net.
INFO: [Physopt 32-702] Processed net hash/samp0_q[2]_i_1_0. Optimizations did not improve timing on the net.
INFO: [Physopt 32-702] Processed net clk_IBUF. Optimizations did not improve timing on the net.
INFO: [Physopt 32-619] Estimated Timing Summary | WNS=-0.096 | TNS=-0.645 |
Netlist sorting complete. Time (s): cpu = 00:00:00 ; elapsed = 00:00:00.010 . Memory (MB): peak = 1863.609 ; gain = 0.000
Phase 32 Critical Path Optimization | Checksum: d2a01ee1

Time (s): cpu = 00:05:56 ; elapsed = 00:04:03 . Memory (MB): peak = 1863.609 ; gain = 0.000

Phase 33 Critical Path Optimization
INFO: [Physopt 32-619] Estimated Timing Summary | WNS=-0.096 | TNS=-0.645 |
INFO: [Physopt 32-702] Processed net ntt/samp0_q[1]. Optimizations did not improve timing on the net.
INFO: [Physopt 32-702] Processed net hash/fifo2/U0/inst_fifo_gen/gconvfifo.rf/grf.rf/gntv_or_sync_fifo.mem/gbm.gbmg.gbmga.ngecc.bmg/inst_blk_mem_gen/gnbram.gnativebmg.native_blk_mem_gen/valid.cstr/ramloop[0].ram.r/prim_noinit.ram/doutb[4]. Optimizations did not improve timing on the net.
INFO: [Physopt 32-702] Processed net hash/samp0_q[1]_i_3_n_0. Optimizations did not improve timing on the net.
INFO: [Physopt 32-710] Processed net hash/samp0_q[1]_i_3_n_0. Critical path length was reduced through logic transformation on cell hash/samp0_q[1]_i_3_comp.
INFO: [Physopt 32-735] Processed net hash/samp0_q[2]_i_7_n_0. Optimization improves timing on the net.
INFO: [Physopt 32-619] Estimated Timing Summary | WNS=-0.092 | TNS=-0.638 |
INFO: [Physopt 32-702] Processed net ntt/samp0_q[11]. Optimizations did not improve timing on the net.
INFO: [Physopt 32-710] Processed net hash/p_1_in0. Critical path length was reduced through logic transformation on cell hash/samp0_q[11]_i_1_comp.
INFO: [Physopt 32-735] Processed net hash/samp0_q[1]_i_5_n_0. Optimization improves timing on the net.
INFO: [Physopt 32-619] Estimated Timing Summary | WNS=-0.090 | TNS=-0.602 |
INFO: [Physopt 32-702] Processed net ntt/samp1_q[1]. Optimizations did not improve timing on the net.
INFO: [Physopt 32-702] Processed net hash/fifo2/U0/inst_fifo_gen/gconvfifo.rf/grf.rf/gntv_or_sync_fifo.mem/gbm.gbmg.gbmga.ngecc.bmg/inst_blk_mem_gen/gnbram.gnativebmg.native_blk_mem_gen/valid.cstr/ramloop[0].ram.r/prim_noinit.ram/doutb[9]. Optimizations did not improve timing on the net.
INFO: [Physopt 32-608] Optimized 1 net.  Swapped 16 pins.
INFO: [Physopt 32-735] Processed net hash/samp1_q[2]_i_6_n_0. Optimization improves timing on the net.
INFO: [Physopt 32-619] Estimated Timing Summary | WNS=-0.086 | TNS=-0.335 |
INFO: [Physopt 32-702] Processed net DFIFO1/U0/inst_fifo_gen/gconvfifo.rf/grf.rf/gntv_or_sync_fifo.mem/gbm.gbmg.gbmga.ngecc.bmg/inst_blk_mem_gen/gnbram.gnativebmg.native_blk_mem_gen/valid.cstr/ramloop[0].ram.r/prim_noinit.ram/doutb[3]. Optimizations did not improve timing on the net.
INFO: [Physopt 32-702] Processed net hash/samp0_q[1]_i_4_n_0. Optimizations did not improve timing on the net.
INFO: [Physopt 32-710] Processed net hash/samp0_q[1]_i_4_n_0. Critical path length was reduced through logic transformation on cell hash/samp0_q[1]_i_4_comp.
INFO: [Physopt 32-735] Processed net hash/samp0_q[2]_i_6_n_0. Optimization improves timing on the net.
INFO: [Physopt 32-619] Estimated Timing Summary | WNS=-0.082 | TNS=-0.327 |
INFO: [Physopt 32-702] Processed net hash/samp0_q[2]_i_7_n_0. Optimizations did not improve timing on the net.
INFO: [Physopt 32-702] Processed net hash/ofifo1_req_r1_reg[4]. Optimizations did not improve timing on the net.
INFO: [Physopt 32-710] Processed net hash/ofifo1_req_r1_reg[4]. Critical path length was reduced through logic transformation on cell hash/in1_butt[4]_i_3_comp.
INFO: [Physopt 32-735] Processed net hash/in1_butt[4]_i_4_n_0. Optimization improves timing on the net.
INFO: [Physopt 32-619] Estimated Timing Summary | WNS=-0.080 | TNS=-0.293 |
INFO: [Physopt 32-702] Processed net ntt/samp1_q[11]. Optimizations did not improve timing on the net.
INFO: [Physopt 32-702] Processed net hash/fifo2/U0/inst_fifo_gen/gconvfifo.rf/grf.rf/gntv_or_sync_fifo.mem/gbm.gbmg.gbmga.ngecc.bmg/inst_blk_mem_gen/gnbram.gnativebmg.native_blk_mem_gen/valid.cstr/ramloop[0].ram.r/prim_noinit.ram/doutb[7]. Optimizations did not improve timing on the net.
INFO: [Physopt 32-710] Processed net hash/samp1_q[2]_i_2_3. Critical path length was reduced through logic transformation on cell hash/samp1_q[11]_i_1_comp.
INFO: [Physopt 32-735] Processed net hash/samp1_q[2]_i_5_n_0. Optimization improves timing on the net.
INFO: [Physopt 32-619] Estimated Timing Summary | WNS=-0.065 | TNS=-0.253 |
INFO: [Physopt 32-702] Processed net hash/ofifo1_req_r1_reg[3]. Optimizations did not improve timing on the net.
INFO: [Physopt 32-702] Processed net hash/samp0_q[2]_i_1_0. Optimizations did not improve timing on the net.
INFO: [Physopt 32-702] Processed net clk_IBUF. Optimizations did not improve timing on the net.
INFO: [Physopt 32-702] Processed net ntt/samp0_q[1]. Optimizations did not improve timing on the net.
INFO: [Physopt 32-702] Processed net DFIFO1/U0/inst_fifo_gen/gconvfifo.rf/grf.rf/gntv_or_sync_fifo.mem/gbm.gbmg.gbmga.ngecc.bmg/inst_blk_mem_gen/gnbram.gnativebmg.native_blk_mem_gen/valid.cstr/ramloop[0].ram.r/prim_noinit.ram/doutb[3]. Optimizations did not improve timing on the net.
INFO: [Physopt 32-702] Processed net hash/samp0_q[1]_i_4_n_0. Optimizations did not improve timing on the net.
INFO: [Physopt 32-608] Optimized 1 net.  Swapped 23 pins.
INFO: [Physopt 32-735] Processed net hash/samp0_q[2]_i_7_n_0. Optimization improves timing on the net.
INFO: [Physopt 32-619] Estimated Timing Summary | WNS=-0.045 | TNS=-0.198 |
INFO: [Physopt 32-702] Processed net ntt/samp2_q[11]. Optimizations did not improve timing on the net.
INFO: [Physopt 32-702] Processed net DFIFO0/U0/inst_fifo_gen/gconvfifo.rf/grf.rf/gntv_or_sync_fifo.mem/gbm.gbmg.gbmga.ngecc.bmg/inst_blk_mem_gen/gnbram.gnativebmg.native_blk_mem_gen/valid.cstr/ramloop[0].ram.r/prim_noinit.ram/doutb[16]. Optimizations did not improve timing on the net.
INFO: [Physopt 32-702] Processed net hash/samp2_q[2]_i_2_n_0. Optimizations did not improve timing on the net.
INFO: [Physopt 32-608] Optimized 1 net.  Swapped 6 pins.
INFO: [Physopt 32-735] Processed net hash/ofifo1_req_r1_reg[16]. Optimization improves timing on the net.
INFO: [Physopt 32-619] Estimated Timing Summary | WNS=-0.045 | TNS=-0.164 |
INFO: [Physopt 32-702] Processed net hash/samp0_q[1]_i_5_n_0. Optimizations did not improve timing on the net.
INFO: [Physopt 32-702] Processed net hash/samp0_q[2]_i_3_n_0. Optimizations did not improve timing on the net.
INFO: [Physopt 32-702] Processed net hash/ofifo1_req_r1_reg[3]. Optimizations did not improve timing on the net.
INFO: [Physopt 32-702] Processed net hash/samp0_q[2]_i_1_0. Optimizations did not improve timing on the net.
INFO: [Physopt 32-702] Processed net clk_IBUF. Optimizations did not improve timing on the net.
INFO: [Physopt 32-619] Estimated Timing Summary | WNS=-0.045 | TNS=-0.164 |
Netlist sorting complete. Time (s): cpu = 00:00:00 ; elapsed = 00:00:00.009 . Memory (MB): peak = 1863.609 ; gain = 0.000
Phase 33 Critical Path Optimization | Checksum: 135100fb1

Time (s): cpu = 00:06:15 ; elapsed = 00:04:16 . Memory (MB): peak = 1863.609 ; gain = 0.000

Phase 34 BRAM Enable Optimization
Phase 34 BRAM Enable Optimization | Checksum: 135100fb1

Time (s): cpu = 00:06:15 ; elapsed = 00:04:16 . Memory (MB): peak = 1863.609 ; gain = 0.000
INFO: [Physopt 32-960] Skip hold-fix as initial WHS does not violate hold threshold 250 ps
Netlist sorting complete. Time (s): cpu = 00:00:00 ; elapsed = 00:00:00.004 . Memory (MB): peak = 1863.609 ; gain = 0.000
INFO: [Physopt 32-603] Post Physical Optimization Timing Summary | WNS=-0.045 | TNS=-0.164 |

Summary of Physical Synthesis Optimizations
============================================


----------------------------------------------------------------------------------------------------------------------------------------------------------------------
|  Optimization            |  WNS Gain (ns)  |  TNS Gain (ns)  |  Added Cells  |  Removed Cells  |  Optimized Cells/Nets  |  Dont Touch  |  Iterations  |  Elapsed   |
----------------------------------------------------------------------------------------------------------------------------------------------------------------------
|  Fanout                  |          0.000  |          1.904  |           30  |              0  |                    10  |           0  |           3  |  00:00:09  |
|  Single Cell Placement   |          0.000  |          6.159  |            0  |              0  |                   151  |           0  |           4  |  00:00:51  |
|  Multi Cell Placement    |          0.000  |          0.522  |            0  |              0  |                     8  |           0  |           4  |  00:02:20  |
|  Rewire                  |          0.000  |          0.000  |            0  |              0  |                     0  |           0  |           3  |  00:00:01  |
|  Critical Cell           |          0.000  |         -0.363  |            3  |              0  |                     3  |           0  |           3  |  00:00:13  |
|  SLR Crossing            |          0.000  |          0.000  |            0  |              0  |                     0  |           0  |           3  |  00:00:00  |
|  DSP Register            |          0.000  |          0.000  |            0  |              0  |                     0  |           0  |           2  |  00:00:00  |
|  BRAM Register           |          0.000  |          0.000  |            0  |              0  |                     0  |           0  |           2  |  00:00:00  |
|  URAM Register           |          0.000  |          0.000  |            0  |              0  |                     0  |           0  |           2  |  00:00:00  |
|  Shift Register          |          0.000  |          0.000  |            0  |              0  |                     0  |           0  |           2  |  00:00:00  |
|  Critical Pin            |          0.221  |          5.073  |            0  |              0  |                    11  |           0  |           1  |  00:00:00  |
|  Very High Fanout        |          0.000  |          0.000  |            0  |              0  |                     0  |           0  |           1  |  00:00:10  |
|  BRAM Enable             |          0.000  |          0.000  |            0  |              0  |                     0  |           0  |           1  |  00:00:00  |
|  Critical Path           |          0.253  |          2.025  |            0  |              0  |                    21  |           0  |           2  |  00:00:31  |
|  Total                   |          0.474  |         15.321  |           33  |              0  |                   204  |           0  |          33  |  00:04:14  |
----------------------------------------------------------------------------------------------------------------------------------------------------------------------


Netlist sorting complete. Time (s): cpu = 00:00:00 ; elapsed = 00:00:00.004 . Memory (MB): peak = 1863.609 ; gain = 0.000
Ending Physical Synthesis Task | Checksum: 1fb675f55

Time (s): cpu = 00:06:15 ; elapsed = 00:04:16 . Memory (MB): peak = 1863.609 ; gain = 0.000
INFO: [Common 17-83] Releasing license: Implementation
1321 Infos, 0 Warnings, 0 Critical Warnings and 0 Errors encountered.
phys_opt_design completed successfully
phys_opt_design: Time (s): cpu = 00:06:18 ; elapsed = 00:04:18 . Memory (MB): peak = 1863.609 ; gain = 0.000
Command: route_design -directive MoreGlobalIterations
Attempting to get a license for feature 'Implementation' and/or device 'xc7a12t'
INFO: [Common 17-349] Got license for feature 'Implementation' and/or device 'xc7a12t'
INFO: [DRC 23-27] Running DRC with 2 threads
INFO: [Vivado_Tcl 4-198] DRC finished with 0 Errors
INFO: [Vivado_Tcl 4-199] Please refer to the DRC report (report_drc) for more information.


Starting Routing Task
INFO: [Route 35-270] Using Router directive 'MoreGlobalIterations'.
INFO: [Route 35-254] Multithreading enabled for route_design using a maximum of 2 CPUs

Phase 1 Build RT Design
Checksum: PlaceDB: fcde96b7 ConstDB: 0 ShapeSum: 2ffa9adc RouteDB: 6dca4706
Post Restoration Checksum: NetGraph: c3f4cc70 | NumContArr: ba799b0c | Constraints: c2a8fa9d | Timing: c2a8fa9d
Phase 1 Build RT Design | Checksum: 303c05cb6

Time (s): cpu = 00:00:17 ; elapsed = 00:00:14 . Memory (MB): peak = 1863.609 ; gain = 0.000

Phase 2 Router Initialization

Phase 2.1 Fix Topology Constraints
Phase 2.1 Fix Topology Constraints | Checksum: 303c05cb6

Time (s): cpu = 00:00:17 ; elapsed = 00:00:14 . Memory (MB): peak = 1863.609 ; gain = 0.000

Phase 2.2 Pre Route Cleanup
Phase 2.2 Pre Route Cleanup | Checksum: 303c05cb6

Time (s): cpu = 00:00:17 ; elapsed = 00:00:14 . Memory (MB): peak = 1863.609 ; gain = 0.000
 Number of Nodes with overlaps = 0

Phase 2.3 Update Timing
Phase 2.3 Update Timing | Checksum: 1ae800138

Time (s): cpu = 00:00:23 ; elapsed = 00:00:18 . Memory (MB): peak = 1863.609 ; gain = 0.000
INFO: [Route 35-416] Intermediate Timing Summary | WNS=-0.060 | TNS=-0.282 | WHS=-0.240 | THS=-102.889|


Phase 2.4 Soft Constraint Pins - Fast Budgeting
Phase 2.4 Soft Constraint Pins - Fast Budgeting | Checksum: 2288592f2

Time (s): cpu = 00:00:25 ; elapsed = 00:00:19 . Memory (MB): peak = 1863.609 ; gain = 0.000

Router Utilization Summary
  Global Vertical Routing Utilization    = 0 %
  Global Horizontal Routing Utilization  = 0 %
  Routable Net Status*
  *Does not include unroutable nets such as driverless and loadless.
  Run report_route_status for detailed report.
  Number of Failed Nets               = 9279
    (Failed Nets is the sum of unrouted and partially routed nets)
  Number of Unrouted Nets             = 9279
  Number of Partially Routed Nets     = 0
  Number of Node Overlaps             = 0

Phase 2 Router Initialization | Checksum: 1a427ed96

Time (s): cpu = 00:00:25 ; elapsed = 00:00:19 . Memory (MB): peak = 1863.609 ; gain = 0.000

Phase 3 Global Routing
Phase 3 Global Routing | Checksum: 1a427ed96

Time (s): cpu = 00:00:25 ; elapsed = 00:00:19 . Memory (MB): peak = 1863.609 ; gain = 0.000

Phase 4 Initial Routing

Phase 4.1 Initial Net Routing Pass
Phase 4.1 Initial Net Routing Pass | Checksum: 19929d0b3

Time (s): cpu = 00:00:30 ; elapsed = 00:00:22 . Memory (MB): peak = 1863.609 ; gain = 0.000
Phase 4 Initial Routing | Checksum: 19929d0b3

Time (s): cpu = 00:00:30 ; elapsed = 00:00:22 . Memory (MB): peak = 1863.609 ; gain = 0.000
INFO: [Route 35-580] Design has 11 pins with tight setup and hold constraints.

The top 5 pins with tight setup and hold constraints:

+====================+===================+==============================================+
| Launch Setup Clock | Launch Hold Clock | Pin                                          |
+====================+===================+==============================================+
| clk                | clk               | equal_reg/D                                  |
| clk                | clk               | ntt/BU/sum_in0_reg_reg[9]/D                  |
| clk                | clk               | ntt/BU/sum_in0_reg_reg[7]/D                  |
| clk                | clk               | ntt/BU/sum_in0_reg_reg[6]/D                  |
| clk                | clk               | hash/hash/RoundFunction/Reg/Q_buf_reg[429]/D |
+--------------------+-------------------+----------------------------------------------+

File with complete list of pins: tight_setup_hold_pins.txt


Phase 5 Rip-up And Reroute

Phase 5.1 Global Iteration 0
 Number of Nodes with overlaps = 3063
 Number of Nodes with overlaps = 638
 Number of Nodes with overlaps = 242
 Number of Nodes with overlaps = 101
 Number of Nodes with overlaps = 64
 Number of Nodes with overlaps = 46
 Number of Nodes with overlaps = 23
 Number of Nodes with overlaps = 15
 Number of Nodes with overlaps = 11
 Number of Nodes with overlaps = 5
 Number of Nodes with overlaps = 5
 Number of Nodes with overlaps = 2
 Number of Nodes with overlaps = 2
 Number of Nodes with overlaps = 0
INFO: [Route 35-416] Intermediate Timing Summary | WNS=-0.439 | TNS=-4.901 | WHS=N/A    | THS=N/A    |

Phase 5.1 Global Iteration 0 | Checksum: 23738b109

Time (s): cpu = 00:01:30 ; elapsed = 00:01:14 . Memory (MB): peak = 1863.609 ; gain = 0.000

Phase 5.2 Global Iteration 1
 Number of Nodes with overlaps = 244
 Number of Nodes with overlaps = 202
 Number of Nodes with overlaps = 62
 Number of Nodes with overlaps = 32
 Number of Nodes with overlaps = 15
 Number of Nodes with overlaps = 5
 Number of Nodes with overlaps = 1
 Number of Nodes with overlaps = 5
 Number of Nodes with overlaps = 2
 Number of Nodes with overlaps = 0
INFO: [Route 35-416] Intermediate Timing Summary | WNS=-0.521 | TNS=-2.952 | WHS=N/A    | THS=N/A    |

Phase 5.2 Global Iteration 1 | Checksum: 291f4fa40

Time (s): cpu = 00:01:55 ; elapsed = 00:01:33 . Memory (MB): peak = 1863.609 ; gain = 0.000
Phase 5 Rip-up And Reroute | Checksum: 291f4fa40

Time (s): cpu = 00:01:55 ; elapsed = 00:01:33 . Memory (MB): peak = 1863.609 ; gain = 0.000

Phase 6 Delay and Skew Optimization

Phase 6.1 Delay CleanUp

Phase 6.1.1 Update Timing
Phase 6.1.1 Update Timing | Checksum: 27d040047

Time (s): cpu = 00:01:57 ; elapsed = 00:01:34 . Memory (MB): peak = 1863.609 ; gain = 0.000
INFO: [Route 35-416] Intermediate Timing Summary | WNS=-0.360 | TNS=-3.353 | WHS=N/A    | THS=N/A    |

 Number of Nodes with overlaps = 0
Phase 6.1 Delay CleanUp | Checksum: 1bb2cd8ba

Time (s): cpu = 00:01:57 ; elapsed = 00:01:35 . Memory (MB): peak = 1863.609 ; gain = 0.000

Phase 6.2 Clock Skew Optimization
Phase 6.2 Clock Skew Optimization | Checksum: 1bb2cd8ba

Time (s): cpu = 00:01:57 ; elapsed = 00:01:35 . Memory (MB): peak = 1863.609 ; gain = 0.000
Phase 6 Delay and Skew Optimization | Checksum: 1bb2cd8ba

Time (s): cpu = 00:01:58 ; elapsed = 00:01:35 . Memory (MB): peak = 1863.609 ; gain = 0.000

Phase 7 Post Hold Fix

Phase 7.1 Hold Fix Iter
INFO: [Route 35-416] Intermediate Timing Summary | WNS=-0.360 | TNS=-3.244 | WHS=0.060  | THS=0.000  |

Phase 7.1 Hold Fix Iter | Checksum: 186422bdc

Time (s): cpu = 00:01:59 ; elapsed = 00:01:35 . Memory (MB): peak = 1863.609 ; gain = 0.000
Phase 7 Post Hold Fix | Checksum: 186422bdc

Time (s): cpu = 00:01:59 ; elapsed = 00:01:35 . Memory (MB): peak = 1863.609 ; gain = 0.000

Phase 8 Route finalize

Router Utilization Summary
  Global Vertical Routing Utilization    = 8.1492 %
  Global Horizontal Routing Utilization  = 13.0877 %
  Routable Net Status*
  *Does not include unroutable nets such as driverless and loadless.
  Run report_route_status for detailed report.
  Number of Failed Nets               = 0
    (Failed Nets is the sum of unrouted and partially routed nets)
  Number of Unrouted Nets             = 0
  Number of Partially Routed Nets     = 0
  Number of Node Overlaps             = 0


--GLOBAL Congestion:
Utilization threshold used for congestion level computation: 0.85
Congestion Report
North Dir 1x1 Area, Max Cong = 66.6667%, No Congested Regions.
South Dir 1x1 Area, Max Cong = 77.4775%, No Congested Regions.
East Dir 1x1 Area, Max Cong = 80.8824%, No Congested Regions.
West Dir 1x1 Area, Max Cong = 80.8824%, No Congested Regions.

------------------------------
Reporting congestion hotspots
------------------------------
Direction: North
----------------
Congested clusters found at Level 0
Effective congestion level: 0 Aspect Ratio: 1 Sparse Ratio: 0
Direction: South
----------------
Congested clusters found at Level 0
Effective congestion level: 0 Aspect Ratio: 1 Sparse Ratio: 0
Direction: East
----------------
Congested clusters found at Level 0
Effective congestion level: 0 Aspect Ratio: 1 Sparse Ratio: 0
Direction: West
----------------
Congested clusters found at Level 0
Effective congestion level: 0 Aspect Ratio: 1 Sparse Ratio: 0

Phase 8 Route finalize | Checksum: 186422bdc

Time (s): cpu = 00:01:59 ; elapsed = 00:01:36 . Memory (MB): peak = 1863.609 ; gain = 0.000

Phase 9 Verifying routed nets

 Verification completed successfully
Phase 9 Verifying routed nets | Checksum: 186422bdc

Time (s): cpu = 00:01:59 ; elapsed = 00:01:36 . Memory (MB): peak = 1863.609 ; gain = 0.000

Phase 10 Depositing Routes
Phase 10 Depositing Routes | Checksum: 1781eea86

Time (s): cpu = 00:02:04 ; elapsed = 00:01:41 . Memory (MB): peak = 1863.609 ; gain = 0.000

Phase 11 Post Process Routing
Phase 11 Post Process Routing | Checksum: 1781eea86

Time (s): cpu = 00:02:04 ; elapsed = 00:01:41 . Memory (MB): peak = 1863.609 ; gain = 0.000

Phase 12 Post Router Timing
INFO: [Route 35-57] Estimated Timing Summary | WNS=-0.360 | TNS=-3.244 | WHS=0.060  | THS=0.000  |

WARNING: [Route 35-328] Router estimated timing not met.
Resolution: For a complete and accurate timing signoff, report_timing_summary must be run after route_design. Alternatively, route_design can be run with the -timing_summary option to enable a complete timing signoff at the end of route_design.
Phase 12 Post Router Timing | Checksum: 1781eea86

Time (s): cpu = 00:02:05 ; elapsed = 00:01:41 . Memory (MB): peak = 1863.609 ; gain = 0.000
Total Elapsed time in route_design: 101.202 secs

Phase 13 Post-Route Event Processing
Phase 13 Post-Route Event Processing | Checksum: d8534062

Time (s): cpu = 00:02:05 ; elapsed = 00:01:41 . Memory (MB): peak = 1863.609 ; gain = 0.000
INFO: [Route 35-16] Router Completed Successfully
Ending Routing Task | Checksum: d8534062

Time (s): cpu = 00:02:05 ; elapsed = 00:01:41 . Memory (MB): peak = 1863.609 ; gain = 0.000

Routing Is Done.
INFO: [Common 17-83] Releasing license: Implementation
1336 Infos, 1 Warnings, 0 Critical Warnings and 0 Errors encountered.
route_design completed successfully
route_design: Time (s): cpu = 00:02:05 ; elapsed = 00:01:42 . Memory (MB): peak = 1863.609 ; gain = 0.000
Command: phys_opt_design -directive AggressiveExplore
Attempting to get a license for feature 'Implementation' and/or device 'xc7a12t'
INFO: [Common 17-349] Got license for feature 'Implementation' and/or device 'xc7a12t'
INFO: [Vivado_Tcl 4-241] Physical synthesis in post route mode 
INFO: [Vivado_Tcl 4-137] Directive used for phys_opt_design is: AggressiveExplore

Starting Initial Update Timing Task

Time (s): cpu = 00:00:09 ; elapsed = 00:00:07 . Memory (MB): peak = 1863.609 ; gain = 0.000
INFO: [Vivado_Tcl 4-1435] PhysOpt_Tcl_Interface Runtime Before Starting Physical Synthesis Task | CPU: 13.00s |  WALL: 9.56s
INFO: [DRC 23-27] Running DRC with 2 threads
INFO: [Vivado_Tcl 4-198] DRC finished with 0 Errors
INFO: [Vivado_Tcl 4-199] Please refer to the DRC report (report_drc) for more information.
Netlist sorting complete. Time (s): cpu = 00:00:00 ; elapsed = 00:00:00.012 . Memory (MB): peak = 1863.609 ; gain = 0.000

Starting Physical Synthesis Task

Phase 1 Physical Synthesis Initialization
INFO: [Physopt 32-721] Multithreading enabled for phys_opt_design using a maximum of 2 CPUs
INFO: [Physopt 32-668] Current Timing Summary | WNS=-0.356 | TNS=-3.083 | WHS=0.061 | THS=0.000 |
Phase 1 Physical Synthesis Initialization | Checksum: 1ba3eecb5

Time (s): cpu = 00:00:03 ; elapsed = 00:00:02 . Memory (MB): peak = 1863.609 ; gain = 0.000

Phase 2 Critical Path Optimization
INFO: [Physopt 32-668] Current Timing Summary | WNS=-0.356 | TNS=-3.083 | WHS=0.061 | THS=0.000 |
INFO: [Physopt 32-953] Path group WNS did not improve. Path group: clk. Processed net: ntt/samp0_q[1].
INFO: [Physopt 32-703] Processed net hash/fifo2/U0/inst_fifo_gen/gconvfifo.rf/grf.rf/gntv_or_sync_fifo.mem/gbm.gbmg.gbmga.ngecc.bmg/inst_blk_mem_gen/gnbram.gnativebmg.native_blk_mem_gen/valid.cstr/ramloop[0].ram.r/prim_noinit.ram/doutb[4]. Clock skew was adjusted for instance hash/fifo2/U0/inst_fifo_gen/gconvfifo.rf/grf.rf/gntv_or_sync_fifo.mem/gbm.gbmg.gbmga.ngecc.bmg/inst_blk_mem_gen/gnbram.gnativebmg.native_blk_mem_gen/valid.cstr/ramloop[0].ram.r/prim_noinit.ram/DEVICE_7SERIES.NO_BMM_INFO.SDP.WIDE_PRIM18.ram.
INFO: [Physopt 32-952] Improved path group WNS = -0.312. Path group: clk. Processed net: hash/fifo2/U0/inst_fifo_gen/gconvfifo.rf/grf.rf/gntv_or_sync_fifo.mem/gbm.gbmg.gbmga.ngecc.bmg/inst_blk_mem_gen/gnbram.gnativebmg.native_blk_mem_gen/valid.cstr/ramloop[0].ram.r/prim_noinit.ram/doutb[4].
INFO: [Physopt 32-703] Processed net hash/fifo1/U0/inst_fifo_gen/gconvfifo.rf/grf.rf/gntv_or_sync_fifo.mem/gbm.gbmg.gbmga.ngecc.bmg/inst_blk_mem_gen/gnbram.gnativebmg.native_blk_mem_gen/valid.cstr/ramloop[0].ram.r/prim_noinit.ram/doutb[4]. Clock skew was adjusted for instance hash/fifo1/U0/inst_fifo_gen/gconvfifo.rf/grf.rf/gntv_or_sync_fifo.mem/gbm.gbmg.gbmga.ngecc.bmg/inst_blk_mem_gen/gnbram.gnativebmg.native_blk_mem_gen/valid.cstr/ramloop[0].ram.r/prim_noinit.ram/DEVICE_7SERIES.NO_BMM_INFO.SDP.WIDE_PRIM18.ram.
INFO: [Physopt 32-952] Improved path group WNS = -0.283. Path group: clk. Processed net: hash/fifo1/U0/inst_fifo_gen/gconvfifo.rf/grf.rf/gntv_or_sync_fifo.mem/gbm.gbmg.gbmga.ngecc.bmg/inst_blk_mem_gen/gnbram.gnativebmg.native_blk_mem_gen/valid.cstr/ramloop[0].ram.r/prim_noinit.ram/doutb[4].
INFO: [Physopt 32-703] Processed net DFIFO0/U0/inst_fifo_gen/gconvfifo.rf/grf.rf/gntv_or_sync_fifo.mem/gbm.gbmg.gbmga.ngecc.bmg/inst_blk_mem_gen/gnbram.gnativebmg.native_blk_mem_gen/valid.cstr/ramloop[0].ram.r/prim_noinit.ram/doutb[4]. Clock skew was adjusted for instance DFIFO0/U0/inst_fifo_gen/gconvfifo.rf/grf.rf/gntv_or_sync_fifo.mem/gbm.gbmg.gbmga.ngecc.bmg/inst_blk_mem_gen/gnbram.gnativebmg.native_blk_mem_gen/valid.cstr/ramloop[0].ram.r/prim_noinit.ram/DEVICE_7SERIES.NO_BMM_INFO.SDP.WIDE_PRIM18.ram.
INFO: [Physopt 32-952] Improved path group WNS = -0.260. Path group: clk. Processed net: DFIFO0/U0/inst_fifo_gen/gconvfifo.rf/grf.rf/gntv_or_sync_fifo.mem/gbm.gbmg.gbmga.ngecc.bmg/inst_blk_mem_gen/gnbram.gnativebmg.native_blk_mem_gen/valid.cstr/ramloop[0].ram.r/prim_noinit.ram/doutb[4].
INFO: [Physopt 32-703] Processed net DFIFO1/U0/inst_fifo_gen/gconvfifo.rf/grf.rf/gntv_or_sync_fifo.mem/gbm.gbmg.gbmga.ngecc.bmg/inst_blk_mem_gen/gnbram.gnativebmg.native_blk_mem_gen/valid.cstr/ramloop[0].ram.r/prim_noinit.ram/doutb[4]. Clock skew was adjusted for instance DFIFO1/U0/inst_fifo_gen/gconvfifo.rf/grf.rf/gntv_or_sync_fifo.mem/gbm.gbmg.gbmga.ngecc.bmg/inst_blk_mem_gen/gnbram.gnativebmg.native_blk_mem_gen/valid.cstr/ramloop[0].ram.r/prim_noinit.ram/DEVICE_7SERIES.NO_BMM_INFO.SDP.WIDE_PRIM18.ram.
INFO: [Physopt 32-952] Improved path group WNS = -0.212. Path group: clk. Processed net: DFIFO1/U0/inst_fifo_gen/gconvfifo.rf/grf.rf/gntv_or_sync_fifo.mem/gbm.gbmg.gbmga.ngecc.bmg/inst_blk_mem_gen/gnbram.gnativebmg.native_blk_mem_gen/valid.cstr/ramloop[0].ram.r/prim_noinit.ram/doutb[4].
INFO: [Physopt 32-703] Processed net hash/fifo2/U0/inst_fifo_gen/gconvfifo.rf/grf.rf/gntv_or_sync_fifo.mem/gbm.gbmg.gbmga.ngecc.bmg/inst_blk_mem_gen/gnbram.gnativebmg.native_blk_mem_gen/valid.cstr/ramloop[0].ram.r/prim_noinit.ram/doutb[4]. Clock skew was adjusted for instance hash/fifo2/U0/inst_fifo_gen/gconvfifo.rf/grf.rf/gntv_or_sync_fifo.mem/gbm.gbmg.gbmga.ngecc.bmg/inst_blk_mem_gen/gnbram.gnativebmg.native_blk_mem_gen/valid.cstr/ramloop[0].ram.r/prim_noinit.ram/DEVICE_7SERIES.NO_BMM_INFO.SDP.WIDE_PRIM18.ram.
INFO: [Physopt 32-952] Improved path group WNS = -0.168. Path group: clk. Processed net: hash/fifo2/U0/inst_fifo_gen/gconvfifo.rf/grf.rf/gntv_or_sync_fifo.mem/gbm.gbmg.gbmga.ngecc.bmg/inst_blk_mem_gen/gnbram.gnativebmg.native_blk_mem_gen/valid.cstr/ramloop[0].ram.r/prim_noinit.ram/doutb[4].
INFO: [Physopt 32-703] Processed net hash/fifo1/U0/inst_fifo_gen/gconvfifo.rf/grf.rf/gntv_or_sync_fifo.mem/gbm.gbmg.gbmga.ngecc.bmg/inst_blk_mem_gen/gnbram.gnativebmg.native_blk_mem_gen/valid.cstr/ramloop[0].ram.r/prim_noinit.ram/doutb[4]. Clock skew was adjusted for instance hash/fifo1/U0/inst_fifo_gen/gconvfifo.rf/grf.rf/gntv_or_sync_fifo.mem/gbm.gbmg.gbmga.ngecc.bmg/inst_blk_mem_gen/gnbram.gnativebmg.native_blk_mem_gen/valid.cstr/ramloop[0].ram.r/prim_noinit.ram/DEVICE_7SERIES.NO_BMM_INFO.SDP.WIDE_PRIM18.ram.
INFO: [Physopt 32-952] Improved path group WNS = -0.146. Path group: clk. Processed net: hash/fifo1/U0/inst_fifo_gen/gconvfifo.rf/grf.rf/gntv_or_sync_fifo.mem/gbm.gbmg.gbmga.ngecc.bmg/inst_blk_mem_gen/gnbram.gnativebmg.native_blk_mem_gen/valid.cstr/ramloop[0].ram.r/prim_noinit.ram/doutb[4].
INFO: [Physopt 32-953] Path group WNS did not improve. Path group: clk. Processed net: ntt/BU/sum_in1_reg[7].
INFO: [Physopt 32-703] Processed net ntt/in1_butt_reg_n_0_[12]. Clock skew was adjusted for instance ntt/in1_butt_reg[12].
INFO: [Physopt 32-952] Improved path group WNS = -0.139. Path group: clk. Processed net: ntt/in1_butt_reg_n_0_[12].
INFO: [Physopt 32-703] Processed net DFIFO0/U0/inst_fifo_gen/gconvfifo.rf/grf.rf/gntv_or_sync_fifo.mem/gbm.gbmg.gbmga.ngecc.bmg/inst_blk_mem_gen/gnbram.gnativebmg.native_blk_mem_gen/valid.cstr/ramloop[0].ram.r/prim_noinit.ram/doutb[4]. Clock skew was adjusted for instance DFIFO0/U0/inst_fifo_gen/gconvfifo.rf/grf.rf/gntv_or_sync_fifo.mem/gbm.gbmg.gbmga.ngecc.bmg/inst_blk_mem_gen/gnbram.gnativebmg.native_blk_mem_gen/valid.cstr/ramloop[0].ram.r/prim_noinit.ram/DEVICE_7SERIES.NO_BMM_INFO.SDP.WIDE_PRIM18.ram.
INFO: [Physopt 32-952] Improved path group WNS = -0.131. Path group: clk. Processed net: DFIFO0/U0/inst_fifo_gen/gconvfifo.rf/grf.rf/gntv_or_sync_fifo.mem/gbm.gbmg.gbmga.ngecc.bmg/inst_blk_mem_gen/gnbram.gnativebmg.native_blk_mem_gen/valid.cstr/ramloop[0].ram.r/prim_noinit.ram/doutb[4].
INFO: [Physopt 32-663] Processed net hash/hash/RoundFunction/Reg/Q[1400].  Re-placed instance hash/hash/RoundFunction/Reg/Q_buf_reg[1400]
INFO: [Physopt 32-952] Improved path group WNS = -0.131. Path group: clk. Processed net: hash/hash/RoundFunction/Reg/Q[1400].
INFO: [Physopt 32-953] Path group WNS did not improve. Path group: clk. Processed net: hash/hash/RoundFunction/Reg/Q[1528].
INFO: [Physopt 32-703] Processed net state[0]_repN. Clock skew was adjusted for instance state_reg[0]_replica.
INFO: [Physopt 32-952] Improved path group WNS = -0.116. Path group: clk. Processed net: state[0]_repN.
INFO: [Physopt 32-703] Processed net DFIFO1/U0/inst_fifo_gen/gconvfifo.rf/grf.rf/gntv_or_sync_fifo.mem/gbm.gbmg.gbmga.ngecc.bmg/inst_blk_mem_gen/gnbram.gnativebmg.native_blk_mem_gen/valid.cstr/ramloop[0].ram.r/prim_noinit.ram/doutb[4]. Clock skew was adjusted for instance DFIFO1/U0/inst_fifo_gen/gconvfifo.rf/grf.rf/gntv_or_sync_fifo.mem/gbm.gbmg.gbmga.ngecc.bmg/inst_blk_mem_gen/gnbram.gnativebmg.native_blk_mem_gen/valid.cstr/ramloop[0].ram.r/prim_noinit.ram/DEVICE_7SERIES.NO_BMM_INFO.SDP.WIDE_PRIM18.ram.
INFO: [Physopt 32-952] Improved path group WNS = -0.062. Path group: clk. Processed net: DFIFO1/U0/inst_fifo_gen/gconvfifo.rf/grf.rf/gntv_or_sync_fifo.mem/gbm.gbmg.gbmga.ngecc.bmg/inst_blk_mem_gen/gnbram.gnativebmg.native_blk_mem_gen/valid.cstr/ramloop[0].ram.r/prim_noinit.ram/doutb[4].
INFO: [Physopt 32-953] Path group WNS did not improve. Path group: clk. Processed net: hash/fifo0/U0/inst_fifo_gen/gconvfifo.rf/grf.rf/gntv_or_sync_fifo.mem/gbm.gbmg.gbmga.ngecc.bmg/inst_blk_mem_gen/gnbram.gnativebmg.native_blk_mem_gen/valid.cstr/ramloop[0].ram.r/prim_noinit.ram/doutb[26].
INFO: [Physopt 32-953] Path group WNS did not improve. Path group: clk. Processed net: OFIFO/U0/inst_fifo_gen/gconvfifo.rf/grf.rf/gntv_or_sync_fifo.mem/gbm.gbmg.gbmga.ngecc.bmg/inst_blk_mem_gen/gnbram.gnativebmg.native_blk_mem_gen/valid.cstr/ramloop[0].ram.r/prim_noinit.ram/doutb[9].
INFO: [Physopt 32-710] Processed net hash/ififo_din[9]. Critical path length was reduced through logic transformation on cell hash/fifo0_i_25_comp.
INFO: [Physopt 32-735] Processed net hash/fifo0_i_120_n_0. Optimization improves timing on the net.
INFO: [Physopt 32-668] Current Timing Summary | WNS=0.006 | TNS=0.000 | WHS=0.061 | THS=0.000 |
INFO: [Physopt 32-668] Current Timing Summary | WNS=0.006 | TNS=0.000 | WHS=0.061 | THS=0.000 |
Netlist sorting complete. Time (s): cpu = 00:00:00 ; elapsed = 00:00:00.023 . Memory (MB): peak = 1863.609 ; gain = 0.000
Phase 2 Critical Path Optimization | Checksum: 1ba3eecb5

Time (s): cpu = 00:01:09 ; elapsed = 00:01:02 . Memory (MB): peak = 1863.609 ; gain = 0.000

Phase 3 Hold Fix Optimization
INFO: [Physopt 32-668] Current Timing Summary | WNS=0.006 | TNS=0.000 | WHS=0.061 | THS=0.000 |
INFO: [Physopt 32-1493] The number of hold_fix net fail limit is 5.
INFO: [Physopt 32-66] No high hold slack nets found for hold slack optimization.
INFO: [Physopt 32-668] Current Timing Summary | WNS=0.006 | TNS=0.000 | WHS=0.061 | THS=0.000 |
Phase 3 Hold Fix Optimization | Checksum: 1ba3eecb5

Time (s): cpu = 00:01:09 ; elapsed = 00:01:02 . Memory (MB): peak = 1863.609 ; gain = 0.000
Netlist sorting complete. Time (s): cpu = 00:00:00 ; elapsed = 00:00:00.012 . Memory (MB): peak = 1863.609 ; gain = 0.000
INFO: [Physopt 32-669] Post Physical Optimization Timing Summary | WNS=0.006 | TNS=0.000 | WHS=0.061 | THS=0.000 |

Summary of Physical Synthesis Optimizations
============================================


-------------------------------------------------------------------------------------------------------------------------------------------------------------
|  Optimization   |  WNS Gain (ns)  |  TNS Gain (ns)  |  Added Cells  |  Removed Cells  |  Optimized Cells/Nets  |  Dont Touch  |  Iterations  |  Elapsed   |
-------------------------------------------------------------------------------------------------------------------------------------------------------------
|  Critical Path  |          0.363  |          3.083  |            0  |              0  |                    12  |           0  |           1  |  00:00:60  |
-------------------------------------------------------------------------------------------------------------------------------------------------------------


Summary of Hold Fix Optimizations
=================================


--------------------------------------------------------------------------------------------------------------------------------------------------------------
|  Optimization               |  WHS Gain (ns)  |  THS Gain (ns)  |  Added LUTs  |  Added FFs  |  Optimized Nets  |  Dont Touch  |  Iterations  |  Elapsed   |
--------------------------------------------------------------------------------------------------------------------------------------------------------------
|  LUT1 and ZHOLD Insertion   |          0.000  |          0.000  |           0  |          0  |               0  |           0  |           0  |  00:00:00  |
|  Total                      |          0.000  |          0.000  |           0  |          0  |               0  |           0  |           0  |  00:00:00  |
--------------------------------------------------------------------------------------------------------------------------------------------------------------


Netlist sorting complete. Time (s): cpu = 00:00:00 ; elapsed = 00:00:00.011 . Memory (MB): peak = 1863.609 ; gain = 0.000
Ending Physical Synthesis Task | Checksum: 1554f7ebf

Time (s): cpu = 00:01:09 ; elapsed = 00:01:02 . Memory (MB): peak = 1863.609 ; gain = 0.000
INFO: [Common 17-83] Releasing license: Implementation
1383 Infos, 1 Warnings, 0 Critical Warnings and 0 Errors encountered.
phys_opt_design completed successfully
phys_opt_design: Time (s): cpu = 00:01:23 ; elapsed = 00:01:13 . Memory (MB): peak = 1863.609 ; gain = 0.000
INFO: [Timing 38-480] Writing timing data to binary archive.
Wrote PlaceDB: Time (s): cpu = 00:00:00 ; elapsed = 00:00:00.006 . Memory (MB): peak = 1863.609 ; gain = 0.000
Wrote PulsedLatchDB: Time (s): cpu = 00:00:00 ; elapsed = 00:00:00.002 . Memory (MB): peak = 1863.609 ; gain = 0.000
Writing XDEF routing.
Write ShapeDB Complete: Time (s): cpu = 00:00:00 ; elapsed = 00:00:00.082 . Memory (MB): peak = 1863.609 ; gain = 0.000
Writing XDEF routing logical nets.
Writing XDEF routing special nets.
Wrote RouteStorage: Time (s): cpu = 00:00:02 ; elapsed = 00:00:00.728 . Memory (MB): peak = 1863.609 ; gain = 0.000
Wrote PlaceStorage: Time (s): cpu = 00:00:03 ; elapsed = 00:00:01 . Memory (MB): peak = 1863.609 ; gain = 0.000
Wrote Netlist Cache: Time (s): cpu = 00:00:00 ; elapsed = 00:00:00.048 . Memory (MB): peak = 1863.609 ; gain = 0.000
Wrote Device Cache: Time (s): cpu = 00:00:00 ; elapsed = 00:00:00.021 . Memory (MB): peak = 1863.609 ; gain = 0.000
Write Physdb Complete: Time (s): cpu = 00:00:05 ; elapsed = 00:00:02 . Memory (MB): peak = 1863.609 ; gain = 0.000
INFO: [Common 17-1381] The checkpoint 'C:/Users/aysha/Desktop/project/CRYSTALS-Kyber/Crystals-kyber/final_timing_only_variants/v1_more_global/Kyber_Server_v1_more_global.dcp' has been generated.
INFO: [Timing 38-91] UpdateTimingParams: Speed grade: -1, Delay Type: min_max.
INFO: [Timing 38-191] Multithreading enabled for timing update using a maximum of 2 CPUs
report_timing_summary: Time (s): cpu = 00:00:13 ; elapsed = 00:00:08 . Memory (MB): peak = 1863.609 ; gain = 0.000
INFO: [Timing 38-91] UpdateTimingParams: Speed grade: -1, Delay Type: max.
INFO: [Timing 38-191] Multithreading enabled for timing update using a maximum of 2 CPUs
INFO: [Timing 38-78] ReportTimingParams: -max_paths 10 -nworst 1 -delay_type max -sort_by slack.
WARNING: [Vivado 12-975] No timing paths matched 'get_timing_paths -setup -max_paths 1000 -slack_lesser_than 0'.
VARIANT_RESULT v1_more_global WNS=0.006 FAILING=0
VARIANT_SUCCESS v1_more_global
WIN_CLOCK clk PERIOD=5.952 FREQ_MHZ=168.01075268817203
INFO: [Common 17-206] Exiting Vivado at Sat Aug 22 18:25:22 2026...
